Date,Close,High,Low,Open,Volume,RSI_14,EMA_12,EMA_26,Daily_Return,fng_value,Future_Close,Future_Return,ret_1,ret_5,rsi,close_ema12,close_ema26,ema_cross,vol_chg,volatility,fng,Signal
2020-02-14,10312.1162109375,10321.99609375,10125.5341796875,10211.55078125,43338264162,71.18267931289975,9921.658581101683,9463.92817978741,0.009568503349817403,63.0,9633.38671875,-0.06581864268244074,0.009568503349817403,0.019318838002778893,0.7118267931289975,0.03935406833889066,0.08962325316052255,0.04836579405704611,0.23268127153041948,0.021015132339532342,0.63,0
2020-02-15,9889.4248046875,10341.5556640625,9874.427734375,10313.8564453125,43865054831,59.11193740136407,9916.699538576424,9495.446448298528,-0.0409897830477971,64.0,9608.4755859375,-0.028409055561738287,-0.0409897830477971,0.0033290829343011197,0.5911193740136407,-0.0027503842163235648,0.041491293593632905,0.04436369501650761,0.213675542598931,0.02298236883245013,0.64,0
2020-02-16,9934.43359375,10053.96875,9722.38671875,9889.1796875,43374780305,59.891858669928105,9919.427854756974,9527.964014628265,0.004551203932625647,59.0,9686.44140625,-0.024962891458252645,0.004551203932625647,-0.02682174722196018,0.598918586699281,0.0015127625517059595,0.04266069629331959,0.041085780711146214,0.18186253802069643,0.02277572332234262,0.59,0
2020-02-17,9690.142578125,9938.8154296875,9507.6376953125,9936.560546875,45998298413,53.884134408289206,9884.153196813593,9539.97724155395,-0.024590331529186438,49.0,9663.181640625,-0.0027823055525377856,-0.024590331529186438,-0.06158325988189761,0.5388413440828921,-0.019628451201174957,0.015740638868294576,0.036077230222362866,0.22467781253206143,0.02420764302586761,0.49,1
2020-02-18,10141.99609375,10161.935546875,9632.3828125,9691.23046875,47271023953,61.56402387260953,9923.82133480381,9584.571230605508,0.0466302236506857,53.0,9924.515625,-0.02144355674560181,0.0466302236506857,-0.00708645947115194,0.6156402387260953,0.021984954342238128,0.05815856022484556,0.035395438777167776,0.22964787379201834,0.028493596064888684,0.53,0
2020-02-19,9633.38671875,10191.67578125,9611.2236328125,10143.798828125,46992019710,51.223446679837856,9879.139086180148,9588.187192690286,-0.05014884351152826,50.0,9650.1748046875,0.0017426982252071754,-0.05014884351152826,-0.06581864268244075,0.5122344667983786,-0.024875889010807617,0.004714084649303896,0.030344828239448063,0.20446769246412885,0.031752350595504755,0.5,1
2020-02-20,9608.4755859375,9643.216796875,9507.900390625,9629.3251953125,44925260237,50.77361537957439,9837.49854768128,9589.690036634523,-0.0025859164113087862,44.0,9341.705078125,-0.02776408239023185,-0.0025859164113087862,-0.02840905556173834,0.5077361537957439,-0.023280609459176094,0.0019589318561092917,0.025841138775088535,0.1394675881339097,0.030860075654844436,0.44,0
2020-02-21,9686.44140625,9723.0146484375,9589.7431640625,9611.7822265625,40930547513,52.1887774549676,9814.258987461082,9596.856804754188,0.008114275736580634,44.0,8820.5224609375,-0.08939495001268284,0.008114275736580634,-0.02496289145825259,0.5218877745496759,-0.013023660917689694,0.009334785682269642,0.022653477813610268,0.0273230810344287,0.028228617126924017,0.44,0
2020-02-22,9663.181640625,9698.2314453125,9600.728515625,9687.70703125,35838025154,51.71116207492158,9791.01631871707,9601.769755559433,-0.002401270461409255,43.0,8784.494140625,-0.09093148951127114,-0.002401270461409255,-0.0027823055525377782,0.5171116207492158,-0.013056323667614889,0.006395892281213067,0.01970955021578824,-0.11180443240434428,0.027666553491167957,0.43,0
2020-02-23,9924.515625,9937.404296875,9657.791015625,9663.318359375,41185185761,56.525244952203856,9811.554673529829,9625.676856999475,0.02704430011708836,46.0,8672.455078125,-0.1261583531312139,0.02704430011708836,-0.021443556745601833,0.5652524495220386,0.011513053254946781,0.0310460004465265,0.01931062296104291,0.014556697804966446,0.029504326439349856,0.46,0
2020-02-24,9650.1748046875,9951.74609375,9537.04296875,9921.5830078125,45080496648,50.79981429078218,9786.727001400239,9627.49151979118,-0.027642741538078885,46.0,8599.5087890625,-0.10887533509907477,-0.027642741538078885,0.0017426982252071177,0.5079981429078217,-0.013952795116610628,0.00235609502742129,0.016539664696844314,0.08639243530261607,0.030155191402499677,0.46,0
2020-02-25,9341.705078125,9652.7373046875,9305.021484375,9651.3125,42515259129,45.24985614171664,9718.262090127126,9606.322153741832,-0.031965195740564556,44.0,8562.4541015625,-0.08341635387176081,-0.031965195740564556,-0.02776408239023187,0.45249856141716643,-0.03874736125759293,-0.02754613798931982,0.011652736041305012,0.019025444317873987,0.029115528862507692,0.44,0
2020-02-26,8820.5224609375,9354.7783203125,8704.4267578125,9338.2900390625,50420050762,37.74634479591618,9580.148301021029,9548.11476908966,-0.05579095174048332,41.0,8869.669921875,0.005571944423377876,-0.05579095174048332,-0.08939495001268283,0.3774634479591618,-0.07929165772961677,-0.07620271914908394,0.0033549588275867404,0.17433562813158285,0.032859410022749155,0.41,1
2020-02-27,8784.494140625,8932.892578125,8577.19921875,8825.09375,45470195695,37.286053737870226,9457.73996865241,9491.550278092276,-0.0040846016176541156,39.0,8787.7861328125,0.00037475034245577866,-0.0040846016176541156,-0.09093148951127117,0.3728605373787023,-0.07118464138989611,-0.07449321941635323,-0.0035621482739132126,0.05816266629581535,0.032578840859181994,0.39,1
2020-02-28,8672.455078125,8890.4560546875,8492.9326171875,8788.728515625,44605450443,35.82309889255835,9336.92690857127,9430.876559576182,-0.012754184897438958,40.0,8755.24609375,0.0095464334930749,-0.012754184897438958,-0.12615835313121393,0.35823098892558347,-0.07116600964673792,-0.08041898085083876,-0.009961921398442541,0.02802725423956922,0.02600326693984289,0.4,1
2020-02-29,8599.5087890625,8775.6318359375,8599.5087890625,8671.212890625,35792392544,34.863964010987445,9223.477967108382,9369.293761760353,-0.008411261679117432,38.0,9078.7626953125,0.05573038158406804,-0.008411261679117432,-0.10887533509907477,0.34863964010987447,-0.0676500968800492,-0.08216040528472246,-0.01556315751856352,-0.19207557302522824,0.022943862788974898,0.38,2
2020-03-01,8562.4541015625,8726.796875,8471.212890625,8599.7587890625,35349164300,34.3606916663157,9121.78198779363,9309.527861004957,-0.0043089307085921735,39.0,9122.5458984375,0.06541253129436254,-0.0043089307085921735,-0.08341635387176083,0.343606916663157,-0.061317830987366206,-0.08024829729246985,-0.020167067118166293,-0.19987094722746981,0.02287963607039973,0.39,2
2020-03-02,8869.669921875,8921.30859375,8532.630859375,8563.2646484375,42857674409,41.85488113615159,9082.995516113842,9276.945791439775,0.03587941221856461,38.0,8909.9541015625,0.004541790172839278,0.03587941221856461,0.005571944423377939,0.4185488113615159,-0.023486259996538417,-0.04390193483081317,-0.02090669490651753,-0.013276677298565213,0.026830233727515227,0.38,1
2020-03-03,8787.7861328125,8901.5986328125,8704.990234375,8865.3876953125,42386715821,40.52674843113444,9037.578687913636,9240.711742652571,-0.009231886844013548,38.0,8108.1162109375,-0.07734256519252296,-0.009231886844013548,0.00037475034245582073,0.4052674843113444,-0.02763932284597359,-0.04901414766023826,-0.021982403563280628,-0.02310809244859961,0.02674613093270868,0.38,0
2020-03-04,8755.24609375,8843.3662109375,8712.431640625,8788.5419921875,34746706368,39.98376834334827,8994.142904196153,9204.751324215344,-0.0037028710724991143,40.0,7923.64453125,-0.09498323103603509,-0.0037028710724991143,0.009546433493074824,0.3998376834334827,-0.02656137588548846,-0.04883404392281743,-0.022880403022418894,-0.20487515334398002,0.023722336835627057,0.4,0
2020-03-05,9078.7626953125,9142.0546875,8757.25390625,8760.28515625,39698054597,47.51309732436925,9007.161333598668,9195.418833185504,0.03695117168590434,41.0,7909.7294921875,-0.12876569664372758,0.03695117168590434,0.055730381584067956,0.47513097324369247,0.007949381504552822,-0.0126863321822821,-0.020472966267445103,-0.06738079807754221,0.02753792564142984,0.41,0
2020-03-06,9122.5458984375,9167.6953125,9032.0791015625,9078.30859375,40826885651,48.45556182925582,9024.912805112335,9190.020838018985,0.004822595830994203,39.0,7911.43017578125,-0.13276071571902845,0.004822595830994203,0.06541253129436253,0.4845556182925582,0.010818175802192576,-0.0073421965815727575,-0.017966012897772776,-0.03575848914519876,0.026063280938838328,0.39,0
2020-03-07,8909.9541015625,9163.220703125,8890.744140625,9121.6005859375,36216930370,44.29639714296639,9007.226850720053,9169.275153837023,-0.02330399860322019,38.0,4970.7880859375,-0.44210845204401283,-0.02330399860322019,0.004541790172839288,0.4429639714296639,-0.010799411491426714,-0.028281521486025696,-0.017672967644466242,-0.14707846872441183,0.019923766751496787,0.38,0
2020-03-08,8108.1162109375,8914.34375,8105.2529296875,8908.2060546875,39973102121,32.845038541098646,8868.902136907353,9090.670787696317,-0.08999349283790192,33.0,5563.70703125,-0.3138101518889433,-0.08999349283790192,-0.07734256519252292,0.3284503854109865,-0.08578129674065205,-0.10808383668327826,-0.02439519106655097,-0.041191991310456325,0.035151129226373944,0.33,0
2020-03-09,7923.64453125,8177.79345703125,7690.09814453125,8111.146484375,46936995808,30.86795816957246,8723.477889883145,9004.224398329925,-0.022751484424786028,17.0,5200.3662109375,-0.3436901175427777,-0.022751484424786028,-0.09498323103603512,0.3086795816957246,-0.09168744034540777,-0.12000810056225919,-0.0311794215722625,0.11980845095678055,0.035460958635909944,0.17,0
2020-03-10,7909.7294921875,8136.9453125,7814.76318359375,7922.14697265625,42213940994,30.717753508130585,8598.2858286992,8923.150701578634,-0.0017561412564156553,16.0,5392.31494140625,-0.3182680966862039,-0.0017561412564156553,-0.1287656966437276,0.30717753508130585,-0.08008065214736748,-0.1135721275235041,-0.03640696921345965,0.019507039820995307,0.035523224798122345,0.16,0
2020-03-11,7911.43017578125,7950.814453125,7642.8125,7910.08984375,38682762605,30.76209835717664,8492.615728250285,8848.208440408456,0.00021501160000858555,17.0,5014.47998046875,-0.3661727564986602,0.00021501160000858555,-0.13276071571902848,0.3076209835717664,-0.0684342222780372,-0.10587208370330414,-0.04018810299882092,-0.06028129564223923,0.035600491430222606,0.17,0
2020-03-12,4970.7880859375,7929.1162109375,4860.35400390625,7913.6162109375,53980357243,14.034712582297487,7950.796090971395,8560.992117855052,-0.37169538560117077,14.0,5225.62939453125,0.051267787760798586,-0.37169538560117077,-0.44210845204401283,0.14034712582297487,-0.3748062421595584,-0.41936775346746547,-0.07127632153883368,0.2571886588063913,0.11819232370002207,0.14,2
2020-03-13,5563.70703125,5838.11474609375,4106.98095703125,5017.8310546875,74156772075,23.112980288540413,7583.551620245026,8338.971000328753,0.11928067241286833,10.0,5238.4384765625,-0.058462559739494734,0.11928067241286833,-0.31381015188894323,0.23112980288540413,-0.26634546583725427,-0.3328065260053479,-0.09058904030892367,0.5298691903764237,0.12934218745795834,0.1,0
2020-03-14,5200.3662109375,5625.2265625,5125.0693359375,5573.07763671875,36154506008,21.607134205671343,7216.907711120791,8106.481756670141,-0.06530552710121185,8.0,6191.19287109375,0.19053017036998784,-0.06530552710121185,-0.3436901175427777,0.21607134205671344,-0.27941905049941684,-0.35849282499666935,-0.10973614352704797,-0.18273205919809224,0.12914256210734915,0.08,2
2020-03-15,5392.31494140625,5836.64501953125,5169.283203125,5201.06689453125,33997889639,24.40901947863793,6936.2011311647075,7905.43236294689,0.036910617960911996,12.0,6198.7783203125,0.1495579148602055,0.036910617960911996,-0.3182680966862039,0.2440901947863793,-0.2225838265879716,-0.3178975299718877,-0.12260319072806336,-0.2313859623773167,0.12913983054725148,0.12,2
2020-03-16,5014.47998046875,5385.2294921875,4575.35791015625,5385.2294921875,45368026430,22.689892979600614,6640.55172336533,7691.287742022583,-0.07006915676163483,9.0,6185.06640625,0.23344124023640522,-0.07006915676163483,-0.3661727564986602,0.22689892979600615,-0.2448699762664467,-0.34803115568393894,-0.13661379653193684,0.053799852039985024,0.128333208264966,0.09,2
2020-03-17,5225.62939453125,5371.3486328125,4981.9091796875,5002.578125,38622642935,25.833565683513285,6422.871365083163,7508.646382949151,0.04210793838741411,8.0,5830.2548828125,0.11570385931195303,0.04210793838741411,0.051267787760798544,0.2583356568351329,-0.1864029189593479,-0.30405173875310487,-0.1446032963187076,-0.09335348015444499,0.1314099523741965,0.08,2
2020-03-18,5238.4384765625,5331.833984375,5069.3359375,5227.11376953125,37878801016,26.03006863376578,6240.650920695369,7340.482834327918,0.0024512036855608432,11.0,6416.31494140625,0.22485259111350311,0.0024512036855608432,-0.05846255973949477,0.2603006863376578,-0.16059421635158477,-0.2863632277614171,-0.14983100409814498,-0.10380854208093025,0.1309332450477972,0.11,2
2020-03-19,6191.19287109375,6329.73583984375,5236.96875,5245.41650390625,51000731797,38.98034557581046,6233.041989987428,7255.35024445872,0.18187755736638023,12.0,6734.8037109375,0.0878038935568994,0.18187755736638023,0.19053017036998776,0.3898034557581046,-0.006714076202423036,-0.14667208852911284,-0.14090405287492236,0.18605923720761705,0.14764699527124772,0.12,2
2020-03-20,6198.7783203125,6844.26171875,5865.78173828125,6191.65380859375,54442976103,39.07180473036829,6227.770656191285,7177.085657484926,0.001225199953657663,9.0,6681.06298828125,0.07780318040869003,0.001225199953657663,0.14955791486020553,0.3907180473036829,-0.004655331334329382,-0.13630983157518217,-0.13227026213677806,0.22958840629554866,0.14767432822248516,0.09,2
2020-03-21,6185.06640625,6378.13525390625,5932.8232421875,6206.521484375,42494390880,38.9581318088075,6221.200771584933,7103.602749986042,-0.00221203491300348,9.0,6716.4404296875,0.08591242009957199,-0.00221203491300348,0.23344124023640522,0.389581318088075,-0.0058082622087966,-0.12930570248144113,-0.12421893642670867,-0.026415143182926887,0.14765346686889663,0.09,2
2020-03-22,5830.2548828125,6359.697265625,5823.7138671875,6185.55810546875,40099664740,36.03653119402327,6161.0552502353285,7009.280685750965,-0.05736583896317804,11.0,6469.79833984375,0.10969391045263117,-0.05736583896317804,0.11570385931195304,0.3603653119402327,-0.053692160512631815,-0.16820924368677148,-0.12101461955147241,-0.08125370552524672,0.0812076848391186,0.11,2
2020-03-23,6416.31494140625,6443.9345703125,5785.00439453125,5831.37451171875,46491916000,43.56490349210462,6200.325971953932,6965.357297280986,0.10052048673231173,10.0,6242.19384765625,-0.027137242379788522,0.10052048673231173,0.2248525911135031,0.4356490349210462,0.034835099062421104,-0.07882472247174765,-0.10983375190612166,0.061948591642924156,0.07881218875256368,0.1,0
2020-03-24,6734.8037109375,6789.02294921875,6411.06640625,6436.642578125,48221910672,47.201752491949165,6282.553316412943,6948.279253848135,0.04963733427047878,12.0,5922.04296875,-0.1206806875258376,0.04963733427047878,0.08780389355689944,0.47201752491949167,0.07198512638851295,-0.03072351226994896,-0.09581162660762321,0.08318315611752178,0.07368765226094348,0.12,0
2020-03-25,6681.06298828125,6892.51123046875,6536.92626953125,6738.716796875,44590107888,46.655401182322606,6343.862496700375,6928.4854563987365,-0.007979552925792555,13.0,6429.841796875,-0.03760197918308781,-0.007979552925792555,0.07780318040869005,0.4665540118232261,0.05315381469195812,-0.03571090242947428,-0.08437961851510245,-0.0006155896810056224,0.07448197794252169,0.13,0
2020-03-26,6716.4404296875,6735.4638671875,6590.962890625,6675.1708984375,35319797642,47.08957409410173,6401.182178698394,6912.778417383089,0.005295181540467819,14.0,6438.64453125,-0.04136058397981283,0.005295181540467819,0.085912420099572,0.47089574094101727,0.04925000448170502,-0.028402181560148287,-0.07400732495608697,-0.2274934245272606,0.06737792240551156,0.14,0
2020-03-27,6469.79833984375,6793.83642578125,6466.70166015625,6719.38916015625,34585598367,44.37774123394402,6411.738511182295,6879.965078306101,-0.03672214358569481,12.0,6606.7763671875,0.02117191605496905,-0.03672214358569481,0.1096939104526311,0.44377741233944024,0.00905523962965682,-0.05961756110589689,-0.06805653252517474,-0.24665853403833837,0.07054325965711665,0.12,1
2020-03-28,6242.19384765625,6467.5009765625,6117.837890625,6467.25390625,34885225901,41.97541765619712,6385.654716793673,6832.72276492463,-0.035179534234601295,8.0,6793.62451171875,0.08833924058118527,-0.035179534234601295,-0.02713724237978854,0.4197541765619712,-0.0224661174930324,-0.08642658828480854,-0.06543043871558107,-0.23226827307487416,0.0727696461684942,0.08,2
2020-03-29,5922.04296875,6250.46728515625,5920.0859375,6245.62451171875,28373690931,38.794211651600214,6314.329832479261,6765.265002245028,-0.051288198783903005,12.0,6733.38720703125,0.13700411202056934,-0.051288198783903005,-0.1206806875258376,0.38794211651600213,-0.062126444790932545,-0.12463991184605594,-0.06665447245837752,-0.41755207042244613,0.04837090900469767,0.12,2
2020-03-30,6429.841796875,6517.19580078125,5903.234375,5925.53857421875,37101651525,45.8094439134826,6332.10090392476,6740.418838884286,0.08574723804008189,10.0,6867.52734375,0.06807096670523399,0.08574723804008189,-0.03760197918308783,0.45809443913482606,0.01543577628234849,-0.04607681650547024,-0.06057753156287726,-0.14340150451797756,0.056045925349701584,0.1,2
2020-03-31,6438.64453125,6504.51513671875,6374.162109375,6430.6064453125,32786468812,45.92514980403841,6348.492231205566,6718.065186466932,0.0013690436954885143,12.0,6791.12939453125,0.05474519700077595,0.0013690436954885143,-0.04136058397981279,0.4592514980403841,0.01420058444764205,-0.04159242988290812,-0.05501181441434122,-0.26013870741980694,0.05600582838490071,0.12,2
2020-04-01,6606.7763671875,6612.57373046875,6202.37353515625,6437.3193359375,40346426266,48.200129762736964,6388.228252125864,6709.82157022401,0.026112924097839496,12.0,7271.78125,0.1006549708743346,0.026112924097839496,0.021171916054969042,0.48200129762736965,0.03421106861498058,-0.015357368591408016,-0.047928743668128604,-0.03649242938877545,0.05166334580110372,0.12,2
2020-04-02,6793.62451171875,7088.24755859375,6595.91845703125,6606.7763671875,47660646124,50.68326342865854,6450.596907447846,6716.029195519917,0.028281287899985408,14.0,7176.41455078125,0.0563454807374475,0.028281287899985408,0.08833924058118536,0.5068326342865854,0.053177653043991135,0.011553749088910159,-0.039522205807135835,0.1622818825247322,0.042403206242093046,0.14,2
2020-04-03,6733.38720703125,7003.220703125,6673.3359375,6797.396484375,38976504903,49.8535484563427,6494.103107383755,6717.314974150387,-0.008866740365705117,14.0,7334.0986328125,0.08921385438133798,-0.008866740365705117,0.1370041120205694,0.498535484563427,0.03684636595551294,0.0023926573255403927,-0.03322932862692862,-0.042341201721298086,0.039747148929481384,0.14,2
2020-04-04,6867.52734375,6878.95361328125,6696.48486328125,6738.3828125,33185988584,51.74789116994405,6551.552989901638,6728.441816342951,0.01992164308903499,12.0,7302.08935546875,0.06327779853898015,0.01992164308903499,0.06807096670523394,0.5174789116994405,0.04822892439935922,0.020671283367453608,-0.026289716292360765,-0.2021736256617658,0.040050104865268485,0.12,2
2020-04-05,6791.12939453125,6883.4140625,6715.92919921875,6862.53759765625,29510409856,50.576044355512956,6588.410898306194,6733.085340653195,-0.011124520572645125,12.0,6865.4931640625,0.01095013291767545,-0.011124520572645125,0.05474519700077596,0.5057604435551295,0.030768951626434227,0.008620721547608401,-0.021487094701367004,-0.2998466273859701,0.040302619109725504,0.12,1
2020-04-06,7271.78125,7271.78125,6782.8896484375,6788.0498046875,46896904615,57.15047050034821,6693.54479856678,6772.988741345551,0.0707764242948763,12.0,6859.0830078125,-0.0567533906754277,0.0707764242948763,0.1006549708743345,0.5715047050034822,0.08638717881697477,0.07364437292056647,-0.011729525297127341,0.1530282553068508,0.04311678057418248,0.12,0
2020-04-07,7176.41455078125,7427.939453125,7136.71435546875,7273.64404296875,44243482668,55.5709722242403,6767.8324527536215,6802.872134637084,-0.013114627068677276,20.0,6971.091796875,-0.028610771082601107,-0.013114627068677276,0.056345480737447495,0.555709722242403,0.06037118987208223,0.05490951597374005,-0.0051507188713803,0.08690784944947658,0.04090950473639294,0.2,0
2020-04-08,7334.0986328125,7356.2236328125,7153.3056640625,7179.283203125,37563249549,57.65488002327228,6854.950326608834,6842.22224561304,0.02197254365887824,21.0,6845.03759765625,-0.0666831821661367,0.02197254365887824,0.08921385438133789,0.5765488002327228,0.06989814416944173,0.07188839671421543,0.0018602261865952041,-0.060070684483802234,0.03368495918131558,0.21,0
2020-04-09,7302.08935546875,7341.4482421875,7179.09423828125,7337.96630859375,34815139178,57.069699351115,6923.740946433436,6876.286475972723,-0.004364445986660415,22.0,6842.427734375,-0.06294932843426462,-0.004364445986660415,0.06327779853898008,0.57069699351115,0.05464508449441752,0.06192337695409833,0.006901177056326757,-0.11113364798814739,0.025929023396798912,0.22,0
2020-04-10,6865.4931640625,7303.8154296875,6802.47509765625,7303.8154296875,43622840992,49.66521265873014,6914.779749145599,6875.48697138678,-0.05979058460566089,15.0,6642.10986328125,-0.0325371091985864,-0.05979058460566089,0.010950132917675548,0.4966521265873014,-0.007127715830600345,-0.0014535417441514653,0.005714908329016,0.11294579365083288,0.03472391778805604,0.15,0
2020-04-11,6859.0830078125,6926.06982421875,6789.9208984375,6867.4404296875,31222085946,49.56353512501872,6906.211019709738,6874.271862973871,-0.0009336774645052337,15.0,7116.80419921875,0.03757370935921105,-0.0009336774645052337,-0.05675339067542773,0.49563535125018715,-0.006824004039659215,-0.0022095220358073764,0.004646187606849983,-0.21005191991389843,0.03411611049898375,0.15,2
2020-04-12,6971.091796875,7119.947265625,6811.078125,6858.06787109375,35759567632,51.43451287539822,6916.192677735163,6881.44370992951,0.016329994685138294,10.0,7096.1845703125,0.0179445023939545,0.016329994685138294,-0.028610771082601127,0.5143451287539822,0.007937766007672264,0.013027511482239351,0.00504966243573457,-0.06033096529830661,0.03338318957058459,0.1,1
2020-04-13,6845.03759765625,6965.61669921875,6668.259765625,6965.61669921875,38619308647,49.22157418428147,6905.245742338407,6878.746960872232,-0.018082418492216368,11.0,7257.6650390625,0.06028125273519815,-0.018082418492216368,-0.06668318216613667,0.49221574184281475,-0.008719189284314699,-0.004900509265383435,0.0038522686787150207,0.029324651504747078,0.033873256689077536,0.11,2
2020-04-14,6842.427734375,6958.55712890625,6793.8212890625,6843.28173828125,34110434052,49.17440059205828,6895.581433420959,6876.056647798363,-0.0003812781513637953,15.0,7189.4248046875,0.050712566326313616,-0.0003812781513637953,-0.0629493284342646,0.49174400592058276,-0.007708370868965142,-0.004890726639683929,0.0028395323981003084,-0.08075419395165974,0.03329380936323998,0.15,2
2020-04-15,6642.10986328125,6928.66455078125,6633.40283203125,6845.5615234375,32288311031,45.56479698962923,6856.5858072456185,6858.72725635265,-0.029275847531044064,18.0,6881.95849609375,0.03611030798186964,-0.029275847531044064,-0.032537109198586434,0.4556479698962923,-0.03128028292706897,-0.031582739038174545,-0.00031222251986307015,-0.13154491480747382,0.034450200034805874,0.18,2
2020-04-16,7116.80419921875,7134.45068359375,6555.50439453125,6640.4541015625,46783242377,54.15313481877231,6896.619406010716,6877.844066935325,0.07146740203164859,13.0,6880.3232421875,-0.03322853213486045,0.07146740203164859,0.037573709359211005,0.5415313481877231,0.031926481692774455,0.03474346466099831,0.0027298291285275944,0.22285008442594822,0.034612002786924216,0.13,0
2020-04-17,7096.1845703125,7167.18310546875,7050.33203125,7116.552734375,32513423567,53.756390377871924,6927.321738980221,6894.017437555856,-0.002897315751431484,15.0,7117.20751953125,0.0029625708027242303,-0.002897315751431484,0.017944502393954398,0.5375639037787192,0.024376351740974078,0.029325010356852088,0.004830898924469862,-0.13784924501041348,0.0343849564539128,0.15,1
2020-04-18,7257.6650390625,7269.95654296875,7089.2470703125,7092.29150390625,32447188386,56.44745791322599,6978.143785146726,6920.954296926719,0.02275595669052466,18.0,7429.724609375,0.023707290070075427,0.02275595669052466,0.06028125273519813,0.5644745791322598,0.0400566773230937,0.048650912531715385,0.008263237375429888,-0.14533132180359695,0.03444293143537106,0.18,1
2020-04-19,7189.4248046875,7280.52197265625,7167.0546875,7260.92236328125,31311210215,54.9910923242887,7010.648557383768,6940.8410012052955,-0.009402505352301915,16.0,7550.90087890625,0.050278858745844014,-0.009402505352301915,0.05071256632631371,0.549910923242887,0.025500671705393163,0.03581465177476861,0.010057506888048628,-0.1732230825080236,0.03454216209833805,0.16,2
2020-04-20,6881.95849609375,7240.29052734375,6835.5029296875,7186.87353515625,37747113936,48.87274083072331,6990.850086416073,6936.479334159996,-0.04276646838190479,15.0,7569.93603515625,0.09996827784605226,-0.04276646838190479,0.03611030798186965,0.4887274083072331,-0.015576301733877917,-0.007860015930235442,0.007838378756254372,0.0070702424628068935,0.03161976807307389,0.15,2
2020-04-21,6880.3232421875,6934.5517578125,6834.4423828125,6879.7841796875,32589741511,48.84161618276288,6973.845956534755,6932.319623643515,-0.00023761461322069355,17.0,7679.8671875,0.11620732299465286,-0.00023761461322069355,-0.03322853213486043,0.48841616182762876,-0.01341049328163324,-0.007500574739611743,0.005990250759588367,-0.1294398690001978,0.031616583695559315,0.17,2
2020-04-22,7117.20751953125,7145.86572265625,6867.78173828125,6879.4404296875,33249153866,53.4649346050606,6995.901581611139,6946.015023338903,0.034429236680519004,19.0,7795.60107421875,0.09531737733174597,0.034429236680519004,0.002962570802724329,0.534649346050606,0.01733957182001622,0.02464614539662424,0.007182040076880725,-0.08979096324310562,0.03309118029363829,0.19,2
2020-04-23,7429.724609375,7491.78515625,7081.5947265625,7121.30615234375,43500782316,58.76007063078713,7062.6435858825025,6981.8453630452805,0.043910071328696176,19.0,7807.05859375,0.05078707545887652,0.043910071328696176,0.023707290070075437,0.5876007063078713,0.0519750174320357,0.06414912147730067,0.011572617071252456,0.17275857983542003,0.034568024059868245,0.19,2
2020-04-24,7550.90087890625,7574.19580078125,7434.181640625,7434.181640625,34636526286,60.630680374755855,7137.76009250154,7023.997623479427,0.016309658285092787,20.0,8801.0380859375,0.16556133196286013,0.016309658285092787,0.050278858745844035,0.6063068037475585,0.05788101323813444,0.07501472575467849,0.016196256764358097,-0.057091247394788096,0.034480436901484154,0.2,2
2020-04-25,7569.93603515625,7641.36376953125,7521.67236328125,7550.48291015625,32941541447,60.93047713678053,7204.2486990638035,7064.437505825858,0.002520911948821203,24.0,8658.5537109375,0.14380804153766935,0.002520911948821203,0.09996827784605222,0.6093047713678054,0.050759954489073555,0.07155538270577377,0.019790845785336186,-0.11193281600989699,0.031771839283316346,0.24,2
2020-04-26,7679.8671875,7700.59423828125,7561.40771484375,7570.13916015625,33070154491,62.69716523282723,7277.420774207834,7110.024889653573,0.014522071498782596,21.0,8864.7666015625,0.15428644599363392,0.014522071498782596,0.11620732299465275,0.6269716523282723,0.05530069316844921,0.08014631547572426,0.023543642554311406,-0.08909346405242909,0.024526634710344438,0.21,2
2020-04-27,7795.60107421875,7795.60107421875,7679.4189453125,7679.4189453125,36162144725,64.51634080635009,7357.14082036336,7160.808310732476,0.015069777105927384,28.0,8988.5966796875,0.15303446060293793,0.015069777105927384,0.09531737733174594,0.6451634080635009,0.059596555857923006,0.08864819946860747,0.027417646320265998,0.011528089135856255,0.024303696255257405,0.28,2
2020-04-28,7807.05859375,7814.52734375,7730.806640625,7796.97021484375,33187959921,64.69987785291076,7426.35893934592,7208.678702067107,0.001469741643032707,26.0,8897.46875,0.13966978000177124,0.001469741643032707,0.05078707545887662,0.6469987785291076,0.05126329840954469,0.08300826218143209,0.030196967610221392,-0.06815911042027244,0.023964020893943127,0.26,2
2020-04-29,8801.0380859375,8871.75390625,7786.04931640625,7806.71240234375,60201052203,76.20073815037414,7637.848038821548,7326.63124902047,0.1273180520232342,26.0,8912.654296875,0.012682164291033228,0.1273180520232342,0.16556133196286016,0.7620073815037414,0.15229290255628358,0.2012393945872668,0.04247747419288861,0.4922411937902324,0.04390309136749342,0.26,1
2020-04-30,8658.5537109375,9440.650390625,8533.255859375,8797.669921875,66964629541,72.55171751912653,7794.879680685541,7425.292172125435,-0.01618949646720247,44.0,9003.0703125,0.03978916260891308,-0.01618949646720247,0.14380804153766924,0.7255171751912652,0.11080017468287617,0.1660892945656376,0.04977413682757659,0.5674925415924134,0.04024931399592059,0.44,2
2020-05-01,8864.7666015625,9048.0234375,8667.763671875,8672.7822265625,44068389997,74.45807367064366,7959.477668512765,7531.9199076392915,0.023816089558295506,40.0,9268.76171875,0.04557312508558228,0.023816089558295506,0.15428644599363395,0.7445807367064365,0.11373722884241588,0.17695975398933306,0.056766105603409445,0.1322937574475465,0.03935451569109748,0.4,2
2020-05-02,8988.5966796875,9007.1875,8811.3662109375,8869.0576171875,40134388683,75.55595877619753,8117.803670231955,7639.821890753973,0.013968791699848548,40.0,9951.5185546875,0.10712705323357297,0.013968791699848548,0.1530344606029379,0.7555595877619753,0.10726953309412357,0.17654531849307498,0.06256451869073754,0.033134790052520326,0.03941775269585825,0.4,2
2020-05-03,8897.46875,9167.78125,8830.9716796875,8983.6142578125,47101785174,73.06690656532832,8237.752144042424,7732.98091736479,-0.010138170944239966,45.0,9842.666015625,0.10623215345656595,-0.010138170944239966,0.13966978000177122,0.7306690656532833,0.08008454180485214,0.15058718559880258,0.06527511603502667,0.18234777165353835,0.04012490359600998,0.45,2
2020-05-04,8912.654296875,8956.90625,8645.0244140625,8895.7451171875,45718796276,73.22519718636639,8341.583244478206,7820.364130661842,0.0017067266322232655,44.0,9593.896484375,0.07643538779899278,0.0017067266322232655,0.012682164291033304,0.7322519718636639,0.06846075087422032,0.13967254567220722,0.06664895714673746,0.13786709996368182,0.040492350313037426,0.44,2
2020-05-05,9003.0703125,9062.4150390625,8856.8271484375,8912.83203125,43148462663,74.19756214068765,8443.350485712328,7907.971995983187,0.010144678859214995,40.0,8756.4306640625,-0.0273950596714836,0.010144678859214995,0.039789162608913076,0.7419756214068766,0.06629119894227053,0.13848029773917547,0.06770111098029719,0.06646363947188699,0.04025200589588944,0.4,0
2020-05-06,9268.76171875,9411.4677734375,8966.7060546875,9007.44140625,49371886931,76.85727271586633,8570.336829256585,8008.7712347066545,0.029511199738283755,42.0,8601.7958984375,-0.07195846009972172,0.029511199738283755,0.0455731250855822,0.7685727271586633,0.0814932835672455,0.15732631724865298,0.07011882073948383,0.19799730945059169,0.04037999921585128,0.42,0
2020-05-07,9951.5185546875,9992.6640625,9138.322265625,9261.8955078125,61112700562,81.99379395076144,8782.826325476726,8152.6784435941245,0.07366214135771076,49.0,8804.4775390625,-0.11526291282295857,0.07366214135771076,0.10712705323357286,0.8199379395076144,0.13306561987007504,0.2206440648357466,0.07729335656280334,0.37663991512475997,0.04374909110084329,0.49,0
2020-05-08,9842.666015625,9996.7431640625,9767.1728515625,9936.162109375,51780748042,78.98390587317965,8945.878585499537,8277.862708189004,-0.010938284289408906,55.0,9269.9873046875,-0.05818329200933833,-0.010938284289408906,0.106232153456566,0.7898390587317965,0.10024587541117258,0.18903470166133451,0.08069907666500531,0.18814756360949186,0.044673401864125384,0.55,0
2020-05-09,9593.896484375,9913.86328125,9580.64453125,9840.90625,46566121841,72.43925274382835,9045.573646864992,8375.34669161019,-0.025274608612654736,56.0,9733.7216796875,0.014574390659751734,-0.025274608612654736,0.07643538779899273,0.7243925274382835,0.06061780699779562,0.14549245991040172,0.08002378646918418,0.06437899482403854,0.02881678990163839,0.56,1
2020-05-10,8756.4306640625,9595.5810546875,8395.107421875,9591.1689453125,63325279337,55.70528242740295,9001.090111049223,8403.575134014065,-0.0872915214038874,48.0,9328.197265625,0.06529676571403717,-0.0872915214038874,-0.02739505967148359,0.5570528242740295,-0.027181090731043023,0.04198873984243057,0.07110247335287978,0.34292046441253393,0.04164598051617935,0.48,2
2020-05-11,8601.7958984375,9033.470703125,8374.3232421875,8755.53515625,57119858802,53.25880516186476,8939.66023218588,8418.258153600986,-0.017659566044374797,40.0,9377.013671875,0.09012278163660183,-0.017659566044374797,-0.07195846009972173,0.5325880516186475,-0.03779386743714841,0.02180234218144106,0.06193705028656793,0.2128623694246035,0.04128641627590692,0.4,2
2020-05-12,8804.4775390625,8949.8984375,8569.6435546875,8610.3857421875,42142717533,55.987250502244024,8918.862894782284,8446.866996968505,0.023562712138033515,39.0,9670.7392578125,0.09838877036220363,0.023562712138033515,-0.11526291282295853,0.5598725050224402,-0.012825105293041483,0.04233647128838869,0.055878220644787424,-0.10081320847299874,0.041812795572955,0.39,2
2020-05-13,9269.9873046875,9317.87890625,8805.3876953125,8805.3876953125,45558144023,61.54017557730815,8972.882034767701,8507.838871614356,0.05287193516704303,41.0,9726.5751953125,0.04925442458741231,0.05287193516704303,-0.05818329200933836,0.6154017557730814,0.03311146505309992,0.08958190729445792,0.054660551306974,-0.025090134302877223,0.0449575742712809,0.41,2
2020-05-14,9733.7216796875,9793.2685546875,9255.03515625,9271.3291015625,56426907637,66.12523326250482,9089.934287832286,8598.6450055457,0.05002535168149658,40.0,9729.0380859375,-0.0004811719406127879,0.05002535168149658,0.014574390659751746,0.6612523326250482,0.07082420746616203,0.1320064583907965,0.057135662882899396,0.1658120556353884,0.04710598482368847,0.4,1
2020-05-15,9328.197265625,9755.828125,9261.3984375,9734.291015625,48158802327,59.45061741879891,9126.590130569626,8652.685913699723,-0.04166180495059313,44.0,9522.9814453125,0.020881224328873498,-0.04166180495059313,0.06529676571403709,0.5945061741879891,0.022090083171379504,0.07806955651259062,0.05476960814208853,-0.008420723726377104,0.049840784148391305,0.44,1
2020-05-16,9377.013671875,9564.205078125,9260.6943359375,9333.240234375,36164766408,59.97437540504816,9165.11682923199,8706.339821712707,0.005233209039209763,41.0,9081.76171875,-0.031486778569019866,0.005233209039209763,0.09012278163660192,0.5997437540504815,0.023119928157071312,0.07703281331722223,0.05269459002451771,-0.29802023302752545,0.049082409204976224,0.41,0
2020-05-17,9670.7392578125,9823.001953125,9349.5458984375,9374.9296875,40084250663,63.065649642490364,9242.904895167454,8777.776816979358,0.03132400103227817,40.0,9182.5771484375,-0.05047826193645316,0.03132400103227817,0.09838877036220373,0.6306564964249036,0.046287868099641916,0.10172990945792026,0.052989280530392646,-0.19913907520902432,0.04377765559943868,0.4,0
2020-05-18,9726.5751953125,9906.0302734375,9570.359375,9675.6953125,41827139896,63.640525058429695,9317.315710574385,8848.058178337367,0.005773698991511145,50.0,9209.287109375,-0.05318296271300048,0.005773698991511145,0.04925442458741225,0.636405250584297,0.04392461278022797,0.09928924508272319,0.05303508665730705,-0.16536888029797994,0.0437166594044675,0.5,0
2020-05-19,9729.0380859375,9836.0478515625,9539.6240234375,9727.0634765625,39254288955,63.66738814353841,9380.657614476402,8913.315949270711,0.00025321252090737545,50.0,8790.3681640625,-0.09648126706706676,0.00025321252090737545,-0.0004811719406128123,0.6366738814353841,0.037138171520456176,0.09151724692688945,0.05243185228320435,-0.20740197266640925,0.0428332917645742,0.5,0
2020-05-20,9522.9814453125,9804.7939453125,9447.201171875,9725.3291015625,36546239703,59.69370706847078,9402.553588451186,8958.476356384917,-0.02117954918100662,52.0,8906.9345703125,-0.06469054660431339,-0.02117954918100662,0.020881224328873405,0.5969370706847078,0.012807994735518413,0.0630135155210012,0.04957062053858796,-0.2468899401853825,0.030925192375447993,0.52,0
2020-05-21,9081.76171875,9555.2421875,8869.9306640625,9522.740234375,39326160532,52.18334495160301,9353.200993112543,8967.608605448997,-0.04633209978369557,49.0,8835.052734375,-0.027165322325694827,-0.04633209978369557,-0.031486778569019824,0.5218334495160302,-0.029021003030131,0.012729493259957758,0.0429983515816299,-0.16849680420455976,0.034749342231430023,0.49,0
2020-05-22,9182.5771484375,9232.9365234375,9008.638671875,9080.3349609375,29810773699,53.619253654827865,9326.951170854845,8983.532201225924,0.01110086707949609,42.0,9181.017578125,-0.0001698401535091241,0.01110086707949609,-0.050478261936453106,0.5361925365482787,-0.015479230004815436,0.0221566464897196,0.038227610469527384,-0.4343646534316672,0.034269145423196284,0.42,1
2020-05-23,9209.287109375,9302.501953125,9118.1083984375,9185.0625,27727866812,54.01326717282152,9308.849007550254,9000.254787014745,0.0029087652089092586,40.0,9525.7509765625,0.03436355750765351,0.0029087652089092586,-0.05318296271300049,0.5401326717282152,-0.010695403706140416,0.02322515609911835,0.034287276064755234,-0.4855258383122822,0.02982634090498087,0.4,2
2020-05-24,8790.3681640625,9288.404296875,8787.2509765625,9212.283203125,32518803300,47.235545148896996,9229.082723936754,8984.707629759023,-0.045488748514099786,43.0,9439.1240234375,0.0738030361489632,-0.045488748514099786,-0.09648126706706672,0.47235545148896996,-0.047536095730986716,-0.021630026674750558,0.027199003489920548,-0.3113893618309205,0.027104932609436135,0.43,2
2020-05-25,8906.9345703125,8951.005859375,8719.66796875,8786.107421875,31288157264,49.1476954820549,9179.521469533023,8978.946662392615,0.013260696716498988,41.0,9700.4140625,0.08908558673286188,0.013260696716498988,-0.06469054660431339,0.491476954820549,-0.029695109938491226,-0.008020104672381012,0.022338344872956606,-0.336521559036231,0.025446722597223286,0.41,2
2020-05-26,8835.052734375,8991.9677734375,8757.2939453125,8909.5859375,29584186947,47.99268464416323,9126.526279508713,8968.287852909829,-0.008070322664891605,39.0,9461.05859375,0.07085479602621571,-0.008070322664891605,-0.027165322325694796,0.47992684644163236,-0.03193696442732463,-0.014856249121352638,0.017644218070848705,-0.3696764417294157,0.025239008079374556,0.39,2
2020-05-27,9181.017578125,9203.3203125,8834.1572265625,8837.380859375,32740536902,53.639788797854735,9134.90955621891,8984.045610333174,0.039158209254817056,39.0,10167.2685546875,0.1074228393715719,0.039158209254817056,-0.000169840153509071,0.5363978879785474,0.00504745248131111,0.021924640227257264,0.016792428759735634,-0.2346086361688917,0.026598976552731933,0.39,2
2020-05-28,9525.7509765625,9546.3193359375,9148.45703125,9184.9453125,34367073114,58.47790898966588,9195.03900550254,9024.17193375757,0.037548495632866885,41.0,9529.8037109375,0.00042545038023474404,0.037548495632866885,0.03436355750765352,0.5847790898966587,0.03596634781669272,0.05558172500333525,0.018934376804789155,-0.1648671154759922,0.029724827264064172,0.41,1
2020-05-29,9439.1240234375,9573.6669921875,9379.3388671875,9528.35546875,32896642044,56.87177277129107,9232.590546723302,9054.909125585713,-0.009093976247976698,48.0,9656.7177734375,0.02305232450169223,-0.009093976247976698,0.07380303614896322,0.5687177277129107,0.022370046160825163,0.04243166800715237,0.019622661991772983,-0.19158693120997972,0.029803999133511633,0.48,1
2020-05-30,9700.4140625,9704.0302734375,9366.7294921875,9438.9140625,32722975141,60.404356346040515,9304.563395304333,9102.724306097884,0.02768159825145977,48.0,9800.63671875,0.010331791571397162,0.02768159825145977,0.08908558673286193,0.6040435634604051,0.04254371219561337,0.06566053593447041,0.022173481522585137,-0.15772004017862387,0.030421800538816723,0.48,1
2020-05-31,9461.05859375,9700.34375,9432.296875,9700.10546875,27773290299,55.88832337831764,9328.639579680588,9129.267586664708,-0.024674768232348376,51.0,9665.533203125,0.021612233699733818,-0.024674768232348376,0.0708547960262158,0.5588832337831764,0.014194890148596206,0.03634366108075815,0.021838771963164527,-0.2826719107169111,0.027175235483080463,0.51,1
2020-06-01,10167.2685546875,10199.5654296875,9450.8994140625,9463.60546875,35198901068,64.35578229144303,9457.659421989345,9206.156547258988,0.07464386293982206,50.0,9653.6796875,-0.050513947224371865,0.07464386293982206,0.10742283937157193,0.6435578229144303,0.07503010005290456,0.10439883381243065,0.027318987401451222,-0.036264393112196744,0.035162739159426526,0.5,0
2020-06-02,9529.8037109375,10182.3408203125,9460.5712890625,10162.9736328125,39137252109,54.23554639730277,9468.758543365984,9230.130411235174,-0.06269774820259899,56.0,9758.8525390625,0.02403499957319343,-0.06269774820259899,0.000425450380234782,0.5423554639730277,0.006447008580051428,0.03246685435100205,0.025853170161100447,0.07863044332304901,0.04221023338856299,0.56,1
2020-06-03,9656.7177734375,9682.859375,9471.8466796875,9533.7607421875,25007459262,55.72823125127901,9497.675347992372,9261.729475102013,0.013317594606312655,48.0,9771.4892578125,0.01188514431794819,0.013317594606312655,0.023052324501692256,0.5572823125127901,0.01674540554586823,0.042647358616694664,0.0254753578718363,-0.3248754172995073,0.03844264219916943,0.48,1
2020-06-04,9800.63671875,9887.6103515625,9525.2470703125,9655.8544921875,25921805072,57.42411633433337,9544.28478964739,9301.648530187049,0.014903505382374727,54.0,9795.7001953125,-0.0005036941557129379,0.014903505382374727,0.010331791571397186,0.5742411633433337,0.0268592078665415,0.05364513472462029,0.026085296458246532,-0.25630952891908215,0.03846112067979663,0.54,1
2020-06-05,9665.533203125,9869.2373046875,9663.216796875,9800.2158203125,23509628646,55.283217128514664,9562.938391720869,9328.602950404676,-0.013785177382049874,53.0,9870.0947265625,0.021164018491122916,-0.013785177382049874,0.02161223369973375,0.5528321712851466,0.010728377325211369,0.03611797549017859,0.025120100251027067,-0.3349121291315997,0.03880486396373157,0.53,1
2020-06-06,9653.6796875,9773.431640625,9591.0244140625,9664.904296875,20438419222,55.08915837059983,9576.898591071506,9352.682708708033,-0.0012263695520872142,54.0,9321.78125,-0.03438051066991133,-0.0012263695520872142,-0.05051394722437186,0.5508915837059983,0.008017323739866855,0.032182956288222764,0.02397342980049033,-0.4445586649098392,0.0374772199468775,0.54,0
2020-06-07,9758.8525390625,9768.498046875,9458.150390625,9653.0029296875,25015250846,56.54664444589742,9604.891506147043,9382.769362808363,0.010894586827723485,54.0,9480.84375,-0.02848785632836372,0.010894586827723485,0.02403499957319344,0.5654664444589742,0.016029440084453173,0.04008232129682998,0.02367340970983811,-0.2157680051606984,0.035870833880507796,0.54,0
2020-06-08,9771.4892578125,9782.306640625,9675.8857421875,9760.0634765625,21486346312,56.728351594767545,9630.52192948019,9411.563429104966,0.0012948980117710729,53.0,9475.27734375,-0.03031389650514866,0.0012948980117710729,0.011885144317948182,0.5672835159476755,0.014637558521183758,0.03824293715053484,0.023264838198731264,-0.338796711085143,0.03563141155165422,0.53,0
2020-06-09,9795.7001953125,9836.369140625,9664.7197265625,9774.3603515625,23717842783,57.09850613444878,9655.933970377468,9440.018004379599,0.0024777121338637187,52.0,9386.7880859375,-0.04174404087731015,0.0024777121338637187,-0.0005036941557129415,0.5709850613444878,0.014474645887576187,0.03767812633067913,0.022872410401939547,-0.21848355535061775,0.03465084149316225,0.52,0
2020-06-10,9870.0947265625,9908.896484375,9728.291015625,9794.119140625,25706567601,58.27948834235074,9688.881779021318,9471.87553935611,0.007594610876882513,54.0,9450.7021484375,-0.04249124144637907,0.007594610876882513,0.021164018491122816,0.5827948834235074,0.01870318491588474,0.04204227405140304,0.02291058816847169,-0.11461758896183774,0.033421659736597296,0.54,0
2020-06-11,9321.78125,9938.2978515625,9263.0693359375,9870.078125,30247143440,47.82903461023814,9632.4047745565,9460.757443848248,-0.05555301055894357,52.0,9538.0244140625,0.023197622671364444,-0.05555301055894357,-0.034380510669911324,0.4782903461023814,-0.03224776489636283,-0.01468975340220946,0.018143085448180996,0.04728109995347382,0.02810119727025605,0.52,1
2020-06-12,9480.84375,9540.4658203125,9285.8515625,9320.6904296875,22610564515,50.59661165575891,9609.087693855501,9462.245318378007,0.01706353064227928,38.0,9480.2548828125,-6.211126383134413e-05,0.01706353064227928,-0.028487856328363703,0.5059661165575892,-0.01334611025951049,0.001965541052488806,0.015518766480540291,-0.23479512009935172,0.02147759558034519,0.38,1
2020-06-13,9475.27734375,9493.2119140625,9396.009765625,9480.7353515625,17564322315,50.495659250288185,9588.501486146963,9463.210653590748,-0.0005871213994007585,38.0,9411.8408203125,-0.0066949516236950515,-0.0005871213994007585,-0.030313896505148707,0.5049565925028818,-0.011808325061068548,0.001275115877788613,0.013239780571583815,-0.4608454192099978,0.02094130172752468,0.38,1
2020-06-14,9386.7880859375,9482.2705078125,9347.59375,9477.5537109375,18991732746,48.82778762070893,9557.468655345507,9457.54972265347,-0.009338962291258746,40.0,9288.0185546875,-0.010522186113689755,-0.009338962291258746,-0.041744040877310096,0.48827787620708935,-0.017858344668757575,-0.0074820264012438464,0.01056499152763668,-0.36038520493066184,0.020196602646983863,0.4,1
2020-06-15,9450.7021484375,9504.8603515625,8990.17578125,9386.03515625,26699704768,50.10957598164438,9541.043038898122,9457.042494933768,0.006808938469139436,37.0,9332.3408203125,-0.012524077710413174,0.006808938469139436,-0.04249124144637906,0.5010957598164438,-0.009468659777794652,-0.0006704365027084824,0.008882327007555757,-0.0144262422717108,0.020151085429018955,0.37,1
2020-06-16,9538.0244140625,9579.4306640625,9400.4453125,9454.2666015625,21565537209,51.882926519314815,9540.578635077258,9463.041155609972,0.009239764861221245,39.0,9303.6298828125,-0.024574746412309202,0.009239764861221245,0.023197622671364382,0.5188292651931481,-0.00026772181357714864,0.007923801367816674,0.008193716818120311,-0.20713902802707618,0.020468326839471918,0.39,0
2020-06-17,9480.2548828125,9540.4228515625,9327.33984375,9533.7841796875,20177709879,50.60148385249168,9531.298057805756,9464.316246513861,-0.006056760681470541,38.0,9648.7177734375,0.017769869345013036,-0.006056760681470541,-6.2111263831377e-05,0.5060148385249168,-0.005355322505254501,0.0016840768929831107,0.007077300625554228,-0.2465497445832697,0.02007090290550055,0.38,1
2020-06-18,9411.8408203125,9482.7822265625,9328.3955078125,9481.5673828125,17770083003,49.056229071125955,9512.920021268332,9460.429177906353,-0.007216479234543938,40.0,9629.658203125,0.023142909763455587,-0.007216479234543938,-0.006694951623695045,0.49056229071125956,-0.010625465233581877,-0.005135957014225645,0.005548463222425859,-0.3438814015832295,0.02006287146569428,0.4,1
2020-06-19,9288.0185546875,9440.8759765625,9274.2958984375,9410.2939453125,19632223107,46.300355926111926,9478.319795640513,9447.658020630883,-0.013156009327927487,39.0,9313.6103515625,0.0027553559162609843,-0.013156009327927487,-0.010522186113689713,0.46300355926111925,-0.020077529040594344,-0.016897252800088358,0.0032454365878478164,-0.2177628348031822,0.02014932631376722,0.39,1
2020-06-20,9332.3408203125,9394.9716796875,9247.3798828125,9290.9599609375,17130541557,47.43861148623039,9455.861491743895,9439.116005792484,0.004771982890003024,38.0,9264.8134765625,-0.007235842009008282,0.004771982890003024,-0.012524077710413195,0.4743861148623039,-0.013062868099246616,-0.011311989959066127,0.001774052352056632,-0.3320297653919801,0.01997039638213267,0.38,1
2020-06-21,9303.6298828125,9401.107421875,9300.4306640625,9330.9267578125,15324301169,46.747360800208384,9432.441244215988,9429.079996682856,-0.0030764990320015784,37.0,9162.91796875,-0.015124410131840132,-0.0030764990320015784,-0.024574746412309167,0.4674736080020838,-0.013656206073107136,-0.013304597470218726,0.0003564767224708554,-0.4009422382026637,0.009453391887685748,0.37,0
2020-06-22,9648.7177734375,9655.0732421875,9296.8720703125,9300.9150390625,21104009514,55.197647676011265,9465.714556403913,9445.349461627646,0.03709174751916078,38.0,9045.390625,-0.06252925648819715,0.03709174751916078,0.017769869345013012,0.5519764767601126,0.019333270187170237,0.021531052147520047,0.0021560975439820496,-0.04071811068233923,0.01435664564175653,0.38,0
2020-06-23,9629.658203125,9670.541015625,9547.2470703125,9644.076171875,17006433272,54.681541407501946,9490.936655899464,9459.001960997819,-0.0019753474772544743,41.0,9143.58203125,-0.05047699114775012,-0.0019753474772544743,0.023142909763455677,0.5468154140750194,0.014616212525168093,0.0180416753089645,0.0033761167439567696,-0.23822198458286792,0.014389483375653047,0.41,0
2020-06-24,9313.6103515625,9680.3671875,9278.2333984375,9632.1494140625,18961716076,46.85763959025841,9463.65568600147,9448.232212150759,-0.03282025643027875,50.0,9190.8544921875,-0.013180265733836056,-0.03282025643027875,0.002755355916260971,0.4685763959025841,-0.015854902103096924,-0.014248364939118519,0.0016324190075340805,-0.11313475576028115,0.017884199123612644,0.5,1
2020-06-25,9264.8134765625,9340.1611328125,9095.32421875,9314.126953125,18616048626,45.76877032599813,9433.064576857012,9434.64563914422,-0.005239308190707503,43.0,9137.9931640625,-0.013688382698779793,-0.005239308190707503,-0.0072358420090082864,0.4576877032599813,-0.01783631384304285,-0.0180009052885981,-0.00016758046329257148,-0.11994228783307244,0.01773188851902384,0.43,1
2020-06-26,9162.91796875,9310.5166015625,9101.73828125,9260.9951171875,18341465837,43.49581691256564,9391.503560225163,9414.517663559463,-0.010998117562784016,40.0,9228.3251953125,0.007138252987265673,-0.010998117562784016,-0.015124410131840182,0.4349581691256564,-0.024339616123159158,-0.026724650566361308,-0.0024445334489499038,-0.12979389377716358,0.017479451888408368,0.4,1
2020-06-27,9045.390625,9207.810546875,8998.216796875,9167.82421875,17273093144,40.96860843966899,9338.25541634437,9387.174919962465,-0.012826410118569775,43.0,9123.41015625,0.008625335763208127,-0.012826410118569775,-0.06252925648819718,0.4096860843966899,-0.03136183133648063,-0.03640970769977203,-0.005211312672363744,-0.17109778411274953,0.01770331881426125,0.43,1
2020-06-28,9143.58203125,9197.546875,8975.525390625,9048.4609375,14560870760,43.90129504206783,9308.305664791389,9369.131002280059,0.010855408054862181,40.0,9087.3037109375,-0.006154953290751667,0.010855408054862181,-0.05047699114775017,0.4390129504206783,-0.01769641430711233,-0.024073627636882144,-0.0064921002250760695,-0.32487118518810476,0.018312184049968972,0.4,1
2020-06-29,9190.8544921875,9237.5732421875,9041.8759765625,9140.029296875,16460547078,45.309968155512585,9290.236253621559,9355.925334865797,0.005170015512075743,41.0,9132.48828125,-0.006350466214769586,0.005170015512075743,-0.013180265733836016,0.45309968155512587,-0.010697441778761752,-0.01764345447084148,-0.007021120722227381,-0.18407038808282122,0.018069052365378646,0.41,1
2020-06-30,9137.9931640625,9217.8359375,9084.837890625,9185.5810546875,15735797744,43.98004186771527,9266.814239843241,9339.782211102589,-0.005751513982724221,44.0,9073.9423828125,-0.007009283121582549,-0.005751513982724221,-0.01368838269877981,0.4398004186771527,-0.013901333559365736,-0.021605326813746717,-0.007812598796212544,-0.203580804464692,0.018008050088188055,0.44,1
2020-07-01,9228.3251953125,9309.7548828125,9104.7353515625,9145.9853515625,15971550355,46.85094004883389,9260.892848376974,9331.52613585888,0.00988532488788163,42.0,9375.474609375,0.015945408397316136,0.00988532488788163,0.00713825298726567,0.4685094004883389,-0.0035166860903894648,-0.01105938503990278,-0.0075693178643606585,-0.1510028504319775,0.01838113778014228,0.42,1
2020-07-02,9123.41015625,9274.962890625,9036.623046875,9231.1396484375,16338916796,44.028714801135585,9239.741664972824,9316.110137369333,-0.011368806022981404,42.0,9252.27734375,0.014124892479126286,-0.011368806022981404,0.00862533576320823,0.4402871480113559,-0.012590342126536758,-0.020684596712351344,-0.008197463455286491,-0.11123592720301655,0.01288994277092087,0.42,1
2020-07-03,9087.3037109375,9202.3447265625,9058.794921875,9124.8427734375,13078970999,43.067209317502915,9216.289672044313,9299.161513189198,-0.00395756024273064,41.0,9428.3330078125,0.037528105995239966,-0.00395756024273064,-0.0061549532907516635,0.43067209317502914,-0.013995432619491655,-0.022782462908211176,-0.008911754143354322,-0.32142300573594085,0.012844762404119067,0.41,2
2020-07-04,9132.48828125,9183.2958984375,9053.6298828125,9084.2333984375,12290528515,44.69489696819178,9203.397150383651,9286.815347860367,0.004972274697731871,40.0,9277.9677734375,0.01592988544931236,0.004972274697731871,-0.0063504662147695345,0.4469489696819178,-0.0077046407945891016,-0.016617867463675107,-0.008982433089501973,-0.3648488407867022,0.008949488291307397,0.4,1
2020-07-05,9073.9423828125,9162.18359375,8977.015625,9126.0908203125,12903406143,42.98027346547315,9183.481032295782,9271.046980079045,-0.00641072801130238,38.0,9278.8076171875,0.02257731267536452,-0.00641072801130238,-0.007009283121582555,0.42980273465473146,-0.01192779177068748,-0.021260230661118373,-0.00944509805326399,-0.2764386826560588,0.009005170885120681,0.38,1
2020-07-06,9375.474609375,9375.474609375,9058.6640625,9072.849609375,17889263252,52.98431607781395,9213.018505692586,9278.782360026895,0.0332305643833104,40.0,9240.3466796875,-0.014412916179451748,0.0332305643833104,0.015945408397316063,0.5298431607781395,0.01763332002231799,0.010420790745632402,-0.007087552200558234,0.06113433364558135,0.013736615727484268,0.4,1
2020-07-07,9252.27734375,9360.6171875,9201.8154296875,9349.1611328125,13839652595,49.18719474468497,9219.058326932189,9276.819025487865,-0.01314037643510968,43.0,9276.5,0.002618020985542833,-0.01314037643510968,0.014124892479126183,0.49187194744684976,0.003603298258865184,-0.0026454845858733256,-0.006226347457784831,-0.1765175017356966,0.013775536825443788,0.43,1
2020-07-08,9428.3330078125,9450.3359375,9249.5,9253.0205078125,19702359883,54.23470305828655,9251.254431683006,9288.042283437837,0.019028359994139876,44.0,9243.6142578125,-0.01959187799655978,0.019028359994139876,0.037528105995239924,0.5423470305828655,0.01914103405512746,0.01510444505887154,-0.003960775654567095,0.17084880537086725,0.01455663236804118,0.44,0
2020-07-09,9277.9677734375,9431.37890625,9234.9990234375,9427.994140625,18000702524,49.694317644434896,9255.364176568313,9287.296023437812,-0.015948231171979632,44.0,9243.2138671875,-0.003745853305235574,-0.015948231171979632,0.015929885449312398,0.496943176444349,0.0024422158261920845,-0.0010044096771300026,-0.0034382286070039347,0.08544510107825017,0.015719023528325698,0.44,1
2020-07-10,9278.8076171875,9287.4716796875,9118.001953125,9273.357421875,16860035605,49.719636822407054,9258.970859740497,9286.667252604455,9.052022711308894e-05,41.0,9192.8369140625,-0.009265274879258526,9.052022711308894e-05,0.022577312675364558,0.49719636822407054,0.002142436535064185,-0.0008463354186347694,-0.0029823823887079604,0.020799114449108175,0.015545597629462749,0.41,1
2020-07-11,9240.3466796875,9293.5322265625,9199.4853515625,9277.51171875,13249910444,48.51538288387048,9256.105601270805,9283.23609905505,-0.004145030168397623,44.0,9132.2275390625,-0.011700766689054192,-0.004145030168397623,-0.014412916179451729,0.4851538288387048,-0.0017025434088761005,-0.004620093565423367,-0.0029225258837277668,-0.21385525737595565,0.015350476653266719,0.44,1
2020-07-12,9276.5,9319.4189453125,9197.4501953125,9241.0546875,14452361907,49.747524411657345,9259.243201075296,9282.737128754676,0.003912550206798482,41.0,9151.392578125,-0.013486489718643885,0.003912550206798482,0.0026180209855428682,0.49747524411657346,0.0018637375161179026,-0.0006719062134545872,-0.0025309267464446172,-0.10651201793783036,0.014818364209174232,0.41,1
2020-07-13,9243.6142578125,9306.4052734375,9224.29296875,9277.205078125,17519821266,48.60797085275708,9256.838748265636,9279.839138314515,-0.003545059255915528,43.0,9159.0400390625,-0.009149475128575354,-0.003545059255915528,-0.019591877996559814,0.48607970852757076,-0.0014286184314935557,-0.0039036108236456535,-0.002478533270465322,0.08436759896974744,0.014801233938993373,0.43,1
2020-07-14,9243.2138671875,9283.841796875,9171.6611328125,9238.703125,18085038362,48.593375947647594,9254.742612715154,9277.12615526807,-4.331537576462985e-05,43.0,9185.8173828125,-0.006209580909812319,-4.331537576462985e-05,-0.0037458533052355802,0.48593375947647593,-0.0012457121726772158,-0.003655473420646871,-0.002412766861018212,0.11884561785927206,0.014766902141769999,0.43,1
2020-07-15,9192.8369140625,9275.3251953125,9171.93359375,9241.8974609375,15844731575,46.69367802117513,9245.218659076283,9270.88250777136,-0.005450155524782674,44.0,9164.2314453125,-0.0031117128496255097,-0.005450155524782674,-0.009265274879258545,0.46693678021175133,-0.005665820024965962,-0.008418356466435517,-0.002768220681641176,-0.004736065223127509,0.014714180510207769,0.44,1
2020-07-16,9132.2275390625,9214.3125,9088.947265625,9191.98046875,15713967523,44.4425557019627,9227.835409843394,9260.611769348481,-0.006593108913667822,43.0,9374.8876953125,0.026571847362764148,-0.006593108913667822,-0.011700766689054176,0.44442555701962705,-0.010360812317795398,-0.013863471818451267,-0.003539329832784155,-0.004736693033978392,0.009664341169910842,0.43,1
2020-07-17,9151.392578125,9182.25390625,9089.2021484375,9131.8125,13944570749,45.33991404805033,9216.07497419441,9252.521458887482,0.002098616025556055,41.0,9525.36328125,0.04086489569018376,0.002098616025556055,-0.013486489718643857,0.45339914048050334,-0.007018432060342805,-0.010929872598711254,-0.003939086751110876,-0.11359955313613132,0.008992859992720603,0.41,2
2020-07-18,9159.0400390625,9230.9833984375,9100.82421875,9151.18359375,12252601475,45.716689168188154,9207.3003687895,9245.596909270816,0.0008356608977502233,44.0,9581.072265625,0.04607821614083678,0.0008356608977502233,-0.009149475128575335,0.4571668916818815,-0.005241528764564962,-0.009361955864799154,-0.004142138236949977,-0.23553627810595582,0.005723406082480026,0.44,2
2020-07-19,9185.8173828125,9201.3984375,9097.6328125,9158.005859375,12939002784,47.09189906758826,9203.995294023807,9241.16879619983,0.002923597193133398,41.0,9536.892578125,0.03821926570948315,0.002923597193133398,-0.006209580909812273,0.4709189906758826,-0.0019750022279031443,-0.005989655054249421,-0.004022597465302202,-0.1696084923005883,0.0036826605594920694,0.41,2
2020-07-20,9164.2314453125,9214.2705078125,9137.509765625,9187.220703125,13755604146,46.078480365832235,9197.877778837452,9235.46973317114,-0.0023499201650132306,44.0,9677.11328125,0.05596561359216204,-0.0023499201650132306,-0.0031117128496255253,0.46078480365832236,-0.0036580539917986377,-0.007713553280649266,-0.004070388991549434,-0.10192917432979089,0.0036838462402821242,0.44,2
2020-07-21,9374.8876953125,9407.2626953125,9149.3896484375,9162.5146484375,18069581956,56.02435620067609,9225.110073679767,9245.796989626057,0.02298678850016933,44.0,9905.1669921875,0.05656380258721849,0.02298678850016933,0.02657184736276408,0.5602435620067608,0.016235862817514102,0.013962096056325368,-0.002237439992409551,0.1639910082977182,0.008345212640963627,0.44,2
2020-07-22,9525.36328125,9530.5185546875,9319.6533203125,9375.080078125,16532254884,61.48878209813511,9271.30287484442,9266.505603820422,0.016050921443329758,50.0,10990.873046875,0.1538534250457147,0.016050921443329758,0.04086489569018381,0.6148878209813511,0.02740288067763541,0.02793476726791755,0.00051770011578256,0.07444423337287469,0.009536495494994105,0.5,2
2020-07-23,9581.072265625,9610.2470703125,9483.00390625,9527.1416015625,18146399002,63.30665501717303,9318.959704195278,9289.80683802817,0.00584848921034431,55.0,10912.8232421875,0.13899811416103813,0.00584848921034431,0.04607821614083685,0.6330665501717303,0.028126804895585167,0.03135322754016001,0.003138156333646336,0.15122752441426618,0.009313983413534632,0.55,2
2020-07-24,9536.892578125,9623.3369140625,9481.4541015625,9585.5146484375,16552768325,60.85339727838541,9352.487838646004,9308.109485442748,-0.004611142289210002,53.0,11100.4677734375,0.16395017375983767,-0.004611142289210002,0.038219265709483086,0.6085339727838541,0.019717185700793394,0.02457890004839891,0.004767708552704475,0.045739834825272274,0.009621135172426852,0.53,2
2020-07-25,9677.11328125,9704.556640625,9530.2119140625,9539.4853515625,16610070933,65.43208644930061,9402.430214431235,9335.44309994699,0.014702976045533722,55.0,11111.2138671875,0.1481950809355676,0.014702976045533722,0.05596561359216201,0.6543208644930061,0.029214050043909978,0.036599246296616705,0.00717556882593251,0.03754329444963623,0.009724102696369506,0.55,2
2020-07-26,9905.1669921875,10023.8076171875,9652.84765625,9680.234375,20507998997,71.30959701331255,9479.774334086045,9377.644869742584,0.023566295475673238,55.0,11323.466796875,0.14318787414751868,0.023566295475673238,0.0565638025872186,0.7130959701331255,0.04487371145238006,0.05625315628521954,0.010890737041342469,0.24019786278520186,0.010322328177529068,0.55,2
2020-07-27,10990.873046875,11298.2216796875,9903.9697265625,9905.2177734375,35359749590,84.67168730566267,9712.2510591305,9497.143253233875,0.1096100707382146,58.0,11759.5927734375,0.06994164369690974,0.1096100707382146,0.15385342504571464,0.8467168730566267,0.13165042583433495,0.15728201142301335,0.022649737943394532,0.7203754770382557,0.03341445830158841,0.58,2
2020-07-28,10912.8232421875,11204.3271484375,10632.6318359375,11017.4638671875,28766551142,81.72498117191765,9896.954471908499,9602.00843760081,-0.007101328925793737,76.0,11053.6142578125,0.012901429126123931,-0.007101328925793737,0.13899811416103813,0.8172498117191764,0.10264458355976491,0.13651464827437843,0.03071711884283501,0.4880138125690341,0.03398214934230314,0.76,1
2020-07-29,11100.4677734375,11304.3974609375,10856.1416015625,10912.953125,24617249715,83.23553780764826,10082.110364451422,9713.005425440566,0.017194865809297744,71.0,11246.3486328125,0.013141865942269642,0.017194865809297744,0.16395017375983767,0.8323553780764825,0.10100637388147526,0.14284583269796758,0.03800110499723264,0.3136861936386526,0.03356820341509433,0.71,1
2020-07-30,11111.2138671875,11169.3564453125,10895.455078125,11099.8330078125,22857247901,83.32056540384627,10240.433980256972,9816.576421125523,0.0009680757576464583,76.0,11205.892578125,0.008521005181719657,0.0009680757576464583,0.14819508093556766,0.8332056540384627,0.0850334945383513,0.1318827858637035,0.043177737425778906,0.22297535770913676,0.03334289012549276,0.76,1
2020-07-31,11323.466796875,11415.8642578125,10987.0537109375,11110.2109375,23160469766,84.94478582167075,10407.054413582822,9928.197930440298,0.0191025870102548,75.0,11747.0224609375,0.03740512262369957,0.0191025870102548,0.14318787414751877,0.8494478582167075,0.08805684556584215,0.1405359639493835,0.04823196379620209,0.20942008607770157,0.033325835166729476,0.75,2
2020-08-01,11759.5927734375,11794.775390625,11239.6826171875,11322.5703125,26075670303,87.61376861776526,10615.13723817585,10063.856807699349,0.03851523428168302,75.0,11779.7734375,0.0017161022878346575,0.03851523428168302,0.0699416436969098,0.8761376861776526,0.10781354113310715,0.16849762453305472,0.05477824665139752,0.29750608828444686,0.03381851774930753,0.75,1
2020-08-02,11053.6142578125,12034.14453125,11018.1298828125,11758.7646484375,27410067336,66.92948323308508,10682.595241196872,10137.172174374398,-0.060034265575901635,80.0,11601.47265625,0.04956373414698123,-0.060034265575901635,0.01290142912612402,0.6692948323308507,0.03473116861947667,0.09040411543514693,0.053804261922396845,0.32219868902933313,0.04255569615706537,0.8,2
2020-08-03,11246.3486328125,11453.0791015625,11012.4150390625,11043.7685546875,20271713443,69.0759164292312,10769.326532214662,10219.333393517962,0.017436321777176023,75.0,11754.0458984375,0.0451432978116769,0.017436321777176023,0.013141865942269737,0.690759164292312,0.044294515462123485,0.1004972829192523,0.05381888597993645,0.01502470606183247,0.041983036507567684,0.75,2
2020-08-04,11205.892578125,11385.3818359375,11094.1455078125,11246.203125,21250197042,68.0770981957347,10836.490539277791,10292.411851637002,-0.00359726129861071,72.0,11675.7392578125,0.04192853683112104,-0.00359726129861071,0.00852100518171972,0.6807709819573471,0.03408871511568057,0.08875283457907002,0.052862117789646446,0.0487207954008671,0.04250902650471861,0.72,2
2020-08-05,11747.0224609375,11786.6171875,11158.28515625,11203.8232421875,24411254471,73.5800370163889,10976.572373379284,10400.16078565926,0.04828976175167332,75.0,11878.111328125,0.011159327193202466,0.04828976175167332,0.03740512262369955,0.735800370163889,0.07019040747426164,0.1295039281638244,0.05542333427333501,0.16614074156674635,0.04372752494975629,0.75,1
2020-08-06,11779.7734375,11902.3359375,11598.7138671875,11749.87109375,23400740340,73.87358530879385,11100.141767859393,10502.35431542524,0.002788023660583505,79.0,11410.525390625,-0.03134593791927503,0.002788023660583505,0.0017161022878346976,0.7387358530879385,0.06122729635836621,0.12163169168636423,0.0569193758352029,0.10125260056622444,0.029655386201405096,0.79,0
2020-08-07,11601.47265625,11898.0380859375,11408.59375,11778.89453125,23132312867,69.3556219982733,11177.269596842563,10583.770488819666,-0.01513618086086388,77.0,11584.9345703125,-0.0014255160898552412,-0.01513618086086388,0.04956373414698123,0.6935562199827331,0.03795229735956873,0.09615686285954528,0.05607633958520264,0.06431712104104607,0.03019457009551121,0.77,1
2020-08-08,11754.0458984375,11800.064453125,11558.431640625,11604.5537109375,17572057837,70.99056495982934,11266.004412472554,10670.457556198764,0.013151196120374076,77.0,11784.1376953125,0.002560122457833876,0.013151196120374076,0.04514329781167681,0.7099056495982934,0.043319837991953714,0.10155031651939317,0.05581268217760926,-0.22122620525384756,0.030063004270707756,0.77,1
2020-08-09,11675.7392578125,11806.056640625,11548.7841796875,11737.3251953125,17489608833,68.95710458340814,11329.040542524854,10744.92286742941,-0.006662100973708895,79.0,11768.87109375,0.007976525843978864,-0.006662100973708895,0.04192853683112108,0.6895710458340814,0.03060265465431722,0.08662848508709464,0.0543622027167876,-0.234409422788304,0.03030494729320969,0.79,1
2020-08-10,11878.111328125,12045.140625,11662.2568359375,11662.2568359375,26114112569,71.24914617180258,11413.512971078722,10828.862753406862,0.017332698670629254,78.0,11865.6982421875,-0.0010450386929871827,0.017332698670629254,0.01115932719320245,0.7124914617180258,0.0407059910672154,0.09689369960737881,0.053989992392130315,0.1484307212906371,0.030220985547972156,0.78,1
2020-08-11,11410.525390625,11932.7109375,11195.708984375,11881.6474609375,27039782640,60.190891281314244,11413.053343316611,10871.948874682279,-0.03936534391564839,84.0,11892.8037109375,0.04226609238420736,-0.03936534391564839,-0.03134593791927498,0.6019089128131424,-0.00022149661581061242,0.04953817591958276,0.04977069657625166,0.16019452118831384,0.03071499413365071,0.84,2
2020-08-12,11584.9345703125,11748.396484375,11249.60546875,11404.5966796875,25064548486,62.52712621456991,11439.496609008287,10924.762629914147,0.015284938573538076,75.0,12254.40234375,0.05778779063224708,0.015284938573538076,-0.0014255160898551944,0.6252712621456991,0.012713667941444573,0.06042895051931585,0.04711626206730557,0.06943625210032414,0.02343198195589041,0.75,2
2020-08-13,11784.1376953125,11796.396484375,11216.8720703125,11588.4052734375,27522199497,65.04998486342046,11492.518314593552,10988.420042165875,0.017195015111304723,75.0,11991.2333984375,0.017574107540119684,0.017195015111304723,0.002560122457833769,0.6504998486342046,0.025374715335336084,0.07241420059419057,0.045875409794428945,0.13978982148728153,0.023417817078323373,0.75,1
2020-08-14,11768.87109375,12150.994140625,11685.455078125,11772.6591796875,24237958589,64.69052738999537,11535.034126771467,11046.231231172105,-0.0012955213149429268,78.0,11758.283203125,-0.0008996521875936619,-0.0012955213149429268,0.007976525843978788,0.6469052738999537,0.020271892081864307,0.06541958496565137,0.04425064851258731,-0.0030943126953297093,0.023335879392688847,0.78,1
2020-08-15,11865.6982421875,11963.203125,11768.697265625,11768.697265625,23354924400,65.97475223616168,11585.905529143163,11106.932491247318,0.008227394765919493,79.0,11878.3720703125,0.0010681063909024132,0.008227394765919493,-0.0010450386929872213,0.6597475223616168,0.024149403975420647,0.06831460905503084,0.04312379122438115,-0.04604404557193594,0.01791852646610808,0.79,1
2020-08-16,11892.8037109375,11934.9013671875,11737.1884765625,11866.685546875,20583375490,66.34378050172663,11633.1206340346,11165.145174187332,0.0022843551383793237,82.0,11592.4892578125,-0.025251779178765782,0.0022843551383793237,0.04226609238420731,0.6634378050172662,0.022322735667603677,0.06517233098163744,0.0419139610409347,-0.14169157991776027,0.0179141242074037,0.82,0
2020-08-17,12254.40234375,12359.056640625,11806.6962890625,11895.658203125,28227687027,70.88099587232409,11728.702435529276,11245.830890451234,0.03040482644811049,83.0,11681.8251953125,-0.046724200199736894,0.03040482644811049,0.05778779063224704,0.7088099587232409,0.04482165960901541,0.08968403163123662,0.04293782734080098,0.17526468500074793,0.019078358078400474,0.83,0
2020-08-18,11991.2333984375,12335.70703125,11954.525390625,12251.8955078125,26043227672,64.1073225795409,11769.091814438234,11301.04589104281,-0.021475461465219614,82.0,11664.84765625,-0.027218696471209478,-0.021475461465219614,0.017574107540119677,0.641073225795409,0.018874997960908413,0.06107288777065589,0.04141615987652947,0.09171395399591398,0.020644810533395626,0.82,0
2020-08-19,11758.283203125,12028.923828125,11687.3330078125,11990.884765625,24502851117,58.75488582590686,11767.428951159274,11334.915321567416,-0.019426708460436926,80.0,11774.595703125,0.0013873198763969749,-0.019426708460436926,-0.0008996521875936914,0.5875488582590687,-0.000777208689530573,0.03735077585908608,0.038157640998772724,0.027288828357296298,0.021624526514680203,0.8,1
2020-08-20,11878.3720703125,11900.4111328125,11710.0634765625,11761.5,20175242945,60.58198856554709,11784.497123336694,11375.171377030016,0.01021312934149976,75.0,11366.134765625,-0.0431235275048952,0.01021312934149976,0.0010681063909023791,0.605819885655471,0.007965969696738906,0.04423675710931274,0.03598413885290852,-0.16076460988091335,0.02113567267270122,0.75,0
2020-08-21,11592.4892578125,11899.259765625,11564.9794921875,11878.0263671875,23762425999,54.40343569721185,11754.957451717588,11391.268997828718,-0.024067507803910648,81.0,11488.36328125,-0.008982193060246023,-0.024067507803910648,-0.025251779178765754,0.5440343569721184,-0.013821248998340585,0.017664428785075348,0.031926948082622975,0.007778184099448849,0.01831938985181291,0.81,1
2020-08-22,11681.8251953125,11689.4072265625,11448.8056640625,11585.4775390625,20224191306,55.916448673456706,11743.706335347575,11412.791679123813,0.007706363621583279,78.0,11323.3974609375,-0.030682511369783574,0.007706363621583279,-0.04672420019973689,0.5591644867345671,-0.0052693024048819925,0.023572980542595934,0.028995066722287355,-0.1380923201767927,0.017847206045435902,0.78,0
2020-08-23,11664.84765625,11713.4296875,11559.9208984375,11679.6962890625,18482062658,55.53927276580245,11731.574230871025,11431.462492244273,-0.0014533293195752028,76.0,11542.5,-0.010488577292687264,-0.0014533293195752028,-0.027218696471209447,0.5553927276580245,-0.005687776704803804,0.020416037244934238,0.026253135924678483,-0.2243098301652923,0.01691414903414146,0.76,1
2020-08-24,11774.595703125,11807.6318359375,11623.25,11663.689453125,20681511755,57.53342515177891,11738.192918910097,11456.879767124326,0.00940844236539995,78.0,11506.865234375,-0.022737975511035492,0.00940844236539995,0.001387319876396953,0.575334251517789,0.00310122558611714,0.02773145415319478,0.024554080823384616,-0.11064025177268981,0.017221415512122504,0.78,0
2020-08-25,11366.134765625,11778.2998046875,11189.8505859375,11773.5888671875,26301509932,48.766594417820144,11680.953203020083,11450.157915161413,-0.034690018052305094,75.0,11711.505859375,0.030385975608393973,-0.034690018052305094,-0.04312352750489523,0.4876659441782014,-0.02695143383621179,-0.007338165129160079,0.02015651570648358,0.1256630283214709,0.020100707889554446,0.75,2
2020-08-26,11488.36328125,11530.052734375,11296.9931640625,11366.89453125,22466660958,51.164671803479074,11651.323984286224,11452.987942279085,0.010753745063331488,76.0,11680.8203125,0.016752345528984663,0.010753745063331488,-0.008982193060246058,0.5116467180347908,-0.013986453664493803,0.0030887432300810147,0.01731740599105791,-0.02991533359789645,0.020572930626377908,0.76,1
2020-08-27,11323.3974609375,11570.7861328125,11185.94140625,11485.6083984375,23240415076,47.90554069667206,11600.873749924882,11443.388647364893,-0.01435938403704018,75.0,11970.478515625,0.057145486318902566,-0.01435938403704018,-0.030682511369783616,0.4790554069667206,-0.02391856811554205,-0.010485634118091669,0.013762103814961568,0.003711517679298264,0.016991711016440855,0.75,2
2020-08-28,11542.5,11545.615234375,11316.4228515625,11325.2958984375,19807127588,52.25557267934117,11591.89317301336,11450.730229041568,0.01934954061432026,74.0,11414.0341796875,-0.011129808993935456,0.01934954061432026,-0.010488577292687262,0.5225557267934117,-0.004261010024518841,0.008014316041232261,0.012327855180255032,-0.1609542766880948,0.01818699388501391,0.74,1
2020-08-29,11506.865234375,11585.640625,11466.29296875,11541.0546875,17485597759,51.50232307229238,11578.811951684382,11454.888377584786,-0.0030872658111327222,79.0,10245.296875,-0.10963614622045433,-0.0030872658111327222,-0.022737975511035513,0.5150232307229238,-0.006213652800442615,0.004537526257516689,0.010818400844664122,-0.2856099518680211,0.017326376513846487,0.79,0
2020-08-30,11711.505859375,11715.2646484375,11492.3818359375,11508.7138671875,19760127945,55.47189055014456,11599.2263990214,11473.897079939616,0.017784220187846422,75.0,10511.8134765625,-0.10243707318407329,0.017784220187846422,0.030385975608393956,0.5547189055014455,0.00967990937422103,0.020708637856862833,0.010922994882087922,-0.14957209035209626,0.018069911300698422,0.75,0
2020-08-31,11680.8203125,11768.876953125,11598.318359375,11713.306640625,22285928250,54.748256089882815,11611.779308787338,11489.224726795941,-0.0026201196706430174,75.0,10169.5673828125,-0.12937900671841193,-0.0026201196706430174,0.016752345528984636,0.5474825608988282,0.005945772984198516,0.016676110900434082,0.010666914862024202,-0.018870976594072268,0.016243290810291553,0.75,0
2020-09-01,11970.478515625,12067.0810546875,11601.12890625,11679.31640625,27311555343,60.046562511357045,11666.963802146978,11524.873155598094,0.024797762089964426,75.0,10280.3515625,-0.14119126072686958,0.024797762089964426,0.05714548631890248,0.6004656251135705,0.026014884302818286,0.03866466502587551,0.012329042118772948,0.1795485754606767,0.017860184333596842,0.75,0
2020-09-02,11414.0341796875,11964.8232421875,11290.7939453125,11964.8232421875,28037405299,48.33783882079797,11628.051552537827,11516.662861086197,-0.04648471948812871,83.0,10369.5634765625,-0.09150758502053094,-0.04648471948812871,-0.011129808993935453,0.4833783882079797,-0.01840526522292696,-0.008911321155842034,0.009671959038412226,0.20465014174460086,0.02371104962422408,0.83,0
2020-09-03,10245.296875,11443.0224609375,10182.46484375,11407.19140625,31927261555,33.543167019981,11415.320063685853,11422.487602857589,-0.10239476124641311,79.0,10131.5166015625,-0.011105610196141827,-0.10239476124641311,-0.10963614622045437,0.33543167019980996,-0.10249587240290381,-0.10305905060147225,-0.0006274937142364267,0.3178842112828279,0.03912649084732219,0.79,1
2020-09-04,10511.8134765625,10663.919921875,10207.9404296875,10230.365234375,29965130374,38.18912265081841,11276.31905028226,11355.030260169064,0.02601355576262887,40.0,10242.34765625,-0.025634570182710172,0.02601355576262887,-0.10243707318407325,0.38189122650818413,-0.0677974408413553,-0.0742593162930073,-0.00693183620680482,0.24033273003675304,0.04010069916398728,0.4,0
2020-09-05,10169.5673828125,10581.5712890625,9946.67578125,10512.5302734375,44916565292,34.8225011345381,11106.04956297922,11267.218195179688,-0.03255823502891142,41.0,10363.138671875,0.019034368107895445,-0.03255823502891142,-0.12937900671841196,0.34822501134538103,-0.08432180811513568,-0.09741985939677489,-0.014304207960525561,0.5947607366566128,0.04030561927517712,0.41,1
2020-09-06,10280.3515625,10353.927734375,10056.8857421875,10167.216796875,37071460174,36.76576081951906,10979.019101367034,11194.116963129341,0.010893696409813414,41.0,10400.9150390625,0.011727563578884173,0.010893696409813414,-0.1411912607268696,0.3676576081951906,-0.06363660837242191,-0.08162907388220608,-0.019215259450190425,0.38511440402319047,0.04088349351368607,0.41,1
2020-09-07,10369.5634765625,10399.1533203125,9916.4931640625,10280.998046875,33703098409,38.35954238345916,10885.25669755095,11133.038927087355,0.00867790498409815,41.0,10442.1708984375,0.0070019747734905895,0.00867790498409815,-0.09150758502053091,0.38359542383459155,-0.047375384459649506,-0.06857745270855675,-0.02225647742356629,0.27478625397731044,0.04019974947656762,0.41,1
2020-09-08,10131.5166015625,10414.775390625,9945.1103515625,10369.306640625,33430927462,35.76890595211245,10769.296682783497,11058.852088159589,-0.022956306264775628,41.0,10323.755859375,0.018974381168447428,-0.022956306264775628,-0.011105610196141869,0.35768905952112445,-0.05922207364206,-0.08385458808965907,-0.026183133933594283,0.24939418423269388,0.040316583583544036,0.41,1
2020-09-09,10242.34765625,10350.54296875,10017.2509765625,10134.1513671875,24128292755,37.87268113537068,10688.227601778342,10998.37027838851,0.010939236349907233,38.0,10680.837890625,0.04281149684539639,0.010939236349907233,-0.025634570182710203,0.3787268113537068,-0.0417169209097078,-0.06873951349174634,-0.02819896664322974,-0.0842603986894912,0.039811840880373435,0.38,2
2020-09-10,10363.138671875,10503.912109375,10238.1357421875,10242.330078125,54406443211,40.172597310251284,10638.213920254751,10951.316085313434,0.011793293850096198,38.0,10796.951171875,0.0418611111686987,0.011793293850096198,0.019034368107895494,0.40172597310251285,-0.025857277400299195,-0.053708377044036304,-0.02859036873920362,0.672106365903035,0.04046756765438406,0.38,2
2020-09-11,10400.9150390625,10434.9228515625,10140.8369140625,10369.0283203125,45201121775,40.90934442808316,10601.706400071329,10910.545637442994,0.0036452631180188266,41.0,10974.9052734375,0.055186513130746365,0.0036452631180188266,0.01172756357888427,0.4090934442808316,-0.01893953231976675,-0.04670990941383679,-0.028306488752660175,0.44277455249720143,0.03890368223872583,0.41,2
2020-09-12,10442.1708984375,10578.837890625,10292.38671875,10409.861328125,36750077324,41.752955595104424,10577.162476743048,10875.851212331476,0.003966560559340859,41.0,10948.990234375,0.04853582084289936,0.003966560559340859,0.007001974773490627,0.41752955595104424,-0.012762551261017885,-0.03987552840022779,-0.027463481226164932,0.2048143342736511,0.0373543142415556,0.41,2
2020-09-13,10323.755859375,10577.21484375,10224.330078125,10452.3994140625,36506852789,39.98829064567242,10538.17684330181,10834.955260260625,-0.011340078630605377,38.0,10944.5859375,0.06013606739462212,-0.011340078630605377,0.01897438116844752,0.3998829064567242,-0.02034706639631867,-0.04718057330246228,-0.027390829941615902,0.17209213001227983,0.017844534306134006,0.38,2
2020-09-14,10680.837890625,10800.0107421875,10266.0087890625,10328.734375,35453581940,47.23098034942505,10560.124696736148,10823.539158806136,0.0345883839286778,39.0,11094.3466796875,0.03871501405572809,0.0345883839286778,0.04281149684539631,0.47230980349425056,0.011431038681405159,-0.013184344426289907,-0.02433718381807415,0.12803758198862147,0.0193292580952685,0.39,2
2020-09-15,10796.951171875,10938.6318359375,10656.4599609375,10677.7548828125,32509451925,49.37073552226831,10596.559539065202,10821.569678292719,0.010871177190313608,47.0,10938.271484375,0.013088909105018977,0.010871177190313608,0.04186111116869862,0.4937073552226831,0.018911008999764167,-0.0022749478263861533,-0.02079274503761419,0.025374424746935215,0.01519799336374854,0.47,1
2020-09-16,10974.9052734375,11100.1240234375,10704.884765625,10797.76171875,30769986455,52.54660836041267,10654.766575122478,10832.927870525666,0.01648188444401355,43.0,10462.259765625,-0.046710700005152025,0.01648188444401355,0.055186513130746295,0.5254660836041267,0.03004652387810225,0.013106096948926282,-0.016446273577426007,-0.04142490818532271,0.01549338136472463,0.43,0
2020-09-17,10948.990234375,11037.4208984375,10774.6279296875,10973.251953125,38151810523,52.03471065868796,10700.031753469018,10841.525082662652,-0.0023612995663134795,48.0,10538.4599609375,-0.03749480679493311,-0.0023612995663134795,0.048535820842899424,0.5203471065868797,0.02326707870051581,0.009912364809652185,-0.013051053990540962,0.14541014193126303,0.015725697043216545,0.48,0
2020-09-18,10944.5859375,11034.908203125,10829.6572265625,10951.8203125,26341903912,51.9420986330099,10737.655474089168,10849.159220058013,-0.00040225598714782596,49.0,10246.1865234375,-0.06381231944732949,-0.00040225598714782596,0.06013606739462207,0.519420986330099,0.019271475408218386,0.008795770760333443,-0.01027763937344528,-0.23833607199093482,0.012459050085085306,0.49,0
2020-09-19,11094.3466796875,11134.0927734375,10909.6181640625,10933.7529296875,22764204008,54.88261907028202,10792.53104418122,10867.321254104641,0.013683545731443925,48.0,10760.06640625,-0.03013068575272932,0.013683545731443925,0.03871501405572819,0.5488261907028202,0.027965232091595738,0.020890651916368963,-0.006882120089637844,-0.3887905717731978,0.012565205749541779,0.48,0
2020-09-20,10938.271484375,11095.8701171875,10814.4775390625,11095.8701171875,24699523788,51.3559040613532,10814.95265036488,10872.57682671726,-0.014067993350005525,52.0,10692.716796875,-0.022449130820236786,-0.014067993350005525,0.013088909105019031,0.513559040613532,0.011402623570983428,0.006042234394362467,-0.00529995577596476,-0.3107830914016641,0.014265257561998907,0.52,0
2020-09-21,10462.259765625,10988.3046875,10380.2607421875,10934.92578125,28884999244,42.40578035248394,10760.692206558744,10842.182970340056,-0.04351800185522625,48.0,10750.7236328125,0.027571850981494683,-0.04351800185522625,-0.046710700005151984,0.42405780352483935,-0.027733572822745245,-0.03504120948284828,-0.007516084537979029,-0.15657625656526922,0.0211055025762246,0.48,1
2020-09-22,10538.4599609375,10568.0771484375,10382.7265625,10459.6240234375,23621787804,44.08568560006889,10726.502630309322,10819.684969643571,0.0072833400259153525,39.0,10775.26953125,0.0224709844882718,0.0072833400259153525,-0.03749480679493311,0.4408568560006889,-0.017530659885401922,-0.025991977538633915,-0.008612296901036154,-0.3511720590932307,0.021186871461090828,0.39,1
2020-09-23,10246.1865234375,10537.828125,10197.865234375,10535.4921875,23788661867,39.34527052638556,10652.607844636734,10777.203603257936,-0.027733979972724532,43.0,10709.65234375,0.04523300637289312,-0.027733979972724532,-0.06381231944732946,0.3934527052638556,-0.03815228412860938,-0.04927225088889575,-0.01156104711462791,-0.3319330047422985,0.022828918358972366,0.43,2
2020-09-24,10760.06640625,10771.056640625,10231.490234375,10248.7861328125,47144380902,49.605535139846346,10669.139931038775,10775.934181257348,0.050153282066164984,39.0,10844.640625,0.007860008995936581,0.050153282066164984,-0.03013068575272937,0.49605535139846346,0.008522380979060884,-0.0014725196665498208,-0.009910440099413442,0.326493879803612,0.02582271761476732,0.39,1
2020-09-25,10692.716796875,10777.6962890625,10578.9140625,10761.109375,39348590957,48.448797046810185,10672.767141167426,10769.769930562357,-0.006259218747560857,46.0,10784.4912109375,0.00858289018646052,-0.006259218747560857,-0.022449130820236807,0.4844879704681018,0.0018692111842881776,-0.0071545756487050305,-0.00900695093956072,0.15395814895860893,0.025665716248653846,0.46,1
2020-09-26,10750.7236328125,10772.9990234375,10667.28125,10695.5751953125,46852525493,49.540185432894006,10684.760447574361,10768.359093691997,0.005424892199001441,45.0,10619.4521484375,-0.012210478927608525,0.005424892199001441,0.027571850981494617,0.49540185432894007,0.006173576428015748,-0.0016377110687020302,-0.007763359801643999,0.3141095773918486,0.02507589763640575,0.45,1
2020-09-27,10775.26953125,10803.9765625,10622.921875,10746.892578125,53745972818,50.022356050601445,10698.684921985998,10768.870977955552,0.0022831856976197606,47.0,10575.974609375,-0.01849558577602286,0.0022831856976197606,0.022470984488271784,0.5002235605060145,0.007158319907769162,0.0005941712281209988,-0.006517494369950971,0.4225111250364098,0.02510692263694365,0.47,0
2020-09-28,10709.65234375,10945.34765625,10703.8935546875,10776.61328125,47762394731,48.68312082275425,10700.372217641998,10764.484412458844,-0.006089609852421796,43.0,10549.3291015625,-0.014969976339247123,-0.006089609852421796,0.04523300637289318,0.4868312082275425,0.0008672713359167972,-0.005093794241123217,-0.005955900195520947,0.2843424248412248,0.025148323629160384,0.43,1
2020-09-29,10844.640625,10860.0009765625,10649.4951171875,10709.650390625,46582396602,51.55649021788838,10722.567357235537,10770.421909684115,0.012604356977915954,45.0,10669.5830078125,-0.016142316121010233,0.012604356977915954,0.00786000899593664,0.5155649021788838,0.011384705145460083,0.006890975668200294,-0.004443145574970497,0.2285675710251171,0.02507630810755508,0.45,0
2020-09-30,10784.4912109375,10847.2568359375,10669.3212890625,10843.87109375,44171073700,50.20746661098173,10732.094103958916,10771.464080147329,-0.00554646448346463,49.0,10793.33984375,0.0008204960845557391,-0.00554646448346463,0.008582890186460412,0.5020746661098173,0.004882281730949067,0.0012094113384439886,-0.0036550255281428967,0.1893187740689326,0.024763175124425902,0.49,1
2020-10-01,10619.4521484375,10933.6240234375,10472.3564453125,10795.2548828125,40023134100,46.60416229906309,10714.764572340237,10760.203937057713,-0.015303370300178809,45.0,10604.40625,-0.0014168243547021198,-0.015303370300178809,-0.012210478927608515,0.4660416229906309,-0.00889542866380677,-0.013080773323958073,-0.004222909248121742,0.09781441630654185,0.020666728488671803,0.45,1
2020-10-02,10575.974609375,10657.837890625,10416.689453125,10619.8212890625,48661453918,45.67419762983841,10693.412270345585,10746.557320192327,-0.00409414143543152,41.0,10668.96875,0.008792961789314999,-0.00409414143543152,-0.018495585776022838,0.4567419762983841,-0.010982243834015137,-0.01587324254036304,-0.004945309298903022,0.27696745893819996,0.02063723422565153,0.41,1
2020-10-03,10549.3291015625,10598.9404296875,10511.1298828125,10575.1005859375,44660271563,45.080488013813124,10671.24562899434,10731.947822516044,-0.0025194375739971964,40.0,10915.685546875,0.034727937841870685,-0.0025194375739971964,-0.014969976339247126,0.45080488013813125,-0.011424770047517852,-0.017016363103294463,-0.005656214000066995,0.1801739713552655,0.018194100072487295,0.4,2
2020-10-04,10669.5830078125,10686.0,10534.3916015625,10550.4404296875,71251776995,48.343990049064566,10670.98984112021,10727.328206612077,0.011399199427022166,42.0,11064.4580078125,0.03700941261817486,0.011399199427022166,-0.016142316121010247,0.48343990049064567,-0.00013183718930076527,-0.005382999166929969,-0.0052518543673476525,0.6004345596028364,0.008700058158407015,0.42,2
2020-10-05,10793.33984375,10793.5078125,10634.6005859375,10676.529296875,47537578009,51.53577193873056,10689.81291844787,10732.217957511184,0.01159903211277169,42.0,11296.361328125,0.04660480367124547,0.01159903211277169,0.0008204960845556997,0.5153577193873056,0.00968463396805297,0.00569517750019588,-0.003951190632839885,0.17669372687354806,0.00927133971000625,0.42,2
2020-10-06,10604.40625,10797.578125,10528.890625,10796.306640625,42623695307,46.78321742696488,10676.673430994351,10722.750423621468,-0.017504646058134066,47.0,11384.181640625,0.07353314954573718,-0.017504646058134066,-0.0014168243547021397,0.4678321742696488,-0.006768698271182427,-0.01103673674627026,-0.004297124413677689,0.052815813913162264,0.010764004390042912,0.47,2
2020-10-07,10668.96875,10680.5078125,10562.5068359375,10603.35546875,37799458436,48.52995906056319,10675.48809545676,10718.766595945805,0.0060882710901424275,43.0,11555.36328125,0.0830815566171754,0.0060882710901424275,0.00879296178931499,0.48529959060563194,-0.0006106835957724321,-0.0046458559853929104,-0.00403763810897928,-0.06686389622963776,0.010970690206461992,0.43,2
2020-10-08,10915.685546875,10945.7373046875,10562.6064453125,10669.37109375,63314794397,54.6550438679891,10712.441549521105,10733.353184903523,0.023124708925124526,46.0,11425.8994140625,0.046741348951149175,0.023124708925124526,0.03472793784187078,0.546550438679891,0.018972705373872634,0.016987455721472866,-0.001948285407381345,0.40423225147982533,0.01312442405179582,0.46,2
2020-10-09,11064.4580078125,11102.671875,10846.8505859375,10927.9130859375,22799117613,57.90791281289401,10766.59792771978,10757.879468081965,0.013629236597062944,48.0,11429.5068359375,0.03299292453975086,0.013629236597062944,0.03700941261817481,0.5790791281289401,0.02766519954514579,0.028498045608350342,0.0008104254805683109,-0.6172062404425414,0.013220218254893015,0.48,2
2020-10-10,11296.361328125,11442.2109375,11056.9404296875,11059.142578125,22877978588,62.43194228759292,10848.099989320583,10797.767013270337,0.02095930231275278,53.0,11495.349609375,0.017615254635541002,0.02095930231275278,0.04660480367124542,0.6243194228759292,0.04132164519553738,0.046175687458517745,0.004661424532348857,-0.6115959579140489,0.014144466223901054,0.53,1
2020-10-11,11384.181640625,11428.8134765625,11288.6279296875,11296.08203125,19968627060,64.0095009855581,10930.574089521262,10841.205133815127,0.0077742124166433335,55.0,11322.123046875,-0.005451300384082148,0.0077742124166433335,0.0735331495457372,0.6400950098555811,0.04149896861671665,0.050084515522749395,0.008243452144206964,-0.7369808188839472,0.012269684492621589,0.55,1
2020-10-12,11555.36328125,11698.4677734375,11240.6865234375,11392.6357421875,26163972642,66.92500387805771,11026.695503633375,10894.10573732882,0.01503679807902314,52.0,11358.1015625,-0.017071009707681058,0.01503679807902314,0.08308155661717542,0.6692500387805771,0.04794435263424335,0.060698653002363434,0.012170780190817743,-0.4698014357067583,0.01182311081422368,0.52,0
2020-10-13,11425.8994140625,11548.984375,11321.224609375,11548.7197265625,24241420251,62.78270253829119,11088.111489853241,10933.497861531314,-0.011203790312466544,56.0,11483.359375,0.005028922350461162,-0.011203790312466544,0.04674134895114923,0.6278270253829119,0.030463972563620878,0.045036049649185284,0.014141277592958135,-0.5466627929073189,0.013018403890364945,0.56,1
2020-10-14,11429.5068359375,11539.9775390625,11307.8310546875,11429.0478515625,24103426719,62.85169875621008,11140.633850789281,10970.239267042884,0.0003157232305546209,53.0,11742.037109375,0.027344160856951346,0.0003157232305546209,0.03299292453975089,0.6285169875621007,0.02592967231642329,0.0418648634469041,0.015532440049717211,-0.5244754414793773,0.013176236798628761,0.53,1
2020-10-15,11495.349609375,11569.9140625,11303.603515625,11426.6025390625,24487233058,64.15778297411687,11195.205505956315,11009.136329437855,0.005760771167350187,56.0,11916.3349609375,0.03662223123854942,0.005760771167350187,0.017615254635541033,0.6415778297411687,0.02681005750711729,0.04416452529859538,0.016901341844675066,-0.4902628415858663,0.013077901148844842,0.56,2
2020-10-16,11322.123046875,11540.0615234375,11223.0126953125,11502.828125,25635480772,58.345696024568376,11214.731281482267,11032.320530729496,-0.01506927308750361,52.0,12823.689453125,0.1326223359376442,-0.01506927308750361,-0.005451300384082147,0.5834569602456837,0.009575955294627292,0.026268500388316962,0.016534214197700514,-0.417545359712887,0.0125971664410075,0.52,2
2020-10-17,11358.1015625,11386.26171875,11285.345703125,11322.123046875,19130430174,59.172959951211695,11236.788247792687,11056.452459008793,0.0031777181254826203,56.0,12965.8916015625,0.14155446931120888,0.0031777181254826203,-0.01707100970768105,0.5917295995121169,0.010796084435527487,0.0272826301754161,0.016310456672470552,-0.6647538763938289,0.012644904862975984,0.56,2
2020-10-18,11483.359375,11483.359375,11347.578125,11355.982421875,18283314340,62.00231596095115,11274.722267363044,11088.075193526662,0.011028058853915557,55.0,12931.5390625,0.12611115268697232,0.011028058853915557,0.005028922350461151,0.6200231596095115,0.01850485561324189,0.03564948600854634,0.01683313565057243,-0.6696051965922285,0.011376955920645327,0.55,2
2020-10-19,11742.037109375,11799.0927734375,11408.2900390625,11495.0380859375,23860769928,67.07668621208995,11346.616858441806,11136.516816922835,0.02252631185070797,55.0,13108.0625,0.11633632034209354,0.02252631185070797,0.02734416085695135,0.6707668621208995,0.03484917626693318,0.05437250285762851,0.01886586667742529,-0.37103257684644053,0.012415051161689134,0.55,2
2020-10-20,11916.3349609375,11999.91796875,11681.48046875,11745.974609375,30915821592,69.98524286574128,11434.265797287298,11194.281123886885,0.014843919324981414,56.0,13031.173828125,0.09355551609131603,0.014843919324981414,0.03662223123854935,0.6998524286574128,0.04216004527064343,0.06450202822849094,0.021438149600184975,-0.09264792462695279,0.011729686494344109,0.56,2
2020-10-21,12823.689453125,13184.56640625,11900.9287109375,11913.0771484375,43414712626,79.92688922855147,11648.023282800792,11314.978037163783,0.07614375520341321,61.0,13075.248046875,0.01961670973626843,0.07614375520341321,0.13262233593764416,0.7992688922855148,0.10093267688262353,0.13333754701121725,0.029434016092928283,0.24189501601639268,0.025314177612584688,0.61,1
2020-10-22,12965.8916015625,13161.59375,12717.09375,12801.6357421875,34729759598,80.9896312791121,11850.772254917978,11437.267930822945,0.011089019970212055,73.0,13654.21875,0.053087529156463927,0.011089019970212055,0.14155446931120896,0.8098963127911211,0.09409676624084606,0.13365286884816086,0.03615411710174743,0.039341030330254434,0.02529676922075824,0.73,2
2020-10-23,12931.5390625,13015.9619140625,12752.6474609375,12971.548828125,28974975003,79.88926074097125,12017.04407146906,11547.954681317542,-0.0026494544392426933,74.0,13271.28515625,0.02627267273508265,-0.0026494544392426933,0.12611115268697226,0.7988926074097126,0.07609982834315643,0.11981207229890178,0.04062099333576508,-0.11805511934545825,0.024564170109029473,0.74,1
2020-10-24,13108.0625,13145.06640625,12885.7470703125,12931.57421875,24542317940,81.29557419004472,12184.89306047382,11663.51822344217,0.0136506131750318,73.0,13437.8828125,0.02516163716033548,0.0136506131750318,0.11633632034209351,0.8129557419004472,0.07576344207080643,0.12385150422747082,0.04470133514120578,-0.2097663000772499,0.024175040659311135,0.73,1
2020-10-25,13031.173828125,13329.18359375,12910.0615234375,13108.0634765625,24406920575,78.71361934007327,12315.090101650923,11764.826046011269,-0.0058657541398662305,76.0,13546.5224609375,0.0395473684573396,-0.0058657541398662305,0.09355551609131596,0.7871361934007326,0.058146852403303306,0.10763846206999994,0.04677196700466424,-0.17634252075816573,0.024887089481935302,0.76,2
2020-10-26,13075.248046875,13225.2978515625,12822.3828125,13031.201171875,29461458313,79.12293478790505,12432.037477839243,11861.894342371545,0.003382214014740148,75.0,13780.9951171875,0.05397580740207635,0.003382214014740148,0.0196167097362685,0.7912293478790505,0.05173814591391901,0.10229004486823556,0.048065099807128364,0.03473795174116162,0.023211656273854187,0.75,2
2020-10-27,13654.21875,13759.6689453125,13060.837890625,13075.2421875,33749878156,83.58756892250672,12620.065365863975,11994.659113306985,0.04427990207523247,61.0,13737.109375,0.006070697014430064,0.04427990207523247,0.053087529156463864,0.8358756892250672,0.08194516859899226,0.13835821602065246,0.052140394041141125,0.17777289660942852,0.024539343446142968,0.61,1
2020-10-28,13271.28515625,13837.6953125,12932.2509765625,13654.21484375,35867318895,72.53825982305871,12720.253025923363,12089.224005376838,-0.02804507535445777,70.0,13550.4892578125,0.021038211316785033,-0.02804507535445777,0.026272672735082603,0.725382598230587,0.04331927432604177,0.09777808322084391,0.052197644800515475,0.2884162497041198,0.028682845558128434,0.7,1
2020-10-29,13437.8828125,13612.0478515625,12980.0595703125,13271.298828125,56499499598,74.1398610258027,12830.657608473613,12189.124657756332,0.012553242153156674,67.0,13950.30078125,0.03813234390415622,0.012553242153156674,0.02516163716033537,0.741398610258027,0.04732611706709111,0.10244855063887148,0.05263158501780141,0.6820227808925656,0.028562718670611588,0.67,2
2020-10-30,13546.5224609375,13651.5166015625,13136.1982421875,13437.8740234375,30581485201,75.15734704939169,12940.790662698826,12289.67264317716,0.00808458072996765,74.0,14133.70703125,0.04334577911088949,0.00808458072996765,0.03954736845733953,0.7515734704939169,0.04680794350415285,0.10226877918168986,0.052980908314359754,0.054792055021253054,0.028618828810452624,0.74,2
2020-10-31,13780.9951171875,14028.2138671875,13457.5302734375,13546.5322265625,30306464719,77.23886450506606,13070.052886466316,12400.140974585334,0.01730869726353168,73.0,15579.8486328125,0.1305314674541529,0.01730869726353168,0.053975807402076414,0.7723886450506606,0.05439474781753528,0.11135793902926516,0.05402453998337564,0.028061785010845008,0.018521687860822846,0.73,2
2020-11-01,13737.109375,13862.033203125,13628.3779296875,13780.9951171875,24453857900,75.95606010241882,13172.676961625344,12499.175670912346,-0.003184511845067406,72.0,15565.880859375,0.13312636847044104,-0.003184511845067406,0.006070697014429971,0.7595606010241882,0.042848725055579795,0.09904122773220414,0.053883656686284365,-0.18360538947201083,0.018752542652023245,0.72,2
2020-11-02,13550.4892578125,13808.3232421875,13243.16015625,13737.0322265625,30771455468,70.58733645464511,13230.801930269521,12577.050751423469,-0.013585108198026608,71.0,14833.75390625,0.09470245863614386,-0.013585108198026608,0.02103821131678507,0.7058733645464511,0.024162354574411404,0.07739799461959374,0.05197968838378597,0.03514321441586019,0.019609134205408853,0.71,2
2020-11-03,13950.30078125,13984.9814453125,13325.44140625,13550.451171875,29869951617,74.71131501966221,13341.494061189595,12678.772975855063,0.02950532012761009,71.0,15479.5673828125,0.10962248237815213,0.02950532012761009,0.03813234390415632,0.7471131501966221,0.04563257437796442,0.10028792279949972,0.0522701279214155,-0.004249540513420599,0.02099129521670033,0.71,2
2020-11-04,14133.70703125,14218.7666015625,13580.4716796875,13950.48828125,35116364962,76.34951036603402,13463.372979660426,12786.545868847279,0.013147117963686394,74.0,15332.3154296875,0.0848049556841206,0.013147117963686394,0.04334577911088955,0.7634951036603402,0.04978945860017925,0.10535770772033914,0.05293275586350066,0.1400029221113892,0.020610104796581846,0.74,2
2020-11-05,15579.8486328125,15706.404296875,14102.0888671875,14133.7333984375,40856321439,84.74234422390482,13788.984618606897,12993.457184696555,0.10231863433740651,72.0,15290.90234375,-0.018546155092543985,0.10231863433740651,0.1305314674541529,0.8474234422390482,0.12987642409789957,0.19905337058116812,0.061225232253606654,0.2667740602745168,0.035979365394759974,0.72,0
2020-11-06,15565.880859375,15903.4375,15226.83984375,15579.7294921875,39837841971,84.43069224752026,14062.35327103276,13184.007086524587,-0.0008965281862933772,90.0,15701.33984375,0.008702301244546396,-0.0008965281862933772,0.13312636847044113,0.8443069224752026,0.10691863298864623,0.18066387231276093,0.06662209590329593,0.20897558151571757,0.03517340602095948,0.9,1
2020-11-07,14833.75390625,15737.095703125,14423.203125,15565.880859375,35024953706,69.91649676321282,14181.030291835414,13306.210554652394,-0.0470340843373509,88.0,16276.34375,0.0972504905277001,-0.0470340843373509,0.0947024586361438,0.6991649676321282,0.04602794021181844,0.11479927702357862,0.0657452197671069,0.05465291809505517,0.038071890485553775,0.88,2
2020-11-08,15479.5673828125,15637.3203125,14744.1103515625,14833.75390625,26632075029,74.13961294917007,14380.805228908812,13467.19994933092,0.04353675277640923,82.0,16317.80859375,0.05415146238959031,0.04353675277640923,0.1096224823781522,0.7413961294917008,0.07640477264061096,0.1494273079075772,0.0678392897569835,-0.22346125089790694,0.039376429781539046,0.82,2
2020-11-09,15332.3154296875,15785.13671875,14865.529296875,15479.595703125,34149115566,71.66916554065105,14527.191413643995,13605.356651579556,-0.009512665921690977,90.0,16068.138671875,0.04799165824378669,-0.009512665921690977,0.08480495568412061,0.7166916554065105,0.055421863257568704,0.12693226810099456,0.06775528092881089,0.020316166973861946,0.04010236618632779,0.9,2
2020-11-10,15290.90234375,15450.3291015625,15124.9599609375,15332.3505859375,25574938143,70.95309165568624,14644.685402891075,13730.211888036625,-0.0027010327388199418,90.0,15955.587890625,0.04346934745461136,-0.0027010327388199418,-0.01854615509254398,0.7095309165568624,0.0441263791662847,0.11366834455579178,0.06660301547503766,-0.24178940120708037,0.04037069097437293,0.9,2
2020-11-11,15701.33984375,15916.2607421875,15290.0068359375,15290.9091796875,29772374934,73.7521581261526,14807.247624561678,13876.221366237616,0.02684194109497806,86.0,16716.111328125,0.06462961087864964,0.02684194109497806,0.008702301244546407,0.7375215812615259,0.06038206706999594,0.13152849247224463,0.06709508545239506,-0.08218196770790379,0.04030187525963569,0.86,2
2020-11-12,16276.34375,16305.00390625,15534.771484375,15701.298828125,34175758344,77.08384041643211,15033.262413090652,14054.008209479274,0.03662132734990031,87.0,17645.40625,0.08411363885086293,0.03662132734990031,0.09725049052770007,0.7708384041643211,0.08268872735347843,0.15812823696956313,0.0696779302399213,0.04774069706545163,0.03958200715827692,0.87,2
2020-11-13,16317.80859375,16463.177734375,15992.15234375,16276.4404296875,31599492172,77.30752995396878,15230.884902422858,14221.697126832662,0.002547552717421464,89.0,17804.005859375,0.09107823866706213,0.002547552717421464,0.05415146238959023,0.7730752995396878,0.0713631347285828,0.14738827920632058,0.0709611354109152,-0.041406298679957154,0.03971861578612707,0.89,2
2020-11-14,16068.138671875,16317.80859375,15749.193359375,16317.80859375,27481710135,72.70557440765486,15359.693174646265,14358.470574613577,-0.015300456580341737,90.0,17817.08984375,0.10884590975906196,-0.015300456580341737,0.047991658243786706,0.7270557440765486,0.046123675074326576,0.11907034864034838,0.06973044899384306,-0.18568370351298993,0.04098302018305884,0.9,2
2020-11-15,15955.587890625,16123.1103515625,15793.5341796875,16068.1396484375,23653867583,70.66344892693861,15451.36928479684,14476.775560984792,-0.007004593596581565,86.0,18621.314453125,0.16707166045986288,-0.007004593596581565,0.043469347454611285,0.7066344892693861,0.032632616341923715,0.10215067045907911,0.06732118762955741,-0.3268633507719844,0.026841266983141848,0.86,2
2020-11-16,16716.111328125,16816.181640625,15880.7060546875,15955.5771484375,31526766675,75.64202042317316,15645.944983770403,14642.652284476659,0.04766502135260464,90.0,18642.232421875,0.11522542868623308,0.04766502135260464,0.06462961087864971,0.7564202042317316,0.0683989586736169,0.14160406211697785,0.06851850879211141,-0.03615829001806691,0.030287922729173425,0.9,2
2020-11-17,17645.40625,17782.919921875,16564.544921875,16685.69140625,39006849170,80.08857544507849,15953.554409344188,14865.078504145054,0.05559276937282975,86.0,18370.001953125,0.0410642686747436,0.05559276937282975,0.08411363885086298,0.8008857544507849,0.10604858310853116,0.1870375420539936,0.07322369033541376,0.17195120519895746,0.02693284551617212,0.86,2
2020-11-18,17804.005859375,18393.94921875,17352.90625,17645.19140625,49064800278,80.73495220349989,16238.239247810467,15082.77682675468,0.008988152900985202,91.0,18364.12109375,0.03146006796442734,0.008988152900985202,0.0910782386670621,0.8073495220349989,0.09642465464817307,0.1804196312043318,0.0766080698751812,0.41273837804051033,0.025443382841936448,0.91,2
2020-11-19,17817.08984375,18119.546875,17382.5546875,17803.861328125,36985055355,80.79035419086169,16481.13933949347,15285.318531717296,0.0007348899162549216,94.0,19107.46484375,0.07242344352058407,0.0007348899162549216,0.10884590975906194,0.8079035419086169,0.08105935377023443,0.16563418726140622,0.07823329329348461,0.12029882062291224,0.024565664645460325,0.94,2
2020-11-20,18621.314453125,18773.2265625,17765.794921875,17817.083984375,36992873940,83.86233188317631,16810.397049282936,15532.429340710458,0.045137820846602006,86.0,18732.12109375,0.005950527332747158,0.045137820846602006,0.167071660459863,0.8386233188317631,0.10772603398557501,0.19886683819115025,0.08227738755732994,0.11036694148128026,0.02529650826218137,0.86,1
2020-11-21,18642.232421875,18936.62109375,18444.359375,18621.31640625,39650210707,83.9342975335816,17092.217875835562,15762.785124500424,0.0011233347035009,91.0,17150.623046875,-0.08001237948571702,0.0011233347035009,0.11522542868623309,0.839342975335816,0.09068539596788083,0.1826737644795393,0.08433996535731314,0.15706070450854231,0.025845644316563256,0.91,0
2020-11-22,18370.001953125,18688.96875,17671.384765625,18642.232421875,41280434226,78.99691783809021,17288.8000415724,15955.912296991133,-0.014602889964538845,94.0,17108.40234375,-0.06867716250625569,-0.014602889964538845,0.041064268674743554,0.7899691783809021,0.06253770700990002,0.1512975009638966,0.08353566501068155,0.18196621836447685,0.026720535702653796,0.94,0
2020-11-23,18364.12109375,18711.42578125,18000.796875,18370.017578125,42741112308,78.88895804747125,17454.234049599723,16134.298133788086,-0.000320133845930215,90.0,17717.4140625,-0.03521578996068038,-0.000320133845930215,0.03146006796442724,0.7888895804747125,0.05212987528210333,0.13820390211410993,0.08180931732304209,0.19821033171930663,0.02685412778236218,0.9,0
2020-11-24,19107.46484375,19348.271484375,18128.65625,18365.015625,51469565009,82.20026220520923,17708.577248699767,16354.532704896377,0.040478046632625775,88.0,18177.484375,-0.048671054813124205,0.040478046632625775,0.07242344352058416,0.8220026220520923,0.07899491728805863,0.1683283887426159,0.08279322731110517,0.3609832755960887,0.02629404462563642,0.88,0
2020-11-25,18732.12109375,19390.96484375,18581.146484375,19104.41015625,43710357371,75.74015434472494,17866.04553255365,16530.65036332998,-0.01964382784787766,94.0,19625.8359375,0.04771028541173532,-0.01964382784787766,0.005950527332747146,0.7574015434472494,0.04847606369402113,0.13317508277251777,0.08078297827809511,0.1936077061322883,0.02787404939373324,0.94,2
2020-11-26,17150.623046875,18866.28515625,16351.03515625,18729.83984375,61396835737,55.830550080681896,17755.980534756935,16576.574265814794,-0.08442706722639481,93.0,18802.998046875,0.09634489636229733,-0.08442706722639481,-0.08001237948571704,0.558305500806819,-0.03409316014381525,0.03463012151093503,0.07114897505538176,0.503890738543683,0.04009279916450239,0.93,2
2020-11-27,17108.40234375,17445.0234375,16526.423828125,17153.9140625,38886494645,55.41177580565627,17656.353120755866,16615.96893825444,-0.0024617591448197196,86.0,19201.091796875,0.1223193966962962,-0.0024617591448197196,-0.06867716250625566,0.5541177580565627,-0.031034199036364063,0.029636153469319915,0.06261351272186011,0.04198793748135579,0.03563586456425783,0.86,2
2020-11-28,17717.4140625,17853.939453125,16910.65234375,17112.93359375,32601040734,60.06492967081922,17665.747111793426,16697.557465976333,0.03559722915754793,87.0,19445.3984375,0.09753028116317412,0.03559722915754793,-0.03521578996068042,0.6006492967081922,0.002924696610882682,0.06107819054384267,0.057983908592015077,-0.14228696684990721,0.037531935378731396,0.87,2
2020-11-29,18177.484375,18283.62890625,17559.1171875,17719.634765625,31133957704,63.19010946105256,17744.475921517515,16807.18168145957,0.02596712538731971,89.0,18699.765625,0.02873231736720995,0.02596712538731971,-0.04867105481312417,0.6319010946105256,0.024402436870925248,0.08153078365613475,0.055767484270839995,-0.18431298853357284,0.038412595255544385,0.89,1
2020-11-30,19625.8359375,19749.263671875,18178.322265625,18178.322265625,47728480399,70.90842112571397,18033.915923976358,17015.97088561071,0.07967832801396635,88.0,19154.23046875,-0.024029828347279795,0.07967832801396635,0.047710285411735276,0.7090842112571397,0.08827367390612939,0.15337738113411326,0.05982291843402576,0.2137563378676334,0.043825649288288096,0.88,0
2020-12-01,18802.998046875,19845.974609375,18321.921875,19633.76953125,49633658712,62.84608357035005,18152.23625057615,17148.343267926582,-0.04192625951044282,95.0,19345.12109375,0.028831734467211687,-0.04192625951044282,0.09634489636229726,0.6284608357035005,0.03585022733924559,0.09649064945202035,0.058541689244534734,0.2274584158556211,0.046411156991412114,0.95,1
2020-12-02,19201.091796875,19308.330078125,18347.71875,18801.744140625,37387697139,64.92400409654007,18313.59864231443,17300.398714515355,0.021171823185194727,92.0,19191.630859375,-0.0004927291427011342,0.021171823185194727,0.1223193966962961,0.6492400409654008,0.04846088264214621,0.10986412011215263,0.05856512005986203,-0.059922912836067994,0.04638218662966174,0.92,1
2020-12-03,19445.3984375,19566.19140625,18925.78515625,19205.92578125,31930317405,66.17428032682771,18487.721687727593,17459.287582884586,0.012723580680175761,92.0,18321.14453125,-0.05781593572708196,0.012723580680175761,0.09753028116317419,0.6617428032682772,0.051800690531171645,0.11375669512210829,0.0589047004329768,-0.2181252680554783,0.04638650435680377,0.92,0
2020-12-04,18699.765625,19511.404296875,18697.193359375,19446.966796875,33872388058,59.23450872048756,18520.343831923346,17551.174845263507,-0.038344949058079725,92.0,18553.916015625,-0.0077995421065604935,-0.038344949058079725,0.028732317367210047,0.5923450872048757,0.009687821927333085,0.06544238718278517,0.055219607530796466,-0.167094904420033,0.0467078783671318,0.92,1
2020-12-05,19154.23046875,19160.44921875,18590.193359375,18698.384765625,27242455064,61.859920953575624,18617.864852973602,17669.919706262506,0.024303237423597412,93.0,18264.9921875,-0.046425163501127666,0.024303237423597412,-0.024029828347279847,0.6185992095357562,0.028809190528135797,0.08400212265602036,0.053647394129081816,-0.38939053354993913,0.04684347620087705,0.93,0
2020-12-06,19345.12109375,19390.5,18897.89453125,19154.1796875,25293775714,62.939574016632925,18729.750428477662,17794.008697928246,0.009965977245154134,95.0,18058.904296875,-0.06648791654711066,0.009965977245154134,0.028831734467211767,0.6293957401663293,0.03285525173558623,0.08717048654710102,0.052587460556786425,-0.4558284533678568,0.03530779245574174,0.95,0
2020-12-07,19191.630859375,19411.828125,18931.142578125,19343.12890625,26896357742,61.43369493012059,18800.80895630802,17897.536265442817,-0.007934312410408761,94.0,18803.65625,-0.02021582283537288,-0.007934312410408761,-0.0004927291427011538,0.6143369493012059,0.020787504621488706,0.0723057394458737,0.05046910800841764,-0.37910369430066826,0.03560946573853421,0.94,0
2020-12-08,18321.14453125,19283.478515625,18269.9453125,19191.529296875,31692288756,53.60109643668783,18727.014429376017,17928.91465550261,-0.0453576006387062,95.0,19142.3828125,0.044824616707173,-0.0453576006387062,-0.05781593572708199,0.5360109643668783,-0.021672963389687494,0.02187694477239366,0.04451467304120715,-0.19266788958521033,0.03874340246767855,0.95,2
2020-12-09,18553.916015625,18626.29296875,17935.546875,18320.884765625,34420373071,55.24433182149395,18700.383904183553,17975.21105254871,0.012705073309037251,86.0,19246.64453125,0.03733597344310632,0.012705073309037251,-0.007799542106560531,0.5524433182149395,-0.007832346614327301,0.03219461298031523,0.04034293948009138,-0.1067499265086032,0.038130990061378434,0.86,2
2020-12-10,18264.9921875,18553.298828125,17957.064453125,18553.298828125,25547132265,52.747264397561686,18633.400563155312,17996.676321804363,-0.015572121156616547,94.0,19417.076171875,0.06307607320869542,-0.015572121156616547,-0.046425163501127686,0.5274726439756169,-0.01977139784048776,0.014909189946954227,0.035380101856891555,-0.3898177258301946,0.02705222635871945,0.94,2
2020-12-11,18058.904296875,18268.453125,17619.533203125,18263.9296875,27919640985,50.97726597053569,18545.016522189107,18001.285801439226,-0.011283218109780502,89.0,21310.59765625,0.18006039048214506,-0.011283218109780502,-0.06648791654711061,0.5097726597053569,-0.02621255282962265,0.0032007988802205123,0.030205104610161237,-0.2853430852271195,0.024222073392998568,0.89,2
2020-12-12,18803.65625,18919.55078125,18046.041015625,18051.3203125,21752580802,56.63976830079119,18584.80724954463,18060.720649480765,0.041240151721379625,90.0,22805.162109375,0.2128046698032464,0.041240151721379625,-0.020215822835372932,0.5663976830079119,0.01177569385126298,0.04113543501048467,0.029018033678458455,-0.5082992627146691,0.027169455822911817,0.9,2
2020-12-13,19142.3828125,19381.53515625,18734.33203125,18806.765625,25450468637,58.961563754076856,18670.58810538392,18140.843772667376,0.018013866983980886,91.0,23137.9609375,0.20872940240182025,0.018013866983980886,0.04482461670717308,0.5896156375407685,0.025269407929364274,0.055209065927883216,0.029201747137842737,-0.32710045740175914,0.02753179673183976,0.91,2
2020-12-14,19246.64453125,19305.099609375,19012.708984375,19144.4921875,22473997681,59.67728261592734,18759.212170901777,18222.754939969793,0.005446642655266398,95.0,23869.83203125,0.24020745499266208,0.005446642655266398,0.03733597344310624,0.5967728261592734,0.025983626386202996,0.05618742032437729,0.029438865456908436,-0.40953614404437705,0.02426009531637991,0.95,2
2020-12-15,19417.076171875,19525.0078125,19079.841796875,19246.919921875,26741982541,60.87838079460138,18860.42201720535,18311.22317937018,0.008855135259981495,91.0,23477.294921875,0.20910556842132053,0.008855135259981495,0.06307607320869546,0.6087838079460137,0.029514406101933677,0.0603920875013253,0.029992471417961353,-0.21027576597296746,0.023233788433888656,0.91,2
2020-12-16,21310.59765625,21458.908203125,19298.31640625,19418.818359375,44409011479,71.15768167094956,19237.372115519913,18533.399066546463,0.09751836309514528,92.0,22803.08203125,0.07003484365265009,0.09751836309514528,0.18006039048214517,0.7115768167094956,0.10777072503876428,0.1498483132927566,0.037984022598647416,0.3230080319057938,0.03832708261752169,0.92,2
2020-12-17,22805.162109375,23642.66015625,21234.67578125,21308.3515625,71378606374,76.42339407883875,19786.262883805313,18849.825958607835,0.07013245133867341,92.0,23783.029296875,0.04287920352462689,0.07013245133867341,0.21280466980324642,0.7642339407883876,0.1525755137945024,0.20983409393023855,0.04967881015208264,0.7482681149686068,0.041964019169702965,0.92,2
2020-12-18,23137.9609375,23238.6015625,22399.8125,22806.796875,40387896275,77.41229089630161,20301.908738219878,19167.465586673923,0.014593135822884129,95.0,23241.345703125,0.004468188268804747,0.014593135822884129,0.20872940240182025,0.7741229089630162,0.13969386996312516,0.20714764468321478,0.059185871309698435,0.16733856138109096,0.03569384327896192,0.95,1
2020-12-19,23869.83203125,24085.85546875,22826.47265625,23132.865234375,38487546580,79.45331847779325,20850.820014070665,19515.789027012892,0.03163075154837203,93.0,23735.94921875,-0.005608871161084115,0.03163075154837203,0.24020745499266205,0.7945331847779324,0.14479104491535733,0.22310361104080578,0.06840773822723145,0.10843865621316533,0.03552001844615097,0.93,1
2020-12-20,23477.294921875,24209.66015625,23147.7109375,23861.765625,37844228422,75.51215576348028,21254.893076809793,19809.233908113787,-0.01644490454985592,92.0,24664.791015625,0.05058061832513545,-0.01644490454985592,0.20910556842132055,0.7551215576348028,0.10455954010373092,0.1851692514095049,0.07297905488933965,0.10599740423231488,0.03563456231324288,0.92,2
2020-12-21,22803.08203125,24059.982421875,22159.3671875,23474.455078125,45852713981,69.16606327329677,21493.075992877515,20031.000435753507,-0.028717656479103182,92.0,26437.037109375,0.15936245254676204,-0.028717656479103182,0.07003484365265011,0.6916606327329677,0.06095014221354833,0.13838957292160914,0.07299064077270634,0.3035227776180468,0.038007233394671075,0.92,2
2020-12-22,23783.029296875,23789.90234375,22430.60546875,22794.0390625,44171632681,72.75062753608496,21845.376501184823,20308.928499540285,0.042974334095805755,88.0,26272.294921875,0.10466562496843411,0.042974334095805755,0.04287920352462682,0.7275062753608497,0.08869853058312294,0.17106273220733215,0.07565381904216739,0.2562001937420579,0.03809733629299407,0.88,2
2020-12-23,23241.345703125,24024.490234375,22802.646484375,23781.974609375,51146161904,68.04181963758542,22060.140993791007,20526.144588694708,-0.022776055438033516,93.0,27084.80859375,0.16537178783534093,-0.022776055438033516,0.004468188268804685,0.6804181963758542,0.05354474886023852,0.1322801319408886,0.07473378151789811,0.375089522630194,0.04093503840277263,0.93,2
2020-12-24,23735.94921875,23768.337890625,22777.59765625,23240.203125,41080759713,69.95411689817455,22317.9576437847,20763.907894624732,0.021281190940612982,86.0,27362.4375,0.15278463261900174,0.021281190940612982,-0.005608871161084106,0.6995411689817455,0.06353590223611683,0.14313496954466154,0.07484379901156624,0.14574016028445408,0.04060061785354386,0.86,2
2020-12-25,24664.791015625,24710.1015625,23463.673828125,23733.5703125,42068395846,73.19763090240906,22679.00893176013,21052.86219988401,0.03913227940938091,94.0,28840.953125,0.16931674412847958,0.03913227940938091,0.050580618325135385,0.7319763090240906,0.08756035547408514,0.1715647393427051,0.07724112362665259,0.14883593493845668,0.04064824839429133,0.94,2
2020-12-26,26437.037109375,26718.0703125,24522.689453125,24677.015625,48332647295,78.06354292076918,23257.167112931646,21451.689970957414,0.07185327832809496,93.0,29001.720703125,0.09701100706328857,0.07185327832809496,0.15936245254676207,0.7806354292076918,0.1367264543012745,0.23239880611583752,0.0841647974783617,0.25636379991993447,0.036113243860259256,0.93,2
2020-12-27,26272.294921875,28288.83984375,25922.76953125,26439.373046875,66479895605,76.670120802371,23721.032929692163,21808.771819173533,-0.0062314920850786715,91.0,29374.15234375,0.11806572022348578,-0.0062314920850786715,0.10466562496843412,0.76670120802371,0.10755273599360682,0.20466641311627143,0.08768311789283945,0.5235933099864076,0.03281347399877279,0.91,2
2020-12-28,27084.80859375,27389.111328125,26207.640625,26280.822265625,49056742893,78.69043773256116,24238.536878008752,22199.589358031048,0.03092663485588698,92.0,32127.267578125,0.18617295990559746,0.03092663485588698,0.1653717878353409,0.7869043773256117,0.11742753822420804,0.2200589910439783,0.09184618179615489,0.1978646424518603,0.03321005101911833,0.92,2
2020-12-29,27362.4375,27370.720703125,25987.298828125,27081.810546875,45265946774,79.34851514490644,24719.136973699715,22582.02255373245,0.010250355112868093,91.0,32782.0234375,0.19806663560218274,0.010250355112868093,0.15278463261900166,0.7934851514490644,0.10693336620581295,0.21169117756803502,0.09463786580153033,0.10405924721852913,0.032803638760117514,0.91,2
2020-12-30,28840.953125,28937.740234375,27360.08984375,27360.08984375,51287442704,82.45580532929489,25353.262535438218,23045.647040493008,0.054034499850387885,91.0,31971.9140625,0.10855955154914805,0.054034499850387885,0.16931674412847952,0.8245580532929488,0.13756377841655554,0.2514707473530331,0.1001323803532419,0.1978872753566673,0.03305240910440588,0.91,2
2020-12-31,29001.720703125,29244.876953125,28201.9921875,28841.57421875,46754964848,82.75956903487199,25914.563792005414,23486.837682169455,0.005574281038085438,95.0,33992.4296875,0.1720832027679392,0.005574281038085438,0.09701100706328858,0.8275956903487198,0.11912826069146365,0.23480738852903515,0.10336538884836854,0.08322787071524637,0.02879422032984732,0.95,2
2021-01-01,29374.15234375,29600.626953125,28803.5859375,28994.009765625,40730301359,83.47343680884146,26446.808184581503,23922.935064508754,0.012841708408869223,94.0,36824.36328125,0.2536315210159655,0.012841708408869223,0.11806572022348583,0.8347343680884145,0.11068799451100264,0.22786573907181173,0.10550014508115613,-0.07653679046514265,0.028240929218493454,0.94,2
2021-01-02,32127.267578125,33155.1171875,29091.181640625,29376.455078125,67865420765,87.5705933610295,27320.725014357427,24530.663398850702,0.09372577639540935,94.0,39371.04296875,0.2254712565583132,0.09372577639540935,0.18617295990559746,0.8757059336102949,0.17593027129557015,0.3096778939794269,0.11373771553350842,0.38691295303257556,0.03168055206414462,0.94,2
2021-01-03,32782.0234375,34608.55859375,32052.31640625,32129.408203125,78665235202,88.31268003274072,28160.924771763977,25141.875253565468,0.020380066800975483,93.0,40797.609375,0.24451162853879282,0.020380066800975483,0.19806663560218274,0.8831268003274072,0.16409612621704261,0.3038813973452936,0.12008052254456891,0.4754162204556251,0.031719916861921264,0.93,2
2021-01-04,31971.9140625,33440.21875,28722.755859375,32810.94921875,81163475344,81.80490505548616,28747.230816492593,25647.804054227283,-0.024712000360334718,94.0,40254.546875,0.25905964829971617,-0.024712000360334718,0.10855955154914798,0.8180490505548615,0.11217370001973803,0.24657510619239065,0.12084569718764904,0.452528025928277,0.03647312581582104,0.94,2
2021-01-05,33992.4296875,34437.58984375,30221.1875,31977.041015625,67547324782,84.81122645829888,29554.18448895527,26265.924471506747,0.06319658000613337,93.0,38356.44140625,0.12838187087152447,0.06319658000613337,0.17208320276793931,0.8481122645829887,0.1501731573816003,0.29416460191130755,0.12519110153597013,0.24672706987064738,0.03537282840672927,0.93,2
2021-01-06,36824.36328125,36879.69921875,33514.03515625,34013.61328125,75289433811,87.84309094381925,30672.67353392369,27048.031050006248,0.08331071417326141,95.0,35566.65625,-0.03415420985406125,0.08331071417326141,0.2536315210159654,0.8784309094381925,0.20055929394360095,0.3614433972354336,0.13400762803089905,0.3515403068767211,0.037572514315041494,0.95,0
2021-01-07,39371.04296875,40180.3671875,36491.19140625,36833.875,84762141031,89.81247990632723,32010.884216204664,27960.846747690972,0.0691574669750421,91.0,33922.9609375,-0.13837789452451918,0.0691574669750421,0.22547125655831324,0.8981247990632722,0.22992675562580844,0.40807763527409247,0.14484673890815358,0.4290197338560935,0.039033930197611845,0.91,0
2021-01-08,40797.609375,41946.73828125,36838.63671875,39381.765625,88107519480,90.71943369894221,33362.68808678856,28911.718053417564,0.0362338992996023,93.0,37316.359375,-0.08532975469227479,0.0362338992996023,0.2445116285387927,0.9071943369894221,0.2228513862213526,0.4111098240381963,0.15395038181914145,0.42375801784004496,0.03776839894444838,0.93,0
2021-01-09,40254.546875,41436.3515625,38980.875,40788.640625,61984162837,87.52501824619438,34422.97405420571,29751.927595757003,-0.013311135341493308,93.0,39187.328125,-0.02651175662997697,-0.013311135341493308,0.2590596482997163,0.8752501824619437,0.16940932563268163,0.3530063470825602,0.15699979248117213,0.05136697895220661,0.04111601506023244,0.93,0
2021-01-10,38356.44140625,41420.19140625,35984.62890625,40254.21875,79980747690,77.28206907294567,35028.12287759714,30389.298989126855,-0.047152573214749416,94.0,36825.3671875,-0.039917003836036746,-0.047152573214749416,0.12838187087152453,0.7728206907294567,0.09501846674123504,0.262169338620603,0.15264662373850846,0.27770531227022216,0.04805310636395783,0.94,0
2021-01-11,35566.65625,38346.53125,30549.599609375,38346.53125,123320567399,65.2038911341549,35110.97416565912,30772.80693437672,-0.07273315912449108,90.0,36178.140625,0.017192630386782565,-0.07273315912449108,-0.03415420985406126,0.652038911341549,0.01297833783223723,0.15578199693795258,0.14097405025591536,0.6474328477557746,0.05792808695850219,0.9,1
2021-01-12,33922.9609375,36568.52734375,32697.9765625,35516.359375,74773277909,59.32130099665154,34928.202899788485,31006.151675348814,-0.046214502171538774,84.0,35791.27734375,0.05507527511210489,-0.046214502171538774,-0.1383778945245192,0.5932130099665154,-0.028780237138812836,0.0940719536139718,0.12649268008186465,0.12896872468120515,0.05519469828071792,0.84,2
2021-01-13,37316.359375,37599.9609375,32584.66796875,33915.12109375,69364315979,66.11753465733915,35295.61158828256,31473.57446791557,0.10003249550509552,78.0,36630.07421875,-0.0183909997584002,0.10003249550509552,-0.08532975469227477,0.6611753465733915,0.05725209723772817,0.18564097042872008,0.12143638544338864,0.03259259486997272,0.06261793017577914,0.78,0
2021-01-14,39187.328125,39966.40625,36868.5625,37325.109375,63615990033,69.17537887186302,35894.337209316014,32044.9636276996,0.050138030111625875,83.0,36069.8046875,-0.07955437603593955,0.050138030111625875,-0.026511756629976957,0.6917537887186301,0.09174123752393237,0.22288571084931919,0.12012413639593045,-0.06983448282723445,0.061841418660567644,0.83,0
2021-01-15,36825.3671875,39577.7109375,34659.58984375,39156.70703125,67760757881,61.61540148501253,36037.57259057509,32399.06759509222,-0.06027358971670127,88.0,35547.75,-0.03469394292784334,-0.06027358971670127,-0.0399170038360368,0.6161540148501252,0.021860367951945348,0.13661811653734968,0.112302768738753,-0.020855522169472035,0.06500613547198104,0.88,0
2021-01-16,36178.140625,37864.3671875,35633.5546875,36821.6484375,57706187875,59.690354159067425,36059.198442025074,32678.998930640944,-0.017575563040677422,84.0,30825.69921875,-0.1479468351270471,-0.017575563040677422,0.017192630386782648,0.5969035415906743,0.0032985254280168963,0.10707615927237413,0.10343644609672364,-0.17511374955951733,0.05998512273727628,0.84,0
2021-01-17,35791.27734375,36722.3515625,34069.3203125,36163.6484375,52359854336,58.51357591768084,36017.97981152122,32909.53807235273,-0.010693288117263444,79.0,33005.76171875,-0.07782666145851921,-0.010693288117263444,0.05507527511210486,0.5851357591768084,-0.006294147227510538,0.08756547311790497,0.09445412853667157,-0.27473737909447604,0.054823741838563284,0.79,0
2021-01-18,36630.07421875,37299.28515625,34883.84375,35792.23828125,49511702429,60.33929871823841,36112.148181864104,33185.13334245623,0.023435790428599335,79.0,32067.642578125,-0.1245542559749881,0.023435790428599335,-0.018390999758400195,0.6033929871823841,0.014342155284630786,0.10380976447324963,0.08820259389053353,-0.33374416699179404,0.0538124418642417,0.79,0
2021-01-19,36069.8046875,37755.890625,36069.8046875,36642.234375,57244195486,58.487818217084914,36105.63379811578,33398.81270134836,-0.015295342507474663,80.0,32289.37890625,-0.10480860137732066,-0.015295342507474663,-0.07955437603593951,0.5848781821708492,-0.0009923412732792958,0.07997266280198656,0.0810454287992739,-0.19292624136522327,0.05383197786741143,0.8,0
2021-01-20,35547.75,36378.328125,33570.4765625,36050.11328125,66834573161,56.74071967230574,36019.80552148258,33557.99324198922,-0.014473454791977813,78.0,32366.392578125,-0.08949532451069336,-0.014473454791977813,-0.034693942927843335,0.5674071967230574,-0.01310544337062125,0.059293079406223415,0.07335993728054735,-0.05238970193664163,0.05227052158756006,0.78,0
2021-01-21,30825.69921875,35552.6796875,30250.75,35549.3984375,75643067688,43.95193402998014,35220.712244139104,33355.60109211965,-0.1328368400602007,75.0,32569.849609375,0.05658104876219986,-0.1328368400602007,-0.1479468351270471,0.4395193402998014,-0.12478489915037017,-0.07584638832868607,0.055915980853365355,0.04693210770756698,0.06308634675769505,0.75,2
2021-01-22,33005.76171875,33811.8515625,28953.373046875,30817.625,77207272511,49.599862223217166,34879.95062484847,33329.68706446264,0.07072224005462169,40.0,30432.546875,-0.07796259530917601,0.07072224005462169,-0.07782666145851924,0.49599862223217167,-0.05373255616833639,-0.009718823494686224,0.046512994778123096,0.06094914822734959,0.06684289213530027,0.4,0
2021-01-23,32067.642578125,33360.9765625,31493.16015625,32985.7578125,48354737975,47.38696538111205,34447.28784842947,33236.202287696884,-0.02842289017956734,74.0,33466.09765625,0.043609538016959146,-0.02842289017956734,-0.12455425597498815,0.4738696538111205,-0.06908077294140191,-0.03515924290797967,0.03643874682941428,-0.38589668930555865,0.05694815489153762,0.74,2
2021-01-24,32289.37890625,32944.0078125,31106.685546875,32064.376953125,48643830599,47.97775563398107,34115.301857324936,33166.06722240452,0.006914643868341619,70.0,34316.38671875,0.06277630233722607,0.006914643868341619,-0.10480860137732062,0.4797775563398107,-0.053522110363003805,-0.026433291299677975,0.02862065702740857,-0.3568101530182395,0.0530885919075484,0.7,2
2021-01-25,32366.392578125,34802.7421875,32087.787109375,32285.798828125,59897054838,48.195338389816676,33846.238891294175,33106.832063569,0.0023851084933719235,74.0,34269.5234375,0.0587995976005445,0.0023851084933719235,-0.08949532451069331,0.4819533838981668,-0.043722622118282595,-0.02236515665474348,0.022333964974523113,-0.14318885917138988,0.05118881534011361,0.74,2
2021-01-26,32569.849609375,32794.55078125,31030.265625,32358.61328125,60255421470,48.804533556228506,33649.87130946046,33067.05558548056,0.006286058316783416,71.0,33114.359375,0.016718215532326768,0.006286058316783416,0.056581048762199826,0.4880453355622851,-0.03209586420563282,-0.01503629419983421,0.017625268221214574,-0.12628847018118947,0.05143405040954892,0.71,1
2021-01-27,30432.546875,32564.029296875,29367.138671875,32564.029296875,62576762015,43.07416568243317,33154.89831954347,32871.90679211162,-0.06562212475675022,78.0,33537.17578125,0.10201672962181217,-0.06562212475675022,-0.07796259530917604,0.4307416568243317,-0.08211008274873077,-0.07420804435041184,0.008608917311111242,-0.07212859344203786,0.05445579694075261,0.78,2
2021-01-28,33466.09765625,33858.3125,30023.20703125,30441.041015625,76517157706,51.73609618856,33202.77514057524,32915.92093019595,0.09968113394222766,55.0,35510.2890625,0.06108245506384084,0.09968113394222766,0.043609538016959215,0.5173609618856,0.007930738155467187,0.016714608326493297,0.008714755725280243,0.13764620658256319,0.06475153656709699,0.55,2
2021-01-29,34316.38671875,38406.26171875,32064.814453125,34318.671875,117894572511,53.85555380132926,33374.09999875598,33019.65913675551,0.02540747568580648,77.0,37472.08984375,0.09195907339730984,0.02540747568580648,0.06277630233722609,0.5385555380132926,0.0282340713316358,0.039271380017095625,0.01073423745934221,0.5288511103346369,0.06545227094064107,0.77,2
2021-01-30,34269.5234375,34834.70703125,32940.1875,34295.93359375,65141828798,53.715545732483356,33511.85745087044,33112.2416775514,-0.0013656239986477026,76.0,36926.06640625,0.07751911034289533,-0.0013656239986477026,0.05879959760054443,0.5371554573248336,0.022608892620778365,0.0349502691849819,0.012068520676145056,-0.05363573634712492,0.06532800916704143,0.76,2
2021-01-31,33114.359375,34288.33203125,32270.17578125,34270.87890625,52754542671,50.24788937442427,33450.703900736524,33112.39854402907,-0.03370820328466961,78.0,38144.30859375,0.15189631669418338,-0.03370820328466961,0.016718215532326663,0.5024788937442427,-0.010054931182752136,5.921742480596848e-05,0.010216878618974468,-0.2118533736518092,0.04859330886736648,0.78,2
2021-02-01,33537.17578125,34638.21484375,32384.228515625,33114.578125,61400400660,51.482492540015514,33464.00726696937,33143.86352456395,0.012768370405776608,77.0,39266.01171875,0.17082046427722408,0.012768370405776608,0.10201672962181219,0.5148249254001551,0.002186483934721428,0.011866819823058705,0.009659216167365203,-0.049779130880135976,0.043500934259922026,0.77,2
2021-02-02,35510.2890625,35896.8828125,33489.21875,33533.19921875,63088585433,56.86220090206187,33778.819850897155,33319.15430515181,0.05883361479570781,76.0,38903.44140625,0.09555406146589995,0.05883361479570781,0.06108245506384091,0.5686220090206188,0.051259020275004064,0.06576201596477493,0.013795834718238087,-0.01778144674291691,0.04533659395695544,0.76,2
2021-02-03,37472.08984375,37480.1875,35443.984375,35510.8203125,61166818159,61.440264903953555,34347.015234412975,33626.77915986279,0.055245981743407446,78.0,46196.46484375,0.23282328357928897,0.055245981743407446,0.09195907339730991,0.6144026490395356,0.09098533272859033,0.1143526314431269,0.02141852691648416,-0.04680777949434797,0.04736478840058026,0.78,2
2021-02-04,36926.06640625,38592.17578125,36317.5,37475.10546875,68838074392,59.546097978463315,34743.79233777252,33871.17080774332,-0.014571470120209207,80.0,46481.10546875,0.25876135728561495,-0.014571470120209207,0.07751911034289538,0.5954609797846332,0.06281047409165441,0.09019161504178941,0.025762957382911233,0.0705043494500434,0.04820212816581869,0.8,2
2021-02-05,38144.30859375,38225.90625,36658.76171875,36931.546875,58598066402,62.33605797203738,35266.94868484598,34187.69953263271,0.032991388091470286,81.0,44918.18359375,0.17758547080100723,0.032991388091470286,0.15189631669418335,0.6233605797203738,0.08158800282431034,0.11573194789958441,0.031568346714382134,-0.0912458392867632,0.04844822312168669,0.81,2
2021-02-06,39266.01171875,40846.546875,38138.38671875,38138.38671875,71326033653,64.74687451326864,35882.18915160045,34563.87080567843,0.029406828078771152,84.0,47909.33203125,0.2201221854261483,0.029406828078771152,0.17082046427722397,0.6474687451326864,0.09430368233256536,0.13604208103622084,0.03814151352820794,0.09064990345973711,0.03881006207854748,0.84,2
2021-02-07,38903.44140625,39621.8359375,37446.15234375,39250.19140625,65500641143,63.33568336033224,36346.9971907773,34885.32047979484,-0.009233693380855112,86.0,47504.8515625,0.22109638235932896,-0.009233693380855112,0.09555406146590006,0.6333568336033224,0.07033439934678776,0.11518085175059256,0.04189947779981096,-0.0067487238194015855,0.030339558099503217,0.86,2
2021-02-08,46196.46484375,46203.9296875,38076.32421875,38886.828125,101467222687,75.09447672928351,37862.29990661926,35723.183025273,0.18746473766529936,83.0,47105.515625,0.019677929562893534,0.18746473766529936,0.23282328357928894,0.7509447672928351,0.22011776774484137,0.29317885282135947,0.0598803550017617,0.39794640492345695,0.06245598295806084,0.83,1
2021-02-09,46481.10546875,48003.72265625,45166.9609375,46184.9921875,91809846886,75.42574021502944,39188.26999310091,36520.06616923426,0.006161523959955284,95.0,48717.2890625,0.048109518291328555,0.006161523959955284,0.2587613572856149,0.7542574021502944,0.18609740815129094,0.27275523689787984,0.07306130858312732,0.2797736573738865,0.062056164816571065,0.95,2
2021-02-10,44918.18359375,47145.56640625,43881.15234375,46469.76171875,87301089896,69.9260061573042,40069.79516243154,37142.148941420615,-0.03362488605290981,92.0,47945.05859375,0.06738640696996405,-0.03362488605290981,0.17758547080100717,0.699260061573042,0.120998582889293,0.20935877093685384,0.078822747322141,0.22105346502867473,0.062046287400211425,0.92,2
2021-02-11,47909.33203125,48463.46875,44187.76171875,44898.7109375,81388911810,73.85511629097934,41275.87775763438,37939.718059185754,0.0665910372634968,93.0,49199.87109375,0.02693711241179934,0.0665910372634968,0.22012218542614836,0.7385511629097934,0.16071019282899934,0.2627751201659354,0.08793317054291849,0.1479465763735861,0.062473183146485554,0.93,1
2021-02-12,47504.8515625,48745.734375,46424.9765625,47877.03515625,76555041196,72.4761847906238,42234.1814199214,38648.24646683866,-0.008442623839676311,92.0,52149.0078125,0.09776172532377861,-0.008442623839676311,0.22109638235932905,0.7247618479062381,0.12479631344512065,0.22915929971779114,0.09278389787126762,0.06682977679547057,0.06358412390508424,0.92,2
2021-02-13,47105.515625,48047.74609375,46392.28125,47491.203125,70250456155,71.06544756855394,42983.61745147195,39274.71084892468,-0.008406213773231364,92.0,51679.796875,0.09710712618911069,-0.008406213773231364,0.019677929562893492,0.7106544756855393,0.0958946319067171,0.19938542147891392,0.09443498175744858,-0.03408785892090958,0.06409334145007006,0.92,2
2021-02-14,48717.2890625,49487.640625,47114.5078125,47114.5078125,71248675228,73.32252187129608,43865.7207762455,39974.161086967295,0.03421623595697554,95.0,55888.1328125,0.14719299632622082,0.03421623595697554,0.04810951829132848,0.7332252187129608,0.11060044609780495,0.21871948623290094,0.09735187890026697,-0.02775672984297504,0.0626000105762588,0.95,2
2021-02-15,47945.05859375,48875.5703125,46347.4765625,48696.53515625,77069903166,70.48553886900305,44493.31120970773,40564.59793932157,-0.01585126109458379,93.0,56099.51953125,0.1700792777540373,-0.01585126109458379,0.06738640696996412,0.7048553886900305,0.07757901783873411,0.18194339471744492,0.09685078787821144,0.03936841305501995,0.06420071840304639,0.93,2
2021-02-16,49199.87109375,50341.1015625,47201.3046875,47944.45703125,77049582886,72.35716261118017,45217.397345714235,41204.24780261257,0.026171883752032166,95.0,57539.9453125,0.1695141477679494,0.026171883752032166,0.026937112411799413,0.7235716261118017,0.08807392689117766,0.19404851969243975,0.09739650053379223,0.029385670762709832,0.06418323175939826,0.95,2
2021-02-17,52149.0078125,52533.9140625,49072.37890625,49207.27734375,80820545404,76.18030624345518,46283.79895598897,42014.97076630793,0.05994196027730325,95.0,54207.3203125,0.03946983051720933,0.05994196027730325,0.09776172532377858,0.7618030624345518,0.1267227191546707,0.24120062114427587,0.10160255051526157,0.07429596835547576,0.06386999109708942,0.95,2
2021-02-18,51679.796875,52474.10546875,51015.765625,52140.97265625,52054723579,74.41684010647815,47113.952481990666,42730.883811396234,-0.008997504596578998,91.0,48824.42578125,-0.05525120581755383,-0.008997504596578998,0.09710712618911077,0.7441684010647814,0.09691066345483601,0.20942494667561995,0.1025737892513583,-0.3207745291014835,0.03356442403233648,0.91,0
2021-02-19,55888.1328125,56113.65234375,50937.27734375,51675.98046875,63495496918,79.09171311469416,48463.826378992104,43705.49484851503,0.08143096900475189,93.0,49705.33203125,-0.1106281507380606,0.08143096900475189,0.14719299632622085,0.7909171311469416,0.1531927416429948,0.2787438514587348,0.1088726153763877,-0.12095301862194796,0.03999010459509673,0.93,0
2021-02-20,56099.51953125,57505.2265625,54626.55859375,55887.3359375,68145460026,79.2963642839548,49638.548402416396,44623.57075093985,0.0037823185014820293,91.0,47093.8515625,-0.16053021565957318,0.0037823185014820293,0.17007927775403742,0.792963642839548,0.13016035594866593,0.2571723550399303,0.11238405100898219,-0.06095917887647998,0.03604392342440471,0.91,0
2021-02-21,57539.9453125,58330.5703125,55672.609375,56068.56640625,51897585191,80.6838073768816,50854.14792704464,45580.33923698134,0.025676258785917394,91.0,46339.76171875,-0.1946505776625559,0.025676258785917394,0.16951414776794937,0.806838073768816,0.13147005029062342,0.2623851922939464,0.11570358576411022,-0.3267497341143173,0.03272042513806775,0.91,0
2021-02-22,54207.3203125,57533.390625,48967.56640625,57532.73828125,92052420332,69.13933690991541,51370.02060173008,46219.37487220494,-0.05791845963531039,94.0,46188.453125,-0.147929599568324,-0.05791845963531039,0.039469830517209425,0.6913933690991542,0.05523259826519045,0.17282677367189558,0.11143910413687985,0.22640933714177613,0.040207064505122445,0.94,0
2021-02-23,48824.42578125,54204.9296875,45290.58984375,54204.9296875,106102492824,55.36077478253338,50978.390629348534,46412.34160620828,-0.09930198541853996,94.0,45137.76953125,-0.07550844051945375,-0.09930198541853996,-0.05525120581755383,0.5536077478253338,-0.042252507807857054,0.051970749407719286,0.09838006153366496,0.33830642829482493,0.053809756780257324,0.94,0
2021-02-24,49705.33203125,51290.13671875,47213.5,48835.0859375,63695521388,56.87539019338956,50782.5354604103,46656.26682287804,0.018042326886684945,76.0,49631.2421875,-0.0014905814069086055,0.018042326886684945,-0.11062815073806054,0.5687539019338956,-0.0212120844182756,0.06535167547689102,0.0884397513670967,-0.16858009649847186,0.05306915343423377,0.76,1
2021-02-25,47093.8515625,51948.96875,47093.8515625,49709.08203125,54506565949,51.31654122867492,50215.045629962566,46688.68050729448,-0.052539242009451814,79.0,48378.98828125,0.027288842940451523,-0.052539242009451814,-0.16053021565957315,0.5131654122867492,-0.062156551453976916,0.008678143198804333,0.07552933782562432,-0.32165598696505054,0.055740960784154844,0.79,1
2021-02-26,46339.76171875,48370.78515625,44454.84375,47180.46484375,350967941479,49.80285547982221,49618.84810516063,46662.83467110599,-0.016012490351298148,55.0,50538.2421875,0.09060211604521934,-0.016012490351298148,-0.1946505776625559,0.4980285547982221,-0.06608549999913416,-0.006923560358754632,0.06334834681367996,1.3701613693159818,0.05510158229547857,0.55,2
2021-02-27,46188.453125,48253.26953125,45269.02734375,46344.7734375,45910946382,49.48742880200484,49091.09503128976,46627.69529732036,-0.003265200081699504,56.0,48561.16796875,0.051370303251522885,-0.003265200081699504,-0.14792959956832397,0.4948742880200484,-0.0591276667273295,-0.009420199079528624,0.05283125657962717,-0.6527845798478924,0.05029201229809456,0.56,2
2021-02-28,45137.76953125,46716.4296875,43241.6171875,46194.015625,53443887451,47.24955821013827,48482.89110820672,46517.330425759596,-0.022747754528746222,55.0,48927.3046875,0.08395486076524918,-0.022747754528746222,-0.07550844051945371,0.4724955821013827,-0.06899591795156979,-0.029656923169985805,0.04225437411082966,-0.47325100045968976,0.05042170838764266,0.55,2
2021-03-01,49631.2421875,49784.015625,45115.09375,45159.50390625,53891300112,56.34231574788223,48659.560505021065,46747.99055625888,0.09955017057586457,38.0,48912.3828125,-0.014484009331949587,0.09955017057586457,-0.0014905814069086087,0.5634231574788223,0.01996897777937523,0.06167648270937476,0.0408909543707916,-0.4425662946294214,0.05433715925667789,0.38,1
2021-03-02,48378.98828125,50127.51171875,47228.84375,49612.10546875,47530897720,53.570950076064,48616.39554751782,46868.80520255452,-0.025231161886280384,78.0,51206.69140625,0.05844899253703324,-0.025231161886280384,0.02728884294045142,0.5357095007606401,-0.004883275767241568,0.03222149726601464,0.037286855028855204,-0.5441668477228533,0.05426593915759042,0.78,2
2021-03-03,50538.2421875,52535.13671875,48274.3203125,48415.81640625,53220811975,57.456794031796996,48912.06426136123,47140.61534958752,0.04463205996986197,78.0,52246.5234375,0.03380175439545703,0.04463205996986197,0.09060211604521928,0.57456794031797,0.03324696985695197,0.07207429968226342,0.03757797599027768,-0.4137519184736423,0.056082286758449895,0.78,2
2021-03-04,48561.16796875,51735.08984375,47656.9296875,50522.3046875,52343816680,53.07651383747712,48858.08021634412,47245.841469525476,-0.039120359814156846,84.0,54824.1171875,0.1289703168338192,-0.039120359814156846,0.05137030325152292,0.5307651383747712,-0.0060770346742931025,0.027840048103978443,0.034124458294569004,-0.41521452911181295,0.05464948614832256,0.84,2
2021-03-05,48927.3046875,49396.4296875,46542.515625,48527.03125,48625928883,53.779266231505304,48868.73013498349,47370.39430048655,0.007539701660092213,77.0,56008.55078125,0.14472994453665713,0.007539701660092213,0.08395486076524916,0.5377926623150531,0.001198610079589102,0.03286673902559123,0.031630216649506604,-0.4751603782238688,0.04470243546388525,0.77,2
2021-03-06,48912.3828125,49147.21875,47257.52734375,48899.23046875,34363564661,53.74393926432111,48875.44593152449,47484.615671746804,-0.0003049805235605385,77.0,57805.12109375,0.18180954944148378,-0.0003049805235605385,-0.014484009331949599,0.5374393926432111,0.0007557349149767134,0.0300679940345967,0.029290123550588687,-0.7984552172127155,0.044303851369470626,0.77,2
2021-03-07,51206.69140625,51384.3671875,48918.6796875,48918.6796875,43137459378,58.281602090542016,49234.09908148226,47760.32498541371,0.046906498146797926,76.0,57332.08984375,0.11962105477395418,0.046906498146797926,0.058448992537033284,0.5828160209054202,0.040065571658031374,0.07215960992494996,0.030857706611473912,-0.5485908650642775,0.04251213832130083,0.76,2
2021-03-08,52246.5234375,52314.0703125,49506.0546875,51174.1171875,48597428048,60.18783270848667,49697.54898240806,48092.63598186454,0.020306565464276005,81.0,61243.0859375,0.17219447167163485,0.020306565464276005,0.03380175439545696,0.6018783270848667,0.05128974179379009,0.08637263004676776,0.03337128372727838,-0.4101743841790757,0.04166227259921148,0.81,2
2021-03-09,54824.1171875,54824.1171875,51981.83203125,52272.96875,50912227385,64.51610936902914,50486.25178319144,48591.26421931902,0.049335220420617,81.0,59302.31640625,0.0816830155866338,0.049335220420617,0.1289703168338192,0.6451610936902914,0.08592171633055923,0.12827106000059385,0.0389985235889172,-0.3430125917474064,0.042712166344507266,0.81,2
2021-03-10,56008.55078125,57258.25390625,53290.890625,54824.01171875,57295577614,66.32767165260883,51335.83624443122,49140.69285353613,0.021604243798385436,68.0,55907.19921875,-0.0018095730220880754,0.021604243798385436,0.14472994453665722,0.6632767165260883,0.0910224684871217,0.1397590780452267,0.044670582839312356,-0.22853804156848245,0.04023152726753547,0.68,1
2021-03-11,57805.12109375,58091.0625,54484.59375,55963.1796875,56772343595,68.91962110815113,52331.110836634114,49782.502352811236,0.032076714848716215,73.0,56804.90234375,-0.01730328958878603,0.032076714848716215,0.18180954944148375,0.6891962110815113,0.10460336441556728,0.16115338445789718,0.05119486492986547,-0.23303284186813758,0.030312889280172162,0.73,0
2021-03-12,57332.08984375,57996.62109375,55376.6484375,57821.21875,55689944702,67.44748011410269,53100.49222234425,50341.73105584374,-0.008183206626845796,70.0,58870.89453125,0.026840198773388186,-0.008183206626845796,0.11962105477395424,0.6744748011410269,0.07969036527358453,0.1388581330298695,0.05480068143545225,-0.24355515852213327,0.02815292984265377,0.7,1
2021-03-13,61243.0859375,61683.86328125,56217.97265625,57343.37109375,60669829814,72.6493190560654,54353.198947752826,51149.23882485532,0.06821652767950437,74.0,57858.921875,-0.05525789582114818,0.06821652767950437,0.17219447167163482,0.726493190560654,0.12676138889948496,0.1973411011492845,0.06263944872901184,-0.16406271778948017,0.03147249394327334,0.74,0
2021-03-14,59302.31640625,61597.91796875,59302.31640625,61221.1328125,43901225564,66.93339549439848,55114.60163367547,51753.170497551226,-0.031689610370558396,78.0,58346.65234375,-0.016115121978595773,-0.031689610370558396,0.08168301558663371,0.6693339549439848,0.07598194758638699,0.1458682789116461,0.06495121175780505,-0.4533083315933287,0.029978048042063575,0.78,0
2021-03-15,55907.19921875,60540.9921875,55393.1640625,59267.4296875,66419369890,58.29294565854092,55236.53972368693,52060.87632875113,-0.05725100456855314,76.0,58313.64453125,0.04304356766441151,-0.05725100456855314,-0.0018095730220880624,0.5829294565854092,0.01214159138892379,0.07388125520036048,0.06099903841192189,-0.010118254232971738,0.038810196336254696,0.76,2
2021-03-16,56804.90234375,56833.1796875,53555.02734375,55840.78515625,59749798599,59.77167305233608,55477.826280619716,52412.28566319549,0.01605702194966918,71.0,57523.421875,0.01264890003510508,0.01605702194966918,-0.01730328958878602,0.5977167305233607,0.02392083742462492,0.08380891283356218,0.05848897026020916,-0.11299642431997282,0.03847882749497229,0.71,1
2021-03-17,58870.89453125,58969.81640625,54528.62890625,56825.828125,60258313191,63.02114423906237,55999.83678071668,52890.70113490324,0.036369962842253134,71.0,54529.14453125,-0.07375036568699157,0.036369962842253134,0.02684019877338817,0.6302114423906238,0.05126903783265946,0.11306700928569002,0.0587841639286133,-0.10881141192102148,0.03766619479926067,0.71,0
2021-03-18,57858.921875,60116.25,54253.578125,58893.078125,55746041000,60.44559326217023,56285.849872144885,53258.717486021524,-0.017189693893861602,72.0,54738.9453125,-0.05392386275776937,-0.017189693893861602,-0.05525789582114815,0.6044559326217023,0.02794791242254302,0.08637467453447156,0.056838251633037684,0.0614412129362668,0.03889075941848151,0.72,0
2021-03-19,58346.65234375,59498.375,56643.703125,57850.44140625,49063873786,61.267189921628486,56602.89640623798,53635.601549556966,0.008429650137686817,71.0,52774.265625,-0.09550482324024723,0.008429650137686817,-0.01611512197859577,0.6126718992162848,0.030806832304077103,0.08783439838630747,0.05532323253500504,-0.06924481230092082,0.036479465320990515,0.71,0
2021-03-20,58313.64453125,60031.28515625,58213.296875,58332.26171875,50361731222,61.1745802535081,56866.0884254706,53982.123251904595,-0.0005657190459794625,75.0,51704.16015625,-0.11334370245814442,-0.0005657190459794625,0.04304356766441142,0.6117458025350809,0.025455524476183822,0.08023992052206985,0.05342444868476437,-0.040201092425889685,0.0361549959835665,0.75,0
2021-03-21,57523.421875,58767.8984375,56005.6171875,58309.9140625,51943414539,58.8799474548354,56967.21664847512,54244.44166843018,-0.013551247955811196,73.0,55137.3125,-0.041480657742946556,-0.013551247955811196,0.012648900035105104,0.588799474548354,0.009763601931915167,0.06044822484509327,0.050194543372534595,-0.007418314272560019,0.03517169037254828,0.73,0
2021-03-22,54529.14453125,58471.48046875,54288.15625,57517.890625,56521454974,51.063958955441336,56592.128630440486,54265.530769379795,-0.05205318540083803,70.0,55973.51171875,0.026487985460183598,-0.05205318540083803,-0.07375036568699156,0.5106395895544134,-0.03645355191818711,0.004857849137982706,0.0428743223934982,0.06849350572652771,0.03885754730316714,0.7,1
2021-03-23,54738.9453125,55985.44140625,53470.6953125,54511.66015625,56435023914,51.549266025939886,56307.02350460349,54300.59851331463,0.0038474981233158623,66.0,55950.74609375,0.022137817495969863,0.0038474981233158623,-0.05392386275776939,0.5154926602593989,-0.027848713970385686,0.00807259608893407,0.03695032920856067,0.06392285762700717,0.02977630001963924,0.66,1
2021-03-24,52774.265625,57262.3828125,52514.33203125,54710.48828125,70567223787,46.86240871613613,55763.5222923568,54187.53681788392,-0.035891807492523076,65.0,57750.19921875,0.09428712147522185,-0.035891807492523076,-0.09550482324024723,0.4686240871613613,-0.0536059514261803,-0.026081111559540182,0.029083910563595605,0.270333878396522,0.03013202206436943,0.65,2
2021-03-25,51704.16015625,53392.38671875,50856.5703125,52726.74609375,67999812841,44.4897321103594,55139.005040648066,54003.58299109623,-0.020277031922222966,60.0,58917.69140625,0.13951549020815163,-0.020277031922222966,-0.1133437024581444,0.444897321103594,-0.062294284814641165,-0.0425790791552727,0.021024939210774862,0.21544470098772,0.025809018537094504,0.6,2
2021-03-26,55137.3125,55137.3125,51579.85546875,51683.01171875,56652197978,52.75441746467055,55138.74464977913,54087.562954718735,0.06639992475218648,54.0,58918.83203125,0.06858367518819493,0.06639992475218648,-0.041480657742946514,0.5275441746467056,-2.5973565198622595e-05,0.019408335076218863,0.019434813432811282,0.01274558620502325,0.034393163474288405,0.54,2
2021-03-27,55973.51171875,56568.21484375,54242.91015625,55137.56640625,47266542233,54.53015132186507,55267.17035269772,54227.262863165495,0.015165759461888806,65.0,59095.80859375,0.05578168635708618,0.015165759461888806,0.026487985460183605,0.5453015132186507,0.012780487250290351,0.0322024156002656,0.01917683900358913,-0.1720666960796671,0.03232551229499648,0.65,2
2021-03-28,55950.74609375,56610.3125,55071.11328125,55974.94140625,47686580918,54.4701266829586,55372.33585132115,54354.92828765324,-0.0004067213991215679,74.0,59384.3125,0.06136766077250841,-0.0004067213991215679,0.02213781749596988,0.544701266829586,0.010445834251636477,0.029359210956023896,0.018717853113220162,-0.16240781245866015,0.032031773495518605,0.74,2
2021-03-29,57750.19921875,58342.09765625,55139.33984375,55947.8984375,57625587027,58.37077521834468,55738.16098477175,54606.42983810485,0.03216137854506651,72.0,57603.890625,-0.002533473403196458,0.03216137854506651,0.09428712147522189,0.5837077521834468,0.036098037653735426,0.057571414025155754,0.02072523602114651,0.020942819132469256,0.03379426226407576,0.72,1
2021-03-30,58917.69140625,59447.22265625,57251.55078125,57750.1328125,54414116432,60.72196793255119,56227.31951115302,54925.782546856346,0.020216245195582738,72.0,58758.5546875,-0.002701000581518351,0.020216245195582738,0.13951549020815168,0.6072196793255119,0.047848126471035535,0.07267823368721626,0.023696284403164514,-0.03384392082036087,0.03442407156229187,0.72,1
2021-03-31,58918.83203125,59930.02734375,57726.41796875,58930.27734375,65520826225,60.724301860279546,56641.39836039871,55221.56399014477,1.9359634988669328e-05,76.0,59057.87890625,0.0023599733770392943,1.9359634988669328e-05,0.06858367518819497,0.6072430186027955,0.04020793512830334,0.06695333804317949,0.02571159285722735,0.1441592697419961,0.03402732333551184,0.76,1
2021-04-01,59095.80859375,59586.0703125,58505.27734375,58926.5625,61669163792,61.11042729240575,57018.999934760446,55508.54507189331,0.0030037350775407035,74.0,58192.359375,-0.015287873036152165,0.0030037350775407035,0.055781686357086135,0.6111042729240576,0.03642309864020388,0.06462542870130261,0.027211213353022012,0.07831870028731362,0.028078783304298787,0.74,0
2021-04-02,59384.3125,60267.1875,58869.28125,59098.87890625,58727860620,61.77024898442819,57382.89417556653,55795.63895545677,0.004881969011259368,74.0,56048.9375,-0.056165927659767044,0.004881969011259368,0.06136766077250844,0.6177024898442819,0.03487830917537904,0.06431817274120943,0.028447657376536206,0.031153140184934577,0.028061950496858386,0.74,0
2021-04-03,57603.890625,60110.26953125,57603.890625,59397.41015625,59641344484,55.51092036633599,57416.893629325525,55929.583523571084,-0.029981350293480258,73.0,58323.953125,0.012500240733522502,-0.029981350293480258,-0.002533473403196429,0.5551092036633599,0.003256828850437321,0.029935983712864545,0.026592547486566254,0.03285767764721089,0.02706704330881525,0.73,1
2021-04-04,58758.5546875,58913.74609375,57168.67578125,57604.83984375,50749662970,58.45142548737892,57623.30302289083,56139.136943121375,0.0200448971410081,74.0,58245.00390625,-0.008740017244829376,0.0200448971410081,-0.0027010005815183424,0.5845142548737892,0.01970125982119053,0.04665938749704224,0.026437279954502513,-0.11491796713027197,0.025135942679510467,0.74,1
2021-04-05,59057.87890625,59891.296875,57694.82421875,58760.875,60706272115,59.204182909849116,57844.007004946085,56355.340051501276,0.005094138552963257,71.0,59793.234375,0.012451437172630636,0.005094138552963257,0.002359973377039193,0.5920418290984911,0.02098526648059007,0.04795532867477981,0.026415721244594792,0.06338438798995565,0.01679916243834436,0.71,1
2021-04-06,58192.359375,59479.578125,57646.80859375,59171.93359375,66058027988,56.04237729593913,57897.59967726207,56491.41555694563,-0.014655445594718208,75.0,60204.96484375,0.0345853904252357,-0.014655445594718208,-0.0152878730361522,0.5604237729593913,0.005091052122730533,0.0301097751098085,0.02489199653527807,0.14279439400465727,0.017809000008471198,0.75,2
2021-04-07,56048.9375,58731.14453125,55604.0234375,58186.5078125,75645303584,49.05546008533758,57613.190111529446,56458.639404579284,-0.036833390122360865,72.0,59893.453125,0.06859212317807095,-0.036833390122360865,-0.05616592765976702,0.49055460085337577,-0.027150945963959172,-0.007256673361243915,0.020449495757004055,0.26109152827608223,0.022041516442282767,0.72,2
2021-04-08,58323.953125,58338.73828125,55879.0859375,56099.9140625,53053855641,55.40979274459169,57722.53826744799,56596.810791277116,0.04058980823677527,73.0,63503.45703125,0.08880577582162989,0.04058980823677527,0.012500240733522405,0.5540979274459169,0.010419064642747555,0.030516601723238335,0.01989029877182369,-0.09707456306151586,0.02350382804080633,0.73,2
2021-04-09,58245.00390625,58937.046875,57807.86328125,58326.5625,46655208546,55.1527015340115,57802.91759649446,56718.89917016399,-0.0013536328475677317,70.0,63109.6953125,0.08352117915693011,-0.0013536328475677317,-0.008740017244829423,0.551527015340115,0.0076481660119929185,0.026906459018315898,0.019112120337143157,-0.22242248610729254,0.022538574480028443,0.7,2
2021-04-10,59793.234375,61276.6640625,58038.70703125,58253.77734375,58238470525,59.15502172262979,58109.120177803,56946.62770385554,0.026581343719059625,70.0,63314.01171875,0.058882537139052366,0.026581343719059625,0.01245143717263053,0.5915502172262979,0.02898192559178181,0.04998727380219803,0.020413719316143997,-0.006047364281916372,0.024167747264617758,0.7,2
2021-04-11,60204.96484375,60790.5546875,59289.796875,59846.23046875,46280252580,60.17294676171891,58431.55781871792,57187.98601051439,0.006885903949730876,76.0,61572.7890625,0.022719458807092,0.006885903949730876,0.034585390425235785,0.6017294676171892,0.03035015822330145,0.05275546567911871,0.021745333153975643,-0.22710027207621286,0.024221473328376295,0.76,1
2021-04-12,59893.453125,61253.03515625,59589.875,60175.9453125,51828688519,58.97539565414098,58656.46478891517,57388.39098195777,-0.005174186540237491,74.0,60683.8203125,0.013196220058484063,-0.005174186540237491,0.06859212317807084,0.5897539565414098,0.02108869568829852,0.043651025933621135,0.022096347105393876,-0.10989838821865439,0.02430292868152286,0.74,1
2021-04-13,63503.45703125,63742.28515625,59869.95703125,59890.01953125,69983454362,67.13763849588305,59402.155903120525,57841.358837460895,0.06027376479221824,74.0,56216.18359375,-0.11475396424345746,0.06027376479221824,0.08880577582162985,0.6713763849588306,0.06904296764612927,0.09789013099951682,0.026984100944889677,0.19092131865399697,0.027954329713583057,0.74,0
2021-04-14,63109.6953125,64863.09765625,61554.796875,63523.75390625,77451779687,65.60440390827517,59972.546581486604,58231.60598376009,-0.00620063437737306,75.0,55724.265625,-0.11702527877736695,-0.00620063437737306,0.08352117915693014,0.6560440390827518,0.05230974687311063,0.08377047560907624,0.029896832970947695,0.2841776479679599,0.02815296858009134,0.75,0
2021-04-15,63314.01171875,63821.671875,62208.96484375,63075.1953125,60954381579,66.03780768928746,60486.618141065584,58608.080482648234,0.003237480473297971,79.0,56473.03125,-0.10804844430232323,0.003237480473297971,0.05888253713905245,0.6603780768928746,0.046744117369736715,0.08029492174709629,0.032052536833611533,0.04096448356761098,0.028176862175838736,0.79,0
2021-04-16,61572.7890625,63594.72265625,60222.53125,63258.50390625,84293007468,59.192509664665714,60653.721359747804,58827.68852560022,-0.027501379378466195,78.0,53906.08984375,-0.12451440539696601,-0.027501379378466195,0.02271945880709203,0.5919250966466572,0.015152700974455424,0.046663409793930466,0.031040363473620713,0.33398566172766014,0.02955017294021955,0.78,0
2021-04-17,60683.8203125,62572.17578125,60361.3515625,61529.921875,66138759198,56.00088736570749,60658.35196786352,58965.17976907428,-0.014437688523377457,76.0,51762.2734375,-0.14701689559189288,-0.014437688523377457,0.013196220058484087,0.560008873657075,0.0004198654234781607,0.029146702344611475,0.028714780577625998,0.07627202972790886,0.026644772741792357,0.76,0
2021-04-18,56216.18359375,61057.45703125,52829.53515625,60701.88671875,97468872758,43.35025051349394,59974.94144876913,58761.550422753964,-0.0736215468265391,79.0,51093.65234375,-0.09112200299860826,-0.0736215468265391,-0.11475396424345752,0.4335025051349394,-0.06267213880033351,-0.043316876608795796,0.020649404538946925,0.43205911697142224,0.03456284704811551,0.79,0
2021-04-19,55724.265625,57520.0546875,54368.59375,56191.5859375,65344865159,42.219339499925965,59320.99132203542,58536.56636366108,-0.008750468945115109,74.0,50050.8671875,-0.10181199112931333,-0.008750468945115109,-0.1170252787773669,0.4221933949992597,-0.060631584484316936,-0.04804348654804125,0.013400597389007451,0.023604361885208897,0.034599712253113896,0.74,0
2021-04-20,56473.03125,57062.1484375,53448.046875,55681.79296875,67849323955,44.58891929118862,58882.843618645355,58383.71191079729,0.013436976092944253,73.0,49004.25390625,-0.13225387726553106,0.013436976092944253,-0.10804844430232319,0.44588919291188617,-0.04092554334251419,-0.032726262141683615,0.00854916022829566,0.0593923284743593,0.03354799373837852,0.73,0
2021-04-21,53906.08984375,56757.97265625,53695.46875,56471.12890625,54926612466,38.72562126317772,58117.18919173838,58052.03620212712,-0.045454287638402646,73.0,54021.75390625,0.0021456585486956882,-0.045454287638402646,-0.12451440539696601,0.38725621263177723,-0.07245875801211332,-0.07141775947258178,0.0011223204881978255,-0.14661235355561483,0.03548262731162852,0.73,1
2021-04-22,51762.2734375,55410.23046875,50583.8125,53857.10546875,74798630778,34.62996589739639,57139.50984493247,57586.127849191784,-0.0397694659817468,65.0,55033.1171875,0.06318972357250417,-0.0397694659817468,-0.1470168955918929,0.34629965897396386,-0.0941071497117395,-0.10113293998414796,-0.007755652636150967,0.14963410449069864,0.03658384036248601,0.65,2
2021-04-23,51093.65234375,52120.79296875,47714.6640625,51739.80859375,86668667320,33.442025233921896,56209.37792167363,57105.20373767758,-0.012917150838772984,55.0,54824.703125,0.07302376342462429,-0.012917150838772984,-0.09112200299860829,0.33442025233921896,-0.09101195862818956,-0.10527151643732258,-0.01568728867721192,0.2761612012401437,0.025845778176259382,0.55,2
2021-04-24,50050.8671875,51167.5625,48805.28515625,51143.2265625,49014494781,31.6201998639103,55261.91473180076,56582.66028951627,-0.02040928977310741,37.0,53555.109375,0.07001361583551484,-0.02040928977310741,-0.10181199112931338,0.31620199863910303,-0.09429726728780963,-0.11543807004822804,-0.02334187807638699,-0.2924948627490477,0.02531480892264588,0.37,2
2021-04-25,49004.25390625,50506.01953125,47159.484375,50052.83203125,46117114240,29.861843586940765,54299.197681716025,56021.29685371878,-0.02091099195802515,31.0,57750.17578125,0.1784727075272244,-0.02091099195802515,-0.13225387726553106,0.2986184358694077,-0.0975142175489081,-0.12525670310331227,-0.030740080446538864,-0.3422563691878221,0.0236728070578871,0.31,2
2021-04-26,54021.75390625,54288.00390625,48852.796875,49077.79296875,58284039825,45.50668923892957,54256.51402395202,55873.18256131368,0.10238907033660749,27.0,57828.05078125,0.07045859491355082,0.10238907033660749,0.002145658548695639,0.45506689238929565,-0.004326855897862969,-0.03313626627643729,-0.02893460625028077,-0.10210855436121469,0.04665105916082537,0.27,2
2021-04-27,55033.1171875,55416.96484375,53319.1875,54030.3046875,49448222757,48.02337779073956,54375.99143372863,55810.95549658674,0.018721407731506323,50.0,56631.078125,0.029036351549116945,0.018721407731506323,0.06318972357250408,0.4802337779073956,0.01208485098744827,-0.013937018317744299,-0.025711153842293055,-0.24600986898475527,0.047630233178841144,0.5,1
2021-04-28,54824.703125,56227.20703125,53887.91796875,55036.63671875,48000572955,47.53616915280324,54445.02400161653,55737.899765358095,-0.003787066282106566,59.0,57200.29296875,0.04333064674027818,-0.003787066282106566,0.07302376342462424,0.47536169152803237,0.006973623950871755,-0.016383764802807677,-0.023195631144772744,-0.2717197105287187,0.041824218438545994,0.59,2
2021-04-29,53555.109375,55115.84375,52418.02734375,54858.08984375,46088929780,44.56979868710607,54308.11405906014,55576.211588294536,-0.02315733013830157,52.0,53333.5390625,-0.004137239473241203,-0.02315733013830157,0.07001361583551491,0.4456979868710607,-0.01386541766560423,-0.03636631852971106,-0.02281727186855398,-0.31191025220627844,0.04233732146881845,0.52,1
2021-04-30,57750.17578125,57900.71875,53129.6015625,53568.6640625,52395931985,54.641799887331715,54837.66201632012,55737.245972957906,0.07833176806484676,51.0,57424.0078125,-0.005647913003511556,0.07833176806484676,0.17847270752722433,0.5464179988733171,0.053111559790114615,0.03611462628183504,-0.016139727410899307,-0.17900332781915287,0.04953080364243524,0.51,1
2021-05-01,57828.05078125,58448.33984375,57052.2734375,57714.6640625,42836427360,54.80597007133944,55297.72182630933,55892.12040320176,0.0013484807439372304,68.0,56396.515625,-0.024755030420533505,0.0013484807439372304,0.07045859491355078,0.5480597007133944,0.0457582857190475,0.034636910607122706,-0.010634747306140557,-0.3776919274647618,0.046532114771261374,0.68,0
2021-05-02,56631.078125,57902.59375,56141.90625,57825.86328125,38177405335,51.708068325462825,55502.853564569436,55946.858012223856,-0.020698824187899145,66.0,57356.40234375,0.01280788292868122,-0.020698824187899145,0.02903635154911699,0.5170806832546283,0.02032732531703152,0.012229821961166287,-0.007936182002524772,-0.4818548714298123,0.04471276658957161,0.66,1
2021-05-03,57200.29296875,58973.30859375,56590.87109375,56620.2734375,51713139031,53.066687222487715,55763.99808828952,56039.70504604061,0.010051280367532334,61.0,58803.77734375,0.028032800039608625,0.010051280367532334,0.04333064674027809,0.5306668722248772,0.025756669709844582,0.020710100486001526,-0.004919850265531878,-0.1634976223047254,0.043995128755853416,0.61,1
2021-05-04,53333.5390625,57214.1796875,53191.42578125,57214.1796875,68564706967,44.00896102314254,55390.08131509113,55839.24830651908,-0.06760024652955021,68.0,58232.31640625,0.0918517208844751,-0.06760024652955021,-0.004137239473241183,0.4400896102314254,-0.037128348682001655,-0.04487362061653233,-0.008043929763565938,0.12589178566958964,0.05000112267734461,0.68,2
2021-05-05,57424.0078125,57911.36328125,52969.0546875,53252.1640625,69241316747,53.12400802436383,55702.99308392326,55956.637899554706,0.07669599321369813,48.0,55859.796875,-0.027239668512992646,0.07669599321369813,-0.005647913003511529,0.5312400802436383,0.030896270259370473,0.026223339500477172,-0.004532881623208862,0.12888109273853404,0.053265893376698174,0.48,0
2021-05-06,56396.515625,58363.31640625,55382.5078125,57441.30859375,69523285106,50.88319859869601,55809.688859473536,55989.22143477288,-0.01789307689659958,65.0,56704.57421875,0.005462369267604908,-0.01789307689659958,-0.024755030420533508,0.5088319859869601,0.010514782961863034,0.007274510696699377,-0.0032065560245109204,0.1451517525267274,0.044808172421694686,0.65,1
2021-05-07,57356.40234375,58606.6328125,55321.84765625,56413.953125,68434023376,52.8826951840862,56047.64478013145,56090.49409469711,0.017020319573156195,64.0,49150.53515625,-0.14306802470490332,0.017020319573156195,0.012807882928681291,0.528826951840862,0.02335080392320954,0.022569033656855808,-0.000763931843661747,0.12745337354859668,0.044754338304414366,0.64,0
2021-05-08,58803.77734375,59464.61328125,56975.2109375,57352.765625,65382980634,55.80426783632546,56471.665174534304,56291.4780390714,0.02523475916996243,67.0,49716.19140625,-0.1545408534621268,0.02523475916996243,0.02803280003960862,0.5580426783632546,0.041297032095794384,0.044630189012532906,0.003200966500432667,0.10883581669164213,0.045058920187691545,0.67,0
2021-05-09,58232.31640625,59210.8828125,56482.00390625,58877.390625,65906690347,54.37078653649904,56742.53459479826,56435.243844047596,-0.009718099130935132,73.0,49880.53515625,-0.14342175900637216,-0.009718099130935132,0.09185172088447513,0.5437078653649904,0.026255115709764576,0.03184309023574716,0.005445015026422473,0.11633485915829223,0.04422121107514686,0.73,0
2021-05-10,55859.796875,59519.35546875,54071.45703125,58250.87109375,71776546298,48.76958027434723,56606.72879175237,56392.61814263666,-0.04074231762821234,72.0,46760.1875,-0.16290086760183908,-0.04074231762821234,-0.027239668512992643,0.4876958027434723,-0.013195108297111124,-0.009448422243651944,0.003796785043286066,0.19831130539841738,0.03932090623607508,0.72,0
2021-05-11,56704.57421875,56872.54296875,54608.65234375,55847.2421875,61308396325,50.71644218008588,56621.78193436739,56415.72600012654,0.01512317249631967,61.0,46456.05859375,-0.18073525401079926,0.01512317249631967,0.005462369267605016,0.5071644218008587,0.00146219849595286,0.005119994708971953,0.003652455597937143,0.03526428374154646,0.03971506904891539,0.61,0
2021-05-12,49150.53515625,57939.36328125,49150.53515625,56714.53125,75215403907,37.128898567189516,55472.35935311856,55877.56371539494,-0.1332174549686006,68.0,43537.51171875,-0.11420065762572365,-0.1332174549686006,-0.14306802470490332,0.37128898567189517,-0.11396349949036666,-0.12038872334177242,-0.007251646910381382,0.239351491234044,0.05770237822624049,0.68,0
2021-05-13,49716.19140625,51330.84375,46980.01953125,49735.43359375,96721152926,38.458490475039255,54586.79505360032,55421.16576656939,0.011508648851976444,31.0,42909.40234375,-0.1369129225301899,0.011508648851976444,-0.15454085346212676,0.38458490475039253,-0.08922677439786919,-0.10293854850236106,-0.015055091343321614,0.4823738320756119,0.05776748024967603,0.31,0
2021-05-14,49880.53515625,51438.1171875,48868.578125,49682.98046875,55737497453,38.86302586461734,53862.75506939257,55010.74868432351,0.00330563837155351,26.0,37002.44140625,-0.2581787406582462,0.00330563837155351,-0.14342175900637222,0.3886302586461734,-0.07393271859213646,-0.09325838405714104,-0.020868532830168207,-0.07441932578522485,0.05449233688592229,0.26,0
2021-05-15,46760.1875,50639.6640625,46664.140625,49855.49609375,59161047474,34.258441328984475,52770.0523664091,54399.59600400325,-0.06255641898138342,27.0,40782.73828125,-0.1278320198940605,-0.06255641898138342,-0.16290086760183908,0.34258441328984474,-0.11388779424889661,-0.14043134628134135,-0.02995506873753684,-0.025612573543756862,0.048704789903705865,0.27,0
2021-05-16,46456.05859375,49720.04296875,43963.3515625,46716.63671875,64047871555,33.837624494604626,51798.668709076934,53811.185825465975,-0.0065040138312105755,20.0,37304.69140625,-0.19698974610668296,-0.0065040138312105755,-0.18073525401079926,0.33837624494604623,-0.10314184222249556,-0.13668398342998755,-0.03739960540762932,0.04901799266791749,0.04887145216463935,0.2,0
2021-05-17,43537.51171875,46623.55859375,42207.2890625,46415.8984375,74903638450,30.02594912454994,50527.721479795866,53050.1729286722,-0.06282381595309616,27.0,37536.6328125,-0.13783238107440215,-0.06282381595309616,-0.11420065762572362,0.3002594912454994,-0.13834405265713368,-0.17931442415300514,-0.047548411430587745,0.18493392623207225,0.04902640714938315,0.27,0
2021-05-18,42909.40234375,45812.45703125,42367.83203125,43488.05859375,56187365084,29.26198475332633,49355.672381942655,52299.004737196476,-0.014426855146374762,21.0,34770.58203125,-0.18967452045356828,-0.014426855146374762,-0.13691292253018994,0.2926198475332633,-0.13060849396008023,-0.17953692313323,-0.05627893628270986,-0.10913012170066669,0.04592365322040251,0.21,0
2021-05-19,37002.44140625,43546.1171875,30681.49609375,42944.9765625,126358098747,23.266537087216832,47455.17530875917,51165.92597194118,-0.13766122609163733,23.0,38705.98046875,0.04603855847771869,-0.13766122609163733,-0.2581787406582462,0.23266537087216832,-0.22026541540517353,-0.27681478047437813,-0.07252386412818834,0.6392201767408566,0.05629501540144092,0.23,2
2021-05-20,40782.73828125,42462.984375,35050.6171875,36753.66796875,88281943359,32.76129064891238,46428.646535296226,50396.80095781591,0.10216344466291027,11.0,38402.22265625,-0.058370666740993456,0.10216344466291027,-0.12783201989406057,0.3276129064891238,-0.1216039810627274,-0.19076732042204936,-0.0787382204247683,0.2540822601418518,0.07264064232843194,0.11,0
2021-05-21,37304.69140625,42172.171875,33616.453125,40596.94921875,82051616861,29.183385831013595,45024.96113082758,49427.01506510733,-0.08528232829817228,19.0,39294.19921875,0.05333130331609389,-0.08528232829817228,-0.19698974610668296,0.291833858310136,-0.17146643840835396,-0.2452570450165622,-0.08906169892074567,0.15266239425443004,0.0728783664061811,0.19,2
2021-05-22,37536.6328125,38831.0546875,35383.68359375,37371.03125,57377273240,29.734494816197312,43872.91062031564,48546.246009358634,0.006217486259949112,12.0,38436.96875,0.02398552747118492,0.006217486259949112,-0.1378323810744022,0.2973449481619731,-0.14442346582954046,-0.22678608753262253,-0.09626563891556272,-0.21857534428080289,0.06574288338020297,0.12,1
2021-05-23,34770.58203125,38289.21875,31227.33984375,37531.44921875,78469274361,27.032666403784432,42472.552375844,47525.82645542466,-0.0736893688644572,14.0,35697.60546875,0.026661142360712837,-0.0736893688644572,-0.18967452045356825,0.27032666403784433,-0.18133994577105872,-0.26838553635964735,-0.10632690594702687,0.07591872263671955,0.06606241912928267,0.14,1
2021-05-24,38705.98046875,39835.140625,34551.08203125,34700.36328125,67359584098,35.94990201717037,41893.079774752616,46872.5045304858,0.11318183957815453,10.0,34616.06640625,-0.10566620488536826,0.11318183957815453,0.04603855847771876,0.3594990201717037,-0.07607698749146063,-0.17422845532873765,-0.10623338363527335,-0.07591441480136403,0.0803807431440266,0.1,0
2021-05-25,38402.22265625,39776.3515625,36581.4296875,38795.78125,56211915803,35.588381100796425,41356.02483344452,46245.07624350537,-0.007847826326095597,22.0,35678.12890625,-0.07093583552140181,-0.007847826326095597,-0.05837066674099345,0.35588381100796423,-0.0714237451275972,-0.16959326752881754,-0.10572047463642065,-0.2478259328487442,0.07917690882882703,0.22,0
2021-05-26,39294.19921875,40782.078125,37905.8359375,38392.625,51346735160,37.57362781214513,41038.82089272229,45730.19646389386,0.023227211885217036,22.0,37332.85546875,-0.04991433313302148,0.023227211885217036,0.053331303316093814,0.37573627812145133,-0.04251149609129423,-0.14073845604895618,-0.10258813506029074,-0.32565408059941564,0.08015313755685124,0.22,0
2021-05-27,38436.96875,40379.6171875,37247.90234375,39316.890625,43210968721,36.41211238023687,40638.535947688084,45189.9573739758,-0.021815700174415475,27.0,36684.92578125,-0.04558223568943636,-0.021815700174415475,0.023985527471184875,0.3641211238023687,-0.05417437282981974,-0.149435605085672,-0.10071754192246274,-0.4802671707257941,0.07838990693278483,0.27,0
2021-05-28,35697.60546875,38856.96875,34779.0390625,38507.08203125,55200191952,32.91090092413711,39878.392797082226,44486.82019581093,-0.07126897282320166,21.0,37575.1796875,0.05259664322285272,-0.07126897282320166,0.02666114236071282,0.3291090092413711,-0.10483841085586887,-0.19756895836507904,-0.10359084732162205,-0.22807945804783694,0.0808030641900642,0.21,2
2021-05-29,34616.06640625,37234.5,33693.9296875,35684.15625,45231013335,31.61823199243554,39068.80412156958,43755.65324843604,-0.03029724398312339,18.0,39208.765625,0.13267536423262635,-0.03029724398312339,-0.10566620488536826,0.3161823199243554,-0.11397169213227232,-0.2088778515153975,-0.10711413906348177,-0.4122420984909205,0.06900671458996376,0.18,2
2021-05-30,35678.12890625,36400.66796875,33520.73828125,34607.40625,31646080921,34.34535993405305,38547.16178075118,43157.31811197782,0.03068120125307594,10.0,36894.40625,0.03409027830315776,0.03068120125307594,-0.07093583552140181,0.3434535993405305,-0.07442916007200961,-0.17330060191233365,-0.10682212271079794,-0.7395959962002816,0.05981556181676409,0.1,2
2021-05-31,37332.85546875,37468.25,34241.9453125,35658.59375,39009847639,38.46312418192415,38360.345425058695,42725.876434701684,0.04637929771620186,18.0,35551.95703125,-0.04770324731765366,0.04637929771620186,-0.049914333133021516,0.3846312418192415,-0.026785211262396302,-0.12622376451876616,-0.10217534136051876,-0.5134371400561984,0.0561977473265367,0.18,0
2021-06-01,36684.92578125,37896.734375,35787.0859375,37293.79296875,34639423297,37.47208630856423,38102.588556780436,42278.398608520074,-0.017355481635803582,20.0,35862.37890625,-0.022421931010704436,-0.017355481635803582,-0.04558223568943631,0.3747208630856423,-0.037206468883809185,-0.1323009624622551,-0.09876935241577756,-0.6006411826934972,0.05647053620074566,0.2,0
2021-06-02,37575.1796875,38231.33984375,35966.30859375,36699.921875,33070867190,39.76844875017825,38021.44873073729,41930.012021777846,0.02426756732611457,23.0,33560.70703125,-0.10683841540178929,0.02426756732611457,0.052596643222852624,0.39768448750178254,-0.011737297187114248,-0.10385955367759037,-0.09321636466525463,-0.5952769389133796,0.05063160162618668,0.23,0
2021-06-03,39208.765625,39478.953125,37243.97265625,37599.41015625,35460750427,43.84390450328259,38204.112868316166,41728.43821460912,0.043475133082156336,24.0,33472.6328125,-0.14629720474654703,0.043475133082156336,0.13267536423262638,0.4384390450328259,0.026296979075177696,-0.06038262387512472,-0.08445859699247238,-0.5084544159292324,0.03787257085349831,0.24,0
2021-06-04,36894.40625,39242.484375,35717.72265625,39242.484375,41831090187,39.741231108659726,38002.619542421366,41370.36177278622,-0.05902658087058821,27.0,37345.12109375,0.01221634631266088,-0.05902658087058821,0.034090278303157806,0.39741231108659725,-0.029161497437940942,-0.10819232249814514,-0.08140470825131108,-0.32843592458865645,0.04251619700587866,0.27,1
2021-06-05,35551.95703125,37917.71484375,34900.4140625,36880.15625,35959473399,37.54651139077884,37625.594540702696,40939.36882896872,-0.03638625350557034,24.0,36702.59765625,0.03236504319547282,-0.03638625350557034,-0.04770324731765363,0.3754651139077884,-0.05511241841532821,-0.1315948914656101,-0.08094346305410538,-0.4552115710914407,0.042582433810448794,0.24,2
2021-06-06,35862.37890625,36436.421875,35304.578125,35538.609375,28913440585,38.39374214627904,37354.33059694074,40563.29550135993,0.008731498936251025,17.0,37334.3984375,0.04104634372131572,0.008731498936251025,-0.022421931010704443,0.38393742146279036,-0.03994052809536697,-0.11589089439126865,-0.07911006403095644,-0.6318893400842709,0.04266725701416659,0.17,2
2021-06-07,33560.70703125,36790.5703125,33480.640625,35835.265625,33683936663,34.64129249280188,36770.696202219086,40044.585244314745,-0.06418068028941804,15.0,35552.515625,0.05934942288001652,-0.06418068028941804,-0.10683841540178929,0.3464129249280188,-0.08729748148677596,-0.16191647818315913,-0.08175609816212204,-0.45827108498678376,0.041507048449155676,0.15,2
2021-06-08,33472.6328125,34017.38671875,31114.443359375,33589.51953125,49902050442,34.502331488052164,36263.30183457,39557.77395306921,-0.0026243254847995168,13.0,39097.859375,0.16805449974641132,-0.0026243254847995168,-0.14629720474654706,0.3450233148805216,-0.07695573433441838,-0.1538292106069603,-0.08328254573697025,0.009244152794045337,0.04057252999639548,0.13,2
2021-06-09,37345.12109375,37537.37109375,32475.865234375,33416.9765625,53972919008,44.95733750980065,36429.73556675154,39393.87374126779,0.11569117681725527,14.0,40218.4765625,0.07694058513123629,0.11569117681725527,0.012216346312660775,0.44957337509800654,0.02512742716238403,-0.05200688464845182,-0.07524363290556801,0.12297628959013757,0.054750264281742185,0.14,2
2021-06-10,36702.59765625,38334.32421875,35847.59375,37389.515625,43576032854,43.71061748991578,36471.7143497513,39194.519957192395,-0.01720501684509279,21.0,40406.26953125,0.10091034726446155,-0.01720501684509279,0.03236504319547273,0.4371061748991578,0.006330475839018801,-0.0635783345137032,-0.0694690382843034,-0.04985634554576508,0.05319662728736387,0.21,2
2021-06-11,37334.3984375,37608.6953125,36044.44921875,36697.03125,38699736985,45.31645241666649,36604.43497863572,39056.733177955924,0.01721406171757467,21.0,38347.0625,0.027124156404857033,0.01721406171757467,0.04104634372131577,0.4531645241666649,0.019941940349313514,-0.04409827961310475,-0.06278810335075102,-0.14793141566559273,0.0530999370570995,0.21,1
2021-06-12,35552.515625,37408.92578125,34728.19140625,37340.14453125,37924228550,41.702976749835145,36442.601231922534,38797.161507366596,-0.047727642256857994,28.0,38053.50390625,0.07034630988225604,-0.047727642256857994,0.059349422880016434,0.41702976749835147,-0.024424315960816956,-0.08363101207160528,-0.060688983007094244,-0.12194075218838006,0.05475040121031863,0.28,2
2021-06-13,39097.859375,39322.78125,34864.109375,35555.7890625,40669112838,50.209960378374305,36851.10248470368,38819.43542348759,0.09972131894675185,23.0,35787.24609375,-0.08467505214280034,0.09972131894675185,0.1680544997464113,0.5020996037837431,0.06096851216945032,0.007172282349679815,-0.050704831672873096,-0.020417052035784172,0.06252932761905072,0.23,0
2021-06-14,40218.4765625,40978.36328125,38757.28515625,39016.96875,43148914673,52.56610331425355,37369.160035133886,38923.06810045147,0.028661855288592664,28.0,35615.87109375,-0.11444007486453385,0.028661855288592664,0.07694058513123636,0.5256610331425355,0.07624780767582773,0.03328125261619608,-0.03992254827670072,0.05463195010690993,0.05916880008757056,0.28,0
2021-06-15,40406.26953125,41295.26953125,39609.46875,40427.16796875,46420149185,52.96776601232802,37836.40764992098,39032.934873103215,0.004669320789865594,38.0,35698.296875,-0.11651589495558055,0.004669320789865594,0.10091034726446146,0.5296776601232802,0.06792034553350068,0.03518399686345708,-0.030654298147760883,0.13375592857172094,0.05696112663109276,0.38,0
2021-06-16,38347.0625,40516.77734375,38176.03515625,40168.69140625,39211635100,48.15273563606196,37914.96993454852,38982.129512132604,-0.05096256237308472,33.0,31676.693359375,-0.17394733014099842,-0.05096256237308472,0.02712415640485699,0.4815273563606196,0.011396357855416595,-0.01629123447283576,-0.02737561007927869,-0.030067750069379215,0.060619401960559746,0.33,0
2021-06-17,38053.50390625,39513.671875,37439.67578125,38341.421875,37096670047,47.48995681970163,37936.28285327183,38913.34243021537,-0.007655308506355651,26.0,32505.66015625,-0.14579061533118923,-0.007655308506355651,0.0703463098822561,0.47489956819701634,0.0030899456710493656,-0.02209623923998172,-0.02510860069899523,-0.06285874152107476,0.055528878380039844,0.26,0
2021-06-18,35787.24609375,38187.26171875,35255.85546875,38099.4765625,36200887275,42.61360401959019,37605.661813345396,38681.779738625344,-0.0595545108824469,25.0,33723.02734375,-0.05768029047534065,-0.0595545108824469,-0.08467505214280036,0.4261360401959019,-0.0483548389234858,-0.07482938128581074,-0.02781976249674467,-0.07580693801857503,0.060146513819379695,0.25,0
2021-06-19,35615.87109375,36457.796875,34933.0625,35854.52734375,31207279719,42.2602191701406,37299.54016417687,38454.6753945605,-0.004788717174578294,23.0,34662.4375,-0.026769908034547887,-0.004788717174578294,-0.11444007486453389,0.422602191701406,-0.04513913745360043,-0.07382208461476325,-0.030038876119261926,-0.2236771985684511,0.04683515747504111,0.23,0
2021-06-20,35698.296875,36059.484375,33432.07421875,35563.140625,36664034054,42.50717178055844,37053.195042765044,38250.49920792639,0.002314299179515533,21.0,31637.779296875,-0.11374541458779328,0.002314299179515533,-0.11651589495558057,0.4250717178055844,-0.03656629789148502,-0.06672337317881372,-0.03130166115356836,-0.05952264230348328,0.04661893062586726,0.21,0
2021-06-21,31676.693359375,35721.640625,31295.935546875,35641.14453125,52809038594,34.70740676346426,36226.04093762812,37763.55062655221,-0.11265533282181261,23.0,32186.27734375,0.016087032146749752,-0.11265533282181261,-0.1739473301409984,0.34707406763464266,-0.1255822458238237,-0.16118339420386596,-0.04071411886368137,0.28228512788003535,0.05754021235773747,0.23,1
2021-06-22,32505.66015625,33292.453125,28893.62109375,31622.376953125,58964353058,37.26285239433188,35653.674663569946,37374.07725838167,0.02616961270137308,10.0,34649.64453125,0.06595726297186945,0.02616961270137308,-0.1457906153311892,0.3726285239433188,-0.08829425121042322,-0.13026186756329505,-0.046031975128587366,0.3605409239128842,0.05758640624979887,0.1,2
2021-06-23,33723.02734375,34753.41015625,31772.6328125,32515.71484375,46317108925,40.91976103061824,35356.65199898226,37103.6291165571,0.0374509295196066,14.0,34434.3359375,0.021092667230002683,0.0374509295196066,-0.05768029047534062,0.4091976103061824,-0.04620416704837571,-0.09111242898066119,-0.047083726286905714,0.10600347557154445,0.0471329323333958,0.14,1
2021-06-24,34662.4375,35228.8515625,32385.21484375,33682.80078125,33123368116,43.64940610610792,35249.849768369604,36922.80010792324,0.027856637741157764,22.0,35867.77734375,0.03477366078914675,0.027856637741157764,-0.02676990803454793,0.4364940610610792,-0.016664248847287344,-0.06121861292524755,-0.04530941138439393,-0.21876263485746544,0.04705326405491341,0.22,2
2021-06-25,31637.779296875,35487.24609375,31350.884765625,34659.10546875,40230904226,37.622226076079144,34694.1466189089,36531.317084882634,-0.0872604012088013,27.0,35040.8359375,0.10756306909825161,-0.0872604012088013,-0.1137454145877933,0.37622226076079146,-0.08809461018326725,-0.1339545950844645,-0.05029028823967574,-0.029533672523604337,0.05180285147334249,0.27,2
2021-06-26,32186.27734375,32637.587890625,30184.501953125,31594.6640625,38585385521,39.260147346246,34308.32057657676,36209.46228924318,0.017336806155961115,20.0,33572.1171875,0.04305685398001162,0.017336806155961115,0.01608703214674967,0.39260147346246,-0.06185214540275519,-0.1111086630714303,-0.052504002889631196,-0.08289868746461525,0.052194079589697136,0.2,2
2021-06-27,34649.64453125,34656.12890625,32071.7578125,32287.5234375,35511640894,46.104808039749265,34360.831954218804,36093.92023309554,0.07653470332064805,22.0,33897.046875,-0.02172021290351892,0.07653470332064805,0.06595726297186943,0.4610480803974927,0.008405284756085152,-0.040014376175221855,-0.04801607217183401,-0.16808932146569003,0.05992168365976964,0.22,0
2021-06-28,34434.3359375,35219.890625,33902.07421875,34679.12109375,33892523752,45.62090430369319,34372.14025933899,35970.98806305142,-0.006213875976586625,25.0,34668.546875,0.006801668483606139,-0.006213875976586625,0.021092667230002693,0.4562090430369319,0.001809479354260235,-0.04271920812566832,-0.044448259272442336,-0.1955179458520954,0.05709637007317853,0.25,1
2021-06-29,35867.77734375,36542.109375,34252.484375,34475.55859375,37901460044,49.42663352726499,34602.238272325296,35963.34282458465,0.04162825758718758,25.0,35287.78125,-0.01617039406126081,0.04162825758718758,0.034773660789146676,0.4942663352726499,0.03657390777627456,-0.0026573025010712126,-0.037846997674779614,-0.06403130058617373,0.05873705458831827,0.25,0
2021-06-30,35040.8359375,36074.7578125,34086.15234375,35908.38671875,34059036099,47.36713040169118,34669.71483619833,35895.0089810969,-0.02305527321430456,28.0,33746.00390625,-0.036952087374841895,-0.02305527321430456,0.10756306909825164,0.47367130401691177,0.010704475160960625,-0.023796429304328237,-0.034135501833801984,-0.15907946190149755,0.05928248993740552,0.28,0
2021-07-01,33572.1171875,35035.984375,32883.78125,35035.984375,37838957079,43.87070235256379,34500.853659475506,35722.942922311944,-0.04191448950075438,28.0,34235.1953125,0.019750858168899925,-0.04191448950075438,0.04305685398001158,0.4387070235256379,-0.026919231655603726,-0.06020852591818726,-0.03421020674288122,-0.05275726235314136,0.047406205053112875,0.28,1
2021-07-02,33897.046875,33939.58984375,32770.6796875,33549.6015625,38728974942,44.84076809420763,34407.96030801773,35587.6913632518,0.00967855812266083,21.0,33855.328125,-0.0012307488069342324,0.00967855812266083,-0.021720212903518887,0.44840768094207634,-0.014848698627993984,-0.04750643898180973,-0.03314997433220035,-0.03051664639066345,0.04694417589067414,0.21,1
2021-07-03,34668.546875,34909.26171875,33402.6953125,33854.421875,24383958643,47.175197074529834,34448.050549091924,35519.60658634426,0.022760094790705843,24.0,32877.37109375,-0.051665729968672074,0.022760094790705843,0.0068016684836060826,0.47175197074529834,0.006400836110996844,-0.023960279776056415,-0.03016801536490854,-0.47257578641610815,0.04604415300307744,0.24,0
2021-07-04,35287.78125,35937.56640625,34396.4765625,34665.56640625,24924307911,49.03943152763837,34577.23988769317,35502.43433920765,0.017861561294527206,27.0,33798.01171875,-0.042217716118096826,0.017861561294527206,-0.016170394061260862,0.4903943152763837,0.02054939505335507,-0.006046151290831192,-0.02606002852296596,-0.4270857756786077,0.04556837894606026,0.27,0
2021-07-05,33746.00390625,35284.34375,33213.66015625,35284.34375,26721554282,44.80013983625239,34449.35742900961,35372.328381210784,-0.043691535402215154,29.0,33520.51953125,-0.006681809663343241,-0.043691535402215154,-0.0369520873748419,0.4480013983625239,-0.020417028799710413,-0.04597730908278752,-0.02609302227024002,-0.3313395686846256,0.037349206462100125,0.29,1
2021-07-06,34235.1953125,35038.53515625,33599.91796875,33723.5078125,26501259870,46.38388413600408,34416.40941108506,35288.09630204702,0.014496276584600176,20.0,34240.1875,0.0001458203306401832,0.014496276584600176,0.019750858168899876,0.4638388413600408,-0.0052653400423197105,-0.029837285087151222,-0.02470200952470769,-0.32239507190389893,0.03727336275391859,0.2,1
2021-07-07,33855.328125,34997.6640625,33839.2890625,34225.6796875,24796027477,45.29707106249833,34330.089213225816,35181.96532596947,-0.011095808977648836,28.0,33155.84765625,-0.020660868096371462,-0.011095808977648836,-0.0012307488069341899,0.45297071062498334,-0.013829299576737286,-0.03770787642696627,-0.024213431650301875,-0.3719490606310205,0.028273720935825395,0.28,0
2021-07-08,32877.37109375,33907.90625,32133.18359375,33889.60546875,29910396946,42.53397258708926,34106.59411792184,35011.254642101354,-0.028886355129662422,20.0,32702.025390625,-0.005333324937234208,-0.028886355129662422,-0.051665729968672025,0.4253397258708926,-0.03604062662844221,-0.060948502707621866,-0.025839134684755072,-0.17564337681632286,0.02953416565273358,0.2,1
2021-07-09,33798.01171875,34042.29296875,32318.880859375,32861.671875,27436021028,45.88079519274331,34059.119902664635,34921.38479592718,0.02800225791699673,20.0,32822.34765625,-0.02886749879309422,0.02800225791699673,-0.04221771611809688,0.45880795192743307,-0.00766632210875795,-0.03216862915780472,-0.0246916008142698,-0.2566899476893068,0.02742261002053724,0.2,0
2021-07-10,33520.51953125,34209.0703125,33116.01171875,33811.2421875,22971873468,45.02953122173829,33976.25830706239,34817.616998543686,-0.008210311003178261,20.0,31780.73046875,-0.05190221055130294,-0.008210311003178261,-0.006681809663343197,0.4502953122173829,-0.013413448052272958,-0.03725405639759727,-0.024164740841295607,-0.4147836517290623,0.026765700872755625,0.2,0
2021-07-11,34240.1875,34584.703125,33346.73828125,33509.078125,20108729370,47.73777235429831,34016.86279828356,34774.84444309601,0.021469475378479208,20.0,31421.5390625,-0.08231988909231294,0.021469475378479208,0.0001458203306401451,0.4773777235429831,0.006565117513650076,-0.015374819115895555,-0.02179683782778019,-0.49974968713519985,0.024197638293315532,0.2,0
2021-07-12,33155.84765625,34592.15625,32697.30859375,34254.015625,24321499537,44.204008914936736,33884.398930278396,34654.91875518149,-0.031668630428790756,25.0,31533.068359375,-0.0489439845935925,-0.031668630428790756,-0.020660868096371465,0.4420400891493674,-0.021501083006592037,-0.043257094599517876,-0.02223406813752493,-0.2558690457460851,0.026232094033438295,0.25,0
2021-07-13,32702.025390625,33327.1015625,32261.419921875,33125.46875,19120856669,42.77679639258813,33702.49530879326,34510.25998743656,-0.013687548281983153,20.0,31796.810546875,-0.027680696621607617,-0.013687548281983153,-0.005333324937234263,0.42776796392588134,-0.02968533661978523,-0.052397014611592296,-0.02340650806274336,-0.45219731213270603,0.024925127130492584,0.2,0
2021-07-14,32822.34765625,33061.3984375,31639.125,32723.845703125,21376531210,43.29950389457432,33567.08797763276,34385.22944438571,0.003679352094793975,21.0,30817.83203125,-0.06107167122819449,0.003679352094793975,-0.02886749879309425,0.4329950389457432,-0.022186622857455207,-0.04545212620039363,-0.023793398501999463,-0.32094663077096747,0.023824771005103624,0.21,0
2021-07-15,31780.73046875,33159.640625,31175.708984375,32827.875,21300524237,39.90150911937791,33292.26374549695,34192.30359433862,-0.031734999531688124,20.0,29807.34765625,-0.06209368958465029,-0.031734999531688124,-0.05190221055130295,0.39901509119377915,-0.04540193746817234,-0.07052970616428178,-0.02632287837402958,-0.2918590424071817,0.022007219276479403,0.2,0
2021-07-16,31421.5390625,32218.40625,31100.673828125,31841.55078125,23699476918,38.77156845102661,33004.4599481128,33987.06177716539,-0.011302175908234458,22.0,32110.693359375,0.021932544281303853,-0.011302175908234458,-0.08231988909231291,0.3877156845102661,-0.047960817662260014,-0.07548527529346682,-0.02891105549208617,-0.15869345823440698,0.0208500333276905,0.22,1
2021-07-17,31533.068359375,31935.9453125,31223.990234375,31397.30859375,18895018942,39.34591508924249,32778.09201138391,33805.2844869587,0.003549453661488622,15.0,32313.10546875,0.024737114082432437,0.003549453661488622,-0.048943984593592504,0.3934591508924249,-0.0379834082952879,-0.06721482046572536,-0.030385559274647034,-0.35487897845725097,0.021147453295545852,0.15,1
2021-07-18,31796.810546875,32398.99609375,31215.4921875,31533.884765625,18787986667,40.76106839178763,32627.125632228694,33656.50863954509,0.008363987433579023,19.0,33581.55078125,0.05612953638050986,0.008363987433579023,-0.02768069662160766,0.4076106839178763,-0.025448612749801036,-0.055255229013416396,-0.030584961094476504,-0.3321303152225547,0.02009476257667414,0.19,2
2021-07-19,30817.83203125,31885.859375,30563.734375,31800.01171875,20434789545,37.28377340370619,32348.77277053966,33446.2362981899,-0.030788575922789052,24.0,34292.4453125,0.11274684337712858,-0.030788575922789052,-0.06107167122819446,0.37283773403706194,-0.04732608405731864,-0.0785859504042955,-0.03281276607226602,-0.21419340577249418,0.018503833355038607,0.24,2
2021-07-20,29807.34765625,31006.1875,29360.955078125,30838.28515625,23148267245,34.05445386368305,31957.784291418175,33176.68899137953,-0.03278895069501786,19.0,35350.1875,0.18595548680386456,-0.03278895069501786,-0.062093689584650336,0.3405445386368305,-0.06728991645849636,-0.10155749225020627,-0.03673979342176281,-0.06772746888881456,0.019957689127945592,0.19,2
2021-07-21,32110.693359375,32752.326171875,29526.18359375,29796.28515625,28203024559,45.61733042112532,31981.308763411533,33097.72635197179,0.07727442675168827,10.0,37337.53515625,0.16277573761417946,0.07727442675168827,0.021932544281303867,0.4561733042112532,0.004045631681949491,-0.029821776338965544,-0.033730945040995164,0.14942401658631238,0.033443580181464413,0.1,2
2021-07-22,32313.10546875,32576.400390625,31745.298828125,32138.873046875,19555230518,46.5050086946724,32032.35441038668,33039.606286547954,0.006303573302191001,21.0,39406.94140625,0.21953432932530884,0.006303573302191001,0.0247371140824324,0.465050086946724,0.00876460889407138,-0.02198878556533368,-0.03048619488457327,-0.17649157825166067,0.03233120406346714,0.21,2
2021-07-23,33581.55078125,33581.55078125,32057.892578125,32305.958984375,22552046192,51.81316177820629,32270.692313596424,33079.75032319255,0.03925482537500802,23.0,39995.90625,0.19100831615946115,0.03925482537500802,0.05612953638050988,0.518131617782063,0.040620711043787505,0.015169414918637658,-0.024457802785436633,-0.029974735146794388,0.034488022960712045,0.23,2
2021-07-24,34292.4453125,34490.390625,33424.859375,33593.73046875,21664706865,54.53596587680153,32581.731236504667,33169.57958165977,0.021169199000986128,22.0,40008.421875,0.16668325954627852,0.021169199000986128,0.11274684337712859,0.5453596587680153,0.05250531543513093,0.03385227503640387,-0.01772251420033477,-0.06307786995620644,0.03495639794810024,0.22,2
2021-07-25,35350.1875,35364.92578125,33881.8359375,34290.29296875,20856685287,58.31058473064665,33007.64758473472,33331.10609412941,0.030844758309330533,27.0,42235.546875,0.19477575260385818,0.030844758309330533,0.18595548680386464,0.5831058473064665,0.07096961118636802,0.0605764897261003,-0.00970440370269221,-0.08829830693357364,0.033221760205662976,0.27,2
2021-07-26,37337.53515625,40499.67578125,35287.3125,35384.03125,51022126212,64.3067067253948,33673.784134198606,33627.87861724946,0.05621887171744144,26.0,41626.1953125,0.11486189804181847,0.05621887171744144,0.1627757376141794,0.643067067253948,0.10880128611178397,0.1103149140397357,0.001365102969224985,0.7538684897073915,0.034959060705361,0.26,2
2021-07-27,39406.94140625,39406.94140625,36441.7265625,37276.03515625,35097370560,69.26403916130234,34555.80832989882,34055.957342360605,0.055424286615063156,32.0,39974.89453125,0.014412514768525573,0.055424286615063156,0.21953432932530892,0.6926403916130234,0.1403854608185744,0.15712329006336745,0.014677343599925008,0.3585083152212826,0.03640526692770401,0.32,1
2021-07-28,39995.90625,40816.0703125,38862.4375,39503.1875,38702404695,70.51900487488966,35392.74647145285,34495.9535577413,0.014945713184850051,50.0,39201.9453125,-0.019851055068917208,0.014945713184850051,0.19100831615946112,0.7051900487488966,0.13005941153111644,0.15943761876454787,0.025997046645208632,0.43851668125823734,0.036167415838833324,0.5,0
2021-07-29,40008.421875,40593.0703125,39352.05859375,39995.453125,27167146027,70.54652620653678,36102.85037969087,34904.28454420491,0.00031292265067750513,50.0,38152.98046875,-0.04637627077736367,0.00031292265067750513,0.1666832595462786,0.7054652620653679,0.10817903445945509,0.14623240090570833,0.03433864498692207,0.08516202025330304,0.03205658203261407,0.5,0
2021-07-30,42235.546875,42235.546875,38397.35546875,40027.484375,33072782960,75.01608393834795,37046.34214819997,35447.34101315269,0.055666404612466414,53.0,39747.50390625,-0.05890874282067645,0.055666404612466414,0.19477575260385827,0.7501608393834794,0.14007333587864546,0.19150113006582226,0.04510919830217919,0.2618236241569547,0.02523585309099081,0.53,0
2021-07-31,41626.1953125,42231.44921875,41110.83203125,42196.3046875,25802845343,71.80543115376146,37750.93494270767,35905.03392421545,-0.014427457617713135,60.0,40869.5546875,-0.018177030577012334,-0.014427457617713135,0.11486189804181857,0.7180543115376146,0.10265336145114246,0.15934148399247228,0.05141064682986651,0.002474854520526171,0.025127786603527845,0.6,0
2021-08-01,39974.89453125,42541.6796875,39540.94140625,41460.84375,26688438115,63.832406436570125,38093.08257171418,36206.50508029208,-0.039669750474507826,60.0,42816.5,0.07108475211932333,-0.039669750474507826,0.014412514768525675,0.6383240643657012,0.04940035913326568,0.1040804530180719,0.052106036946631296,0.03163311493756185,0.03240094854948582,0.6,2
2021-08-02,39201.9453125,40419.1796875,38746.34765625,39907.26171875,25595265436,60.44892456009167,38263.67683952738,36428.38954193711,-0.019335866368471732,48.0,44555.80078125,0.136571168243604,-0.019335866368471732,-0.019851055068917156,0.6044892456009167,0.02452112683544727,0.07613720522478529,0.05038068716920496,-0.02263166076752277,0.03417761087216127,0.48,2
2021-08-03,38152.98046875,39750.03125,37782.05078125,39178.40234375,26189830450,56.102803170202726,38246.646628638555,36556.137017997324,-0.02675797936526192,48.0,43798.1171875,0.1479605695123548,-0.02675797936526192,-0.046376270777363726,0.5610280317020273,-0.002449003197535715,0.04368195277215747,0.0462442081834018,-0.008818179446122613,0.03666033119642188,0.48,2
2021-08-04,39747.50390625,39952.296875,37589.1640625,38213.33203125,25372562724,60.725339857928134,38477.547748271085,36792.534565275295,0.041792893187100555,42.0,46365.40234375,0.16649846624606243,0.041792893187100555,-0.058908742820676485,0.6072533985792813,0.03300512200744343,0.08031437289899568,0.0457976924641148,-0.04819727480558908,0.03746281987566568,0.42,2
2021-08-05,40869.5546875,41341.93359375,37458.00390625,39744.515625,35185031017,63.62788153333944,38845.54881584476,37094.53605581046,0.02822946527400849,50.0,45585.03125,0.11537871157529969,0.02822946527400849,-0.018177030577012365,0.6362788153333944,0.05210393296926896,0.10176751168985776,0.047204061466082914,0.25741560314029055,0.03477587841470084,0.5,2
2021-08-06,42816.5,43271.66015625,39932.1796875,40865.8671875,38226483046,68.04135312379846,39456.464382637874,37518.38523686153,0.04763803587748594,52.0,45593.63671875,0.06486136696717387,0.04763803587748594,0.07108475211932341,0.6804135312379845,0.0851580512834964,0.14121382702614582,0.05165678462814527,0.3054040545278906,0.03370707331629009,0.52,2
2021-08-07,44555.80078125,44689.859375,42618.56640625,42832.796875,40030862141,71.38217957233245,40240.97767473204,38039.67527718661,0.04062220829002827,69.0,44428.2890625,-0.002861843273248038,0.04062220829002827,0.13657116824360394,0.7138217957233245,0.1072246092377449,0.17129813692103957,0.0578685906623817,0.3145100436871025,0.03517011163158225,0.69,1
2021-08-08,43798.1171875,45282.3515625,43331.91015625,44574.4375,36302664750,68.0451461368903,40788.229907465575,38466.22652980242,-0.017005273846830926,74.0,47793.3203125,0.09121860439562987,-0.017005273846830926,0.14796056951235492,0.680451461368903,0.07379303507072565,0.1386122616827672,0.06036472997589559,0.18996773938969486,0.036188734533000005,0.74,2
2021-08-09,46365.40234375,46456.83203125,42848.6875,43791.92578125,38734079049,72.70181572960533,41646.25643612471,39051.35066416891,0.058616336068955555,65.0,47096.9453125,0.01577777678550893,0.058616336068955555,0.16649846624606246,0.7270181572960532,0.11331500863380883,0.18729318077830293,0.06644855370743241,0.2291700766346132,0.03661480248845633,0.65,1
2021-08-10,45585.03125,46637.98828125,44705.5546875,46280.84765625,33546019517,69.39159316527663,42252.22179210553,39535.327003860104,-0.016830892309838696,71.0,47047.00390625,0.03207133166657641,-0.016830892309838696,0.11537871157529977,0.6939159316527663,0.07887891610275455,0.1530202152001734,0.06872068588126656,0.0767324901571374,0.03680016507672374,0.71,2
2021-08-11,45593.63671875,46735.6328125,45351.7109375,45599.703125,34319709073,69.4081347051712,42766.285626973906,39984.09068644454,0.00018877838873909702,70.0,46004.484375,0.009011074479194645,0.00018877838873909702,0.06486136696717382,0.694081347051712,0.06611168237610054,0.14029445051772083,0.06958254877789649,0.07605060481231353,0.032795841951344336,0.7,1
2021-08-12,44428.2890625,46228.91015625,43861.4453125,45576.87890625,33723620826,64.33747048904405,43021.978463208696,40313.290566152355,-0.02555943636254754,70.0,44695.359375,0.0060112671033605595,-0.02555943636254754,-0.0028618432732480104,0.6433747048904405,0.03268818983985011,0.10207548028348401,0.06719094023375494,0.04111993495663736,0.03354327741223159,0.7,1
2021-08-13,47793.3203125,47831.9765625,44282.41796875,44439.69140625,31744259539,70.93947990721227,43756.03105540736,40867.36684365958,0.07574073458615982,70.0,44801.1875,-0.06260566943111984,0.07574073458615982,0.09121860439562979,0.7093947990721228,0.09226817788798769,0.1694739349206431,0.07068388386260671,-0.03481834137262137,0.035609483477250375,0.7,0
2021-08-14,47096.9453125,48098.68359375,46177.6328125,47810.6875,31211354442,68.12866264213808,44270.01786419084,41328.81710061072,-0.01457055076832292,76.0,46717.578125,-0.00805502745417572,-0.01457055076832292,0.015777776785508957,0.6812866264213808,0.0638564785987088,0.13956673857486335,0.07116585883452875,-0.06737694588162099,0.03680535125805953,0.76,1
2021-08-15,47047.00390625,47357.10546875,45579.58984375,47096.66796875,30988958446,67.92081276816268,44697.2464860461,41752.386493621045,-0.0010603958689597848,71.0,49339.17578125,0.04872088942300307,-0.0010603958689597848,0.032071331666576386,0.6792081276816267,0.05257051843087179,0.1268099348869045,0.07053153699070513,-0.04406699714016371,0.03703962551168057,0.71,2
2021-08-16,46004.484375,47998.09765625,45700.3203125,47019.9609375,32776876610,63.561461240713555,44898.360007423624,42067.356707056526,-0.02215910567498447,72.0,48905.4921875,0.06305923980916263,-0.02215910567498447,0.009011074479194692,0.6356146124071356,0.024636186430717855,0.09359104008745689,0.06729691432911489,0.015614417931638093,0.03673448588416041,0.72,2
2021-08-17,44695.359375,47139.5703125,44512.41796875,45936.45703125,33451362600,58.48517169594399,44867.12914089691,42262.02357134863,-0.028456465011732934,72.0,49321.65234375,0.1035072328188434,-0.028456465011732934,0.006011267103360529,0.5848517169594399,-0.0038284100005039345,0.05757736137606617,0.0616417613120257,0.04415327637280286,0.036369411054108736,0.72,2
2021-08-18,44801.1875,45952.0625,44364.02734375,44686.75,32194123075,58.771821290098735,44856.98427306661,42450.10978828577,0.002367765389513554,73.0,49546.1484375,0.10591149927666538,0.002367765389513554,-0.06260566943111978,0.5877182129009874,-0.0012438815040920481,0.05538449072193008,0.05669889893771307,-0.0019777019785966435,0.03582209683387951,0.73,2
2021-08-19,46717.578125,46970.76171875,43998.31640625,44741.8828125,37204312299,63.66450146516374,45143.22948105636,42766.218553968305,0.04277544261522093,70.0,47706.1171875,0.021159895315099878,0.04277544261522093,-0.008055027454175745,0.6366450146516374,0.03487452408792091,0.09239441093079859,0.055581508196438145,0.13627955804442426,0.03334559723665989,0.7,1
2021-08-20,49339.17578125,49342.15234375,46650.70703125,46723.12109375,34706867452,69.071732823532,45788.75968108615,43253.10427450769,0.056115872471717454,70.0,48960.7890625,-0.00766909282043166,0.056115872471717454,0.04872088942300312,0.6907173282353201,0.07753903195657896,0.14070831698267927,0.05862366295112165,0.05317213407500977,0.036756734053143704,0.7,1
2021-08-21,48905.4921875,49717.01953125,48312.19921875,49327.07421875,40585205312,67.28782681862349,46268.25698976521,43671.79967547009,-0.008789842693618932,78.0,46942.21875,-0.04014423226685781,-0.008789842693618932,0.06305923980916273,0.6728782681862349,0.05699880153942605,0.11984146636781756,0.05945386573463152,0.18874443405275823,0.037091486432301105,0.78,0
2021-08-22,49321.65234375,49471.609375,48199.94140625,48869.10546875,25370975378,68.13820868936611,46738.01012114748,44090.30728052786,0.00850947690403503,76.0,49058.66796875,-0.00533202685844983,0.00850947690403503,0.10350723281884333,0.6813820868936611,0.055279251639202664,0.11865068278924262,0.06005181192712983,-0.28071956972893486,0.03522067296910323,0.76,1
2021-08-23,49546.1484375,50482.078125,49074.60546875,49291.67578125,34305053719,68.61223017751493,47170.03140058633,44494.443662525795,0.004551674225862445,79.0,48902.40234375,-0.012992858457243224,0.004551674225862445,0.10591149927666543,0.6861223017751493,0.050373446155563384,0.11353563184854165,0.06013307545440738,0.008961009313541882,0.02690441044970841,0.79,1
2021-08-24,47706.1171875,49878.76953125,47687.1171875,49562.34765625,35361168834,60.647973827722325,47252.506137034594,44732.34540511648,-0.037137725293038826,79.0,48829.83203125,0.02355494242663783,-0.037137725293038826,0.021159895315099986,0.6064797382772232,0.009599724703488022,0.06647922784847715,0.0563386674473334,0.024699915651759163,0.029454131696010424,0.79,1
2021-08-25,48960.7890625,49202.87890625,47163.61328125,47727.2578125,32646349931,63.738806118776054,47515.3188947985,45045.563453811556,0.02630002081428562,73.0,47054.984375,-0.038925122000529444,0.02630002081428562,-0.007669092820431711,0.6373880611877606,0.030421139988596968,0.08691700821331727,0.054827939792991165,-0.05149512218471551,0.03042686152722148,0.73,0
2021-08-26,46942.21875,49347.58203125,46405.78125,49002.640625,32666549568,56.10396042258962,47427.14964175258,45186.056438714404,-0.04122830434622349,75.0,47166.6875,0.004781809551769429,-0.04122830434622349,-0.040144232266857816,0.5610396042258963,-0.010224753024703603,0.038865137825591534,0.049597008007940646,-0.04275569132233616,0.03278317971579674,0.75,1
2021-08-27,49058.66796875,49112.78515625,46394.28125,46894.5546875,34511076995,61.33367398131544,47678.15246129064,45472.916552050374,0.04508626296557394,71.0,48847.02734375,-0.004314031215336166,0.04508626296557394,-0.005332026858449801,0.6133367398131544,0.02895488680229752,0.07885466094076476,0.04849558982468283,0.0203010563352035,0.03331157492317956,0.71,1
2021-08-28,48902.40234375,49283.50390625,48499.23828125,49072.5859375,28568103401,60.75810541101564,47866.49859705362,45726.952536620716,-0.003185280633781984,78.0,49327.72265625,0.008697329622178741,-0.003185280633781984,-0.012992858457243184,0.6075810541101564,0.021641519163888567,0.06944372259634424,0.04678960529283982,-0.15718683997700497,0.033496030500851946,0.78,1
2021-08-29,48829.83203125,49644.11328125,47925.85546875,48911.25,25889650240,60.474281467104866,48014.70374077614,45956.79546214881,-0.0014839825657210204,72.0,50025.375,0.024483864044113016,-0.0014839825657210204,0.023554942426637915,0.6047428146710486,0.016976638966151203,0.06251603359654379,0.04477919441363731,-0.23623699564095071,0.031442424653766794,0.72,1
2021-08-30,47054.984375,48925.60546875,46950.2734375,48834.8515625,31847007016,53.84893359775234,47867.05460757981,46038.14278902667,-0.0363476092875793,73.0,49944.625,0.061409873223446376,-0.0363476092875793,-0.038925122000529444,0.5384893359775235,-0.016965118059535267,0.022086937577675103,0.03972601212291016,-0.026542651247765312,0.028119077820890112,0.73,2
2021-08-31,47166.6875,48189.55078125,46750.09375,47024.33984375,34730363427,54.18910334443868,47759.3058217983,46121.738693543215,0.0023738850726162664,73.0,51753.41015625,0.09724496035999984,0.0023738850726162664,0.004781809551769323,0.5418910334443868,-0.012408436672205925,0.02265631860498507,0.03550532080188762,0.05950062828042042,0.028145813666881642,0.73,2
2021-09-01,48847.02734375,49111.08984375,46562.4375,47099.7734375,39139399125,59.075752247248595,47926.64759440625,46323.61192689187,0.03562556399047523,71.0,52633.53515625,0.07751767135906348,0.03562556399047523,-0.004314031215336134,0.5907575224724859,0.019203925071762606,0.05447363260102844,0.03460515276840459,0.17077506407391244,0.030604123499812955,0.71,2
2021-09-02,49327.72265625,50343.421875,48652.3203125,48807.84765625,39508070319,60.37783327443519,48142.19760392067,46546.13864758507,0.009840830417728652,74.0,46811.12890625,-0.051017837728641595,0.009840830417728652,0.00869732962217884,0.6037783327443519,0.024625486814768616,0.05975971561733928,0.034289825165087384,0.16845393857733484,0.03074735486226853,0.74,0
2021-09-03,50025.375,50982.2734375,48386.0859375,49288.25,43206179619,62.254867179272956,48431.91720331749,46803.85985887506,0.014143210068944922,74.0,46091.390625,-0.07863977781276002,0.014143210068944922,0.024483864044112957,0.6225486717927295,0.03290098531497665,0.06883011680742968,0.0347846812068795,0.24012658484613056,0.028023895037870908,0.74,0
2021-09-04,49944.625,50545.58203125,49548.78125,50009.32421875,37471327794,61.88940841245869,48664.641479730184,47036.50912858802,-0.0016141808032423821,72.0,46391.421875,-0.07114285320993,-0.0016141808032423821,0.061409873223446265,0.6188940841245869,0.026302125760095274,0.06182677935264702,0.03461422587061458,0.08822660027994568,0.027052342096848623,0.72,0
2021-09-05,51753.41015625,51868.6796875,49538.59765625,49937.859375,30322676319,66.61680569741247,49139.836660733235,47385.909204711126,0.03621581213694158,73.0,44883.91015625,-0.13273521453485138,0.03621581213694158,0.09724496035999985,0.6661680569741247,0.05318645060953631,0.0921687696794189,0.037013692159941325,-0.11987038862903157,0.024127011287695548,0.73,0
2021-09-06,52633.53515625,52700.94140625,51053.6796875,51769.00390625,38884105426,68.65430015966614,49677.328736966585,47774.62223815845,0.017006125728580734,79.0,45201.45703125,-0.14120423610036525,0.017006125728580734,0.07751767135906351,0.6865430015966614,0.059508159847645015,0.101704894574983,0.03982671991257325,0.12090450050522478,0.021034047412530194,0.79,0
2021-09-07,46811.12890625,52853.765625,43285.20703125,52660.48046875,65210059683,47.848657521508315,49236.374916856344,47703.252361720784,-0.1106216071695616,79.0,46063.26953125,-0.015976102103791592,-0.1106216071695616,-0.051017837728641546,0.47848657521508314,-0.04925720089469965,-0.018701522669902104,0.032138742732053416,0.5911346079982033,0.042965157357002105,0.79,0
2021-09-08,46091.390625,47334.0546875,44561.39453125,46827.76171875,49007762488,45.993147506240994,48752.531179647674,47583.855196037766,-0.015375366885328479,47.0,44963.07421875,-0.02447998185669843,-0.015375366885328479,-0.07863977781275999,0.45993147506240994,-0.05458466443191767,-0.03136493596176804,0.024560346756166584,0.2892864861962002,0.04311752571153644,0.47,0
2021-09-09,46391.421875,47261.94921875,45669.73828125,45774.7421875,38672657013,46.91725708850301,48389.28359431726,47495.52680188682,0.006509485739778498,45.0,47092.4921875,0.015112067795399944,0.006509485739778498,-0.07114285320992997,0.46917257088503006,-0.04128727625039452,-0.023246503433728805,0.018817704584233264,0.04705170207623119,0.04174995160696041,0.45,1
2021-09-10,44883.91015625,47031.7421875,44344.484375,46396.6640625,39154666597,42.94140897360061,47849.99537307614,47302.07371702483,-0.032495484247323514,46.0,48176.34765625,0.07335451587302347,-0.032495484247323514,-0.13273521453485138,0.4294140897360061,-0.0619871578607315,-0.051121724075798625,0.01158345951869122,0.0613790359229623,0.04291482567079959,0.46,2
2021-09-11,45201.45703125,45969.29296875,44818.265625,44869.83984375,34499835245,44.017578476710945,47442.527935872116,47146.472481041514,0.0070748487352050304,31.0,47783.359375,0.057119891997397414,0.0070748487352050304,-0.14120423610036525,0.44017578476710945,-0.047237594667201566,-0.04125473969603222,0.00627948262618494,-0.07750520787081043,0.04088156502701013,0.31,2
2021-09-12,46063.26953125,46364.87890625,44790.4609375,45206.62890625,27881980161,46.94238402970309,47230.334335161024,47066.235225501405,0.019066033632592516,32.0,47267.51953125,0.026143389565150582,0.019066033632592516,-0.015976102103791634,0.46942384029703094,-0.024710068652683548,-0.02130966476171392,0.0034865569526305595,-0.2818272148732566,0.04140286346573012,0.32,1
2021-09-13,44963.07421875,46598.6796875,43591.3203125,46057.21484375,40969943253,43.796610158328924,46881.525086482405,46910.4455212976,-0.023884438158555232,44.0,48278.36328125,0.07373359406811857,-0.023884438158555232,-0.02447998185669842,0.43796610158328925,-0.04092125553069015,-0.04151253054425763,-0.0006165030942216765,0.09547168327889692,0.041091462890985204,0.44,2
2021-09-14,47092.4921875,47218.125,44752.33203125,44960.05078125,38652152880,50.68499285058625,46913.98156356203,46923.930459534815,0.0473592610325122,30.0,47260.21875,0.003561641244897218,0.0473592610325122,0.015112067795399975,0.5068499285058625,0.003805062328724018,0.003592233777401699,-0.00021202179517676445,0.029204013068957396,0.04491729673745991,0.3,1
2021-09-15,48176.34765625,48450.46875,46773.328125,47098.0,30484496466,53.789485946762014,47108.191731667874,47016.702103735945,0.023015462091804384,49.0,42843.80078125,-0.11068806861510183,0.023015462091804384,0.07335451587302355,0.5378948594676202,0.022674526134784267,0.02466454473891977,0.0019458963270131413,-0.20526966000816968,0.043753128558437625,0.49,0
2021-09-16,47783.359375,48486.828125,47079.55859375,48158.90625,31764293754,52.498993446361744,47212.06367679589,47073.491531236985,-0.008157286726135138,53.0,40693.67578125,-0.1483713930222178,-0.008157286726135138,0.05711989199739742,0.5249899344636174,0.012100629663534201,0.015079991321484298,0.0029437405438037523,-0.1604691624264593,0.04298484694252784,0.53,0
2021-09-17,47267.51953125,48160.921875,46832.5234375,47771.00390625,28727713711,50.776947832779044,47220.59534671191,47087.86397568239,-0.010795386730801604,48.0,43574.5078125,-0.07813000883848871,-0.010795386730801604,0.02614338956515061,0.5077694783277904,0.000993722848972034,0.003815326081904935,0.002818802124854747,-0.26116366281174147,0.02417364716199628,0.48,0
2021-09-18,48278.36328125,48791.78125,47087.28515625,47273.52734375,28575630451,53.963697426963435,47383.32887510239,47176.04910942814,0.021385589090024082,50.0,44895.09765625,-0.07007829998897183,0.021385589090024082,0.07373359406811852,0.5396369742696343,0.018889225966095324,0.023365970500517363,0.004393749997873897,-0.2700656080128358,0.02416272104773101,0.5,0
2021-09-19,47260.21875,48328.3671875,46919.8046875,48268.85546875,26967722648,50.42277639797222,47364.38885585586,47182.28389761865,-0.021089044077959085,53.0,42839.75,-0.09353466545264351,-0.021089044077959085,0.003561641244897107,0.5042277639797222,-0.002199333895616884,0.0016517821085233475,0.003859604563279939,-0.3214409404529311,0.025498664196075983,0.53,0
2021-09-20,42843.80078125,47328.19921875,42598.9140625,47261.40625,43909845642,38.593167520142764,46668.913767454964,46860.914777887636,-0.09344895316951951,50.0,42716.59375,-0.002969088384559719,-0.09344895316951951,-0.11068806861510183,0.3859316752014276,-0.08196276016332837,-0.08572419073929816,-0.004097252717808031,0.1537916461759698,0.03861304524806683,0.5,1
2021-09-21,40693.67578125,43607.609375,39787.609375,43012.234375,48701090088,34.36598802781913,45749.646384961896,46404.08225961818,-0.050185206746199196,27.0,43208.5390625,0.0617998554558875,-0.050185206746199196,-0.1483713930222178,0.3436598802781913,-0.11051387285419134,-0.12305827850274065,-0.014102980660082753,0.24473648207312423,0.04097055821191733,0.27,2
2021-09-22,43574.5078125,43978.62109375,40625.6328125,40677.953125,38139709246,43.323407417948275,45415.00968150621,46194.484152424244,0.07079311406361999,21.0,42235.73046875,-0.030723866107925414,0.07079311406361999,-0.07813000883848875,0.43323407417948273,-0.0405262903589273,-0.0567162159724377,-0.016873756363336767,0.002087059141035217,0.04771281589302987,0.21,0
2021-09-23,44895.09765625,44942.17578125,43109.33984375,43560.296875,34244064430,46.900877417625075,45335.02321608218,46098.23330085578,0.0303064775724482,27.0,41034.54296875,-0.08599056220033768,0.0303064775724482,-0.07007829998897186,0.46900877417625075,-0.009703878560629597,-0.026099387296550702,-0.01655616777746305,-0.09381220421440581,0.04833995216210901,0.27,0
2021-09-24,42839.75,45080.4921875,40936.55859375,44894.30078125,42839345714,42.413632636958006,44951.13502899262,45856.86416745906,-0.04578111561282838,33.0,41564.36328125,-0.029771105544500142,-0.04578111561282838,-0.09353466545264355,0.42413632636958004,-0.046970672211743225,-0.06579416674548944,-0.01975122274298824,0.1230208332535053,0.047360716816037825,0.33,0
2021-09-25,42716.59375,42996.2578125,41759.921875,42840.890625,31604717236,42.15338482037507,44607.35944760914,45624.251543943574,-0.002874812528084303,28.0,43790.89453125,0.025149495475631178,-0.002874812528084303,-0.0029690883845596705,0.42153384820375067,-0.04238685546562837,-0.06373053136319451,-0.022288411577667255,-0.18282053824506214,0.046144855621492176,0.28,1
2021-09-26,43208.5390625,43919.30078125,40848.4609375,42721.62890625,30661222077,43.64099784779061,44392.1563114385,45445.30987865145,0.011516492054097771,27.0,48116.94140625,0.11359797045325061,0.011516492054097771,0.0617998554558874,0.4364099784779061,-0.026662756380534613,-0.04921895839469692,-0.02317408705155921,-0.20223368221522503,0.04669490984367109,0.27,2
2021-09-27,42235.73046875,44313.24609375,42190.6328125,43234.18359375,30980029059,41.375070292386276,44060.39848948642,45207.56325569579,-0.02251426719942695,26.0,47711.48828125,0.12964752241118419,-0.02251426719942695,-0.030723866107925435,0.41375070292386273,-0.041412880575100064,-0.06573751321514476,-0.025375505415343058,-0.14521789096652307,0.04689113292597763,0.26,2
2021-09-28,41034.54296875,42775.14453125,40931.6640625,42200.8984375,30214940550,38.702906825769475,43594.882255526965,44898.45064184796,-0.02844007873591181,25.0,48199.953125,0.1746189828824667,-0.02844007873591181,-0.08599056220033763,0.38702906825769473,-0.058730271864706474,-0.08605881980026664,-0.029033705343631366,-0.14364309557468607,0.04579771391648564,0.25,2
2021-09-29,41564.36328125,42545.2578125,40829.66796875,41064.984375,30602359905,40.5274058837516,43282.49472102282,44651.481207729594,0.012911568502261384,24.0,49112.90234375,0.18161084319810097,0.012911568502261384,-0.02977110554450013,0.405274058837516,-0.039695758085272814,-0.06913808552324541,-0.0306593745532856,-0.11926716601623602,0.04656528144547561,0.24,2
2021-09-30,43790.89453125,44092.6015625,41444.58203125,41551.26953125,31141681925,47.58768656724051,43360.71007644238,44587.73404650888,0.05356827518164842,20.0,51514.8125,0.17638182666577107,0.05356827518164842,0.02514949547563128,0.4758768656724051,0.009921065730917,-0.01787127182618664,-0.02751931660816409,-0.09010890883781135,0.040758986244667034,0.2,2
2021-10-01,48116.94140625,48436.01171875,43320.0234375,43816.7421875,42850641582,58.01642184764874,44092.437973335866,44849.15681389711,0.09878873042688929,27.0,55361.44921875,0.15056043881373968,0.09878873042688929,0.1135979704532506,0.5801642184764875,0.09127423245110378,0.07286167287185918,-0.01687253215709883,0.2168865467296245,0.0460675698753765,0.27,2
2021-10-02,47711.48828125,48282.0625,47465.49609375,48137.46875,30614346492,56.874207047275135,44649.214943784194,45061.18136703436,-0.008426411013467638,54.0,53805.984375,0.12773644908798745,-0.008426411013467638,0.12964752241118416,0.5687420704727514,0.0685851552221326,0.05881574414634705,-0.009142379554912261,-0.12331795755479427,0.04263060642676024,0.54,2
2021-10-03,48199.953125,49130.69140625,47157.2890625,47680.02734375,26638115879,57.948338288088756,45195.48235627894,45293.68297873552,0.010237887379882071,49.0,53967.84765625,0.11966597802059585,0.010237887379882071,0.1746189828824667,0.5794833828808875,0.06647723648652804,0.06416502159095616,-0.0021680864968008917,-0.24153509263017833,0.04203167143912428,0.49,2
2021-10-04,49112.90234375,49456.77734375,47045.00390625,48208.90625,33383173002,59.95584665202706,45798.162354351414,45576.58811688473,0.018940873580984396,54.0,54968.22265625,0.11922163083577436,0.018940873580984396,0.18161084319810095,0.5995584665202707,0.07237713958371605,0.07759058703113353,0.00486158018012306,-0.008028155741022055,0.03759650620551527,0.54,2
2021-10-05,51514.8125,51839.984375,49072.83984375,49174.9609375,35873904236,64.72688431224233,46677.646992143505,46016.45658970808,0.048905889117254686,59.0,54771.578125,0.06321998405798332,0.048905889117254686,0.17638182666577107,0.6472688431224234,0.10362916341242867,0.11948672970012342,0.01436856401897102,0.05595439488427398,0.038512061550872605,0.59,2
2021-10-06,55361.44921875,55568.46484375,50488.19140625,51486.6640625,49034730168,70.7395129086305,48013.61656546758,46708.67826593341,0.0746704982911468,68.0,57484.7890625,0.03835412319789599,0.0746704982911468,0.1505604388137396,0.707395129086305,0.1530364338054706,0.1852497495979759,0.02793781258601591,0.3433354025678853,0.042062966885125876,0.68,2
2021-10-07,53805.984375,55338.625,53525.46875,55338.625,36807860413,65.85131566536168,48904.75007462641,47234.40464438279,-0.02809653406297008,76.0,56041.05859375,0.04153950986516079,-0.02809653406297008,0.12773644908798754,0.6585131566536169,0.10022000506892548,0.1391269728091875,0.03536289793042324,0.04497059654078836,0.04280681187783392,0.76,2
2021-10-08,53967.84765625,55922.98046875,53688.0546875,53802.14453125,34800873924,66.11372741709773,49683.68816410696,47733.1782008174,0.0030082765538104184,74.0,57401.09765625,0.06361658189276326,0.0030082765538104184,0.11966597802059575,0.6611372741709773,0.0862286929664382,0.13061500806007165,0.04086277169903929,-0.019904808722723905,0.039442576375537955,0.74,2
2021-10-09,54968.22265625,55397.9453125,53735.14453125,53929.78125,32491211414,67.7625327791726,50496.69347059051,48269.10741973833,0.01853649985027972,72.0,57321.5234375,0.04281202242915207,0.01853649985027972,0.1192216308357743,0.677625327791726,0.0885509303349481,0.13878680577739977,0.04614931101753239,-0.09632701730489937,0.0392359131709502,0.72,2
2021-10-10,54771.578125,56401.3046875,54264.2578125,54952.8203125,39527792364,67.07167528704238,51154.36803280735,48750.771916424375,-0.003577422040362044,71.0,61593.94921875,0.12456042581391295,-0.003577422040362044,0.06321998405798324,0.6707167528704239,0.07071165633153331,0.123501761549486,0.04930375503599338,0.10585037942952914,0.039423298932174576,0.71,2
2021-10-11,57484.7890625,57793.0390625,54519.765625,54734.125,42637331698,71.40373577551634,52128.27896045238,49397.73614946701,0.04953684064585273,71.0,60892.1796875,0.059274647790658753,0.04953684064585273,0.038354123197895884,0.7140373577551634,0.10275631977244815,0.16371302702138602,0.05527667913208267,0.19013978352017774,0.031153565236257397,0.71,2
2021-10-12,56041.05859375,57627.87890625,54477.97265625,57526.83203125,41083758949,66.39800858945692,52730.24505788278,49889.83410830279,-0.025114999851183484,78.0,61553.6171875,0.09836642511897144,-0.025114999851183484,0.04153950986516075,0.6639800858945692,0.06278775173968731,0.12329615031579166,0.05693366194431326,0.1488557244830403,0.033132846741470046,0.78,2
2021-10-13,57401.09765625,57688.66015625,54370.97265625,56038.2578125,41684252783,68.62912781869305,53448.837765323886,50446.22400074332,0.02426861834211813,70.0,62026.078125,0.08057303183376352,0.02426861834211813,0.0636165818927632,0.6862912781869305,0.07394473025361514,0.13786708110014745,0.059521080597356946,0.15291283073115908,0.03312564394570141,0.7,2
2021-10-14,57321.5234375,58478.734375,56957.07421875,57372.83203125,36615791366,68.34319846186449,54044.63556104329,50955.505440503075,-0.001386283921372633,70.0,64261.9921875,0.12107962827553731,-0.001386283921372633,0.04281202242915216,0.6834319846186448,0.060632990535304465,0.12493287902776373,0.06062406983965962,0.03200558885327598,0.03368775369569243,0.7,2
2021-10-15,61593.94921875,62757.12890625,56868.14453125,57345.90234375,51780081801,74.48884086731748,55206.0684314597,51743.538312965815,0.07453440740995654,71.0,65992.8359375,0.07141751380687442,0.07453440740995654,0.12456042581391302,0.7448884086731747,0.11570975743764622,0.19036987471179345,0.06691715007101195,0.3504825095379322,0.037249501999055974,0.71,2
2021-10-16,60892.1796875,62274.4765625,60206.12109375,61609.52734375,34250964237,72.01579221528758,56080.85477854282,52421.21545182019,-0.01139348166745524,78.0,62210.171875,0.021644687286018743,-0.01139348166745524,0.05927464779065872,0.7201579221528758,0.08579264577825318,0.16159419736204672,0.06981217995767697,-0.0677175946303499,0.03250517062122761,0.78,1
2021-10-17,61553.6171875,61645.5234375,59164.46875,60887.65234375,29032367511,72.92809550651091,56922.8182260747,53097.68965446314,0.01086243756414218,79.0,60692.265625,-0.013993516577201558,0.01086243756414218,0.09836642511897153,0.7292809550651091,0.0813522433663354,0.1592522685650617,0.07203945400456879,-0.23036038723042093,0.02963562271711799,0.79,1
2021-10-18,62026.078125,62614.66015625,60012.7578125,61548.8046875,38055562075,73.5903882828671,57707.93513360167,53759.05176339179,0.007675599893030238,78.0,61393.6171875,-0.0101966939812866,0.007675599893030238,0.08057303183376363,0.7359038828286709,0.07482754289165339,0.15377924443298663,0.07345522736505816,0.029607726279343532,0.0294808972576292,0.78,1
2021-10-19,64261.9921875,64434.53515625,61622.93359375,62043.1640625,40471196346,76.51816003487417,58716.25160343218,54537.04735036277,0.036047967727284025,75.0,60930.8359375,-0.05183711454634866,0.036047967727284025,0.12107962827553731,0.7651816003487417,0.09444984025076364,0.17831813986300338,0.07663055585354517,0.07788340317725438,0.030263969829866,0.75,0
2021-10-20,65992.8359375,66930.390625,63610.67578125,64284.5859375,40788955582,78.50473703393105,59835.726116365695,55385.62428274331,0.026934175102288238,82.0,63039.82421875,-0.044747458974891095,0.026934175102288238,0.07141751380687444,0.7850473703393105,0.10290022735180404,0.1915156106322271,0.080347597255646,0.07290246057934653,0.02958506560079524,0.82,0
2021-10-21,62210.171875,66600.546875,62117.41015625,66002.234375,45908121370,65.46905036578734,60201.025463847895,55891.14632661417,-0.057319313661295834,84.0,60363.79296875,-0.02967969466408101,-0.057319313661295834,0.02164468728601876,0.6546905036578734,0.0333739566007667,0.11305950877190796,0.0771120189957788,0.18710988882242158,0.03600895053607774,0.84,0
2021-10-22,60692.265625,63715.0234375,60122.796875,62237.890625,38434082775,61.08566912751494,60276.600873255906,56246.78479316127,-0.024399647264276236,75.0,58482.38671875,-0.036411211272029356,-0.024399647264276236,-0.013993516577201603,0.6108566912751494,0.006895955407606902,0.07903528794021364,0.07164526994589382,-0.0008042649568624194,0.03593536243146421,0.75,0
2021-10-23,61393.6171875,61743.87890625,59826.5234375,60694.62890625,26882546034,62.3403268175063,60448.44953698577,56628.03163718636,0.011555863919028075,74.0,60622.13671875,-0.012566134788798153,0.011555863919028075,-0.010196693981286642,0.623403268175063,0.015635928758370055,0.08415594560740813,0.06746513677672361,-0.35858935354786536,0.035541487973353714,0.74,1
2021-10-24,60930.8359375,61505.8046875,59643.34375,61368.34375,27316183882,60.94404956286387,60522.66282937257,56946.75788165403,-0.007537937512081094,73.0,62227.96484375,0.021288546042278728,-0.007537937512081094,-0.05183711454634865,0.6094404956286387,0.0067441366431308936,0.06996145529699205,0.06279382849415116,-0.3346721286686755,0.03576131109659073,0.73,1
2021-10-25,63039.82421875,63729.32421875,60691.80078125,60893.92578125,31064911614,64.81199491748325,60909.91842773833,57398.09612884633,0.0346128236844363,72.0,61888.83203125,-0.018258175712959224,0.0346128236844363,-0.044747458974891074,0.6481199491748325,0.03496812745757527,0.098291205987725,0.06118360251895316,-0.1997538118041982,0.028920905843122898,0.72,0
2021-10-26,60363.79296875,63229.02734375,59991.16015625,63032.76171875,34878965587,57.08646988085216,60825.899126355514,57617.777376246595,-0.04244985266320056,76.0,61318.95703125,0.01582345998361109,-0.04244985266320056,-0.029679694664081047,0.5708646988085215,-0.007597194028247212,0.04765917252537877,0.055679373557916856,-0.06511384465263104,0.032096108042569904,0.76,1
2021-10-27,58482.38671875,61435.18359375,58208.1875,60352.0,43657076893,52.36088390102637,60465.358755954665,57681.82251272833,-0.03116779376295975,73.0,61004.40625,0.04312442895634109,-0.03116779376295975,-0.0364112112720294,0.5236088390102637,-0.032795175254118236,0.013878968644671641,0.048256731877917236,0.1502100736966927,0.033190446474918193,0.73,2
2021-10-28,60622.13671875,62128.6328125,58206.91796875,58470.73046875,45257083247,56.74630068423525,60489.47844253856,57899.62356502623,0.03658793903693369,66.0,63226.40234375,0.04295898768930259,0.03658793903693369,-0.0125661347887982,0.5674630068423525,0.002193080179017537,0.04702125827581849,0.04473008144178525,0.17238347348957114,0.03555417382828241,0.66,2
2021-10-29,62227.96484375,62927.609375,60329.96484375,60624.87109375,36856881767,59.741498390587765,60756.93788887878,58220.24143752429,0.02648913766352501,70.0,62970.046875,0.011925217755607391,0.02648913766352501,0.0212885460422787,0.5974149839058777,0.024211670403166963,0.06883728592102067,0.043570696182642976,-0.038647603987305656,0.034540178231182175,0.7,1
2021-10-30,61888.83203125,62330.14453125,60918.38671875,62239.36328125,32157938616,58.815207682624425,60931.07544924359,58491.98888891138,-0.005449845794435637,73.0,61452.23046875,-0.007054609824912247,-0.005449845794435637,-0.01825817571295918,0.5881520768262443,0.015718688287460703,0.058073647466321265,0.0416994977716445,-0.16536514136490052,0.03293714220177779,0.73,1
2021-10-31,61318.95703125,62406.171875,60074.328125,61850.48828125,32241199927,57.20997702061889,60990.749538783035,58701.39393649202,-0.009208042570786446,74.0,61125.67578125,-0.0031520635600748724,-0.009208042570786446,0.01582345998361112,0.5720997702061889,0.005381266748628155,0.04459115736825381,0.03900002110286893,-0.14898413260478488,0.0276887110534394,0.74,1
2021-11-01,61004.40625,62419.00390625,59695.18359375,61320.44921875,36150572843,56.29665019821619,60992.85057127796,58871.98744119632,-0.005129747739996526,74.0,61527.48046875,0.008574367835110272,-0.005129747739996526,0.043124428956341054,0.5629665019821619,0.00018945956146998455,0.03622128114722867,0.03602499630575662,-0.027923167795161772,0.026533184814264393,0.74,1
2021-11-02,63226.40234375,64242.79296875,60673.0546875,60963.25390625,37746665647,61.02954762410162,61336.47392088904,59194.53669323733,0.03642353446805324,73.0,63326.98828125,0.001590885038075285,0.03642353446805324,0.04295898768930262,0.6102954762410162,0.030812472612927966,0.0681121244584939,0.036184711416052284,0.02059137989093526,0.02872492500481555,0.73,1
2021-11-03,62970.046875,63516.9375,61184.23828125,63254.3359375,36124731509,60.21927370897176,61587.79283690611,59474.20411410864,-0.004054563588107407,76.0,67566.828125,0.07299948909240828,-0.004054563588107407,0.011925217755607287,0.6021927370897177,0.02244363654587045,0.05877914320945177,0.03553790679976632,-0.022663829253265714,0.028599511633536388,0.76,2
2021-11-04,61452.23046875,63123.2890625,60799.6640625,62941.8046875,32615846901,55.51928403443319,61566.93708795902,59620.72458482282,-0.024103783966732184,73.0,66971.828125,0.0898193216771335,-0.024103783966732184,-0.007054609824912239,0.5551928403443319,-0.0018631204447469019,0.030719282542792437,0.03264322124041463,-0.0985704533796197,0.027547946698083282,0.73,2
2021-11-05,61125.67578125,62541.46875,60844.609375,61460.078125,30605102446,54.533133517832276,61499.050733080716,59732.20245122483,-0.005313959884109654,73.0,64995.23046875,0.0633048982779012,-0.005313959884109654,-0.0031520635600749136,0.5453313351783228,-0.006071231139017863,0.023328678214452614,0.029579493294234815,-0.1571246577874186,0.02376320921971286,0.73,2
2021-11-06,61527.48046875,61590.68359375,60163.78125,61068.875,29094934221,55.5786593589853,61503.424538568295,59865.18600807855,0.006573419146120196,71.0,64949.9609375,0.05562523351640067,0.006573419146120196,0.00857436783511023,0.5557865935898529,0.00039113155669268096,0.02776729801603106,0.027365462963209852,-0.20781467202191997,0.02081072335627613,0.71,2
2021-11-07,63326.98828125,63326.98828125,61432.48828125,61554.921875,24726754302,60.01348659209203,61783.97280667318,60121.61580609125,0.029247220896912562,73.0,64155.94140625,0.013090044979218415,0.029247220896912562,0.0015908850380752515,0.6001348659209202,0.02497436478235282,0.053314809194366264,0.0276499055837669,-0.35170998731756303,0.01968261657573146,0.73,1
2021-11-08,67566.828125,67673.7421875,63344.06640625,63344.06640625,41125608330,68.09546761989377,62673.64285564653,60673.1130148993,0.06695154718111462,75.0,64469.52734375,-0.04584055323005441,0.06695154718111462,0.07299948909240817,0.6809546761989377,0.07807405228739817,0.11362059349761444,0.032972263022930104,0.15610470778718816,0.02735724714477438,0.75,0
2021-11-09,66971.828125,68530.3359375,66382.0625,67549.734375,42357991721,66.07706757427906,63334.90212785476,61139.684504536395,-0.008806096371717143,84.0,65466.83984375,-0.022471960574840587,-0.008806096371717143,0.08981932167713347,0.6607706757427906,0.05742372491242409,0.0953904762140354,0.03590495504037938,0.1834033956549584,0.027568450598056186,0.84,0
2021-11-10,64995.23046875,68789.625,63208.11328125,66953.3359375,48730828378,59.741953309467064,63590.337257223255,61425.28050188555,-0.029513867421399387,75.0,63557.87109375,-0.0221148438836768,-0.029513867421399387,0.0633048982779012,0.5974195330946707,0.02209287247280889,0.05811857817653543,0.03524699826598665,0.31956344528452946,0.02966590255553959,0.75,0
2021-11-11,64949.9609375,65579.015625,64180.48828125,64978.890625,35880633236,59.60101477529084,63799.51013111198,61686.3679415607,-0.0006965054346836919,77.0,60161.24609375,-0.07372929520863117,-0.0006965054346836919,0.055625233516400696,0.5960101477529084,0.01803228275614921,0.05290622717536397,0.0342562264575732,0.017062229029740715,0.029510040723346724,0.77,0
2021-11-12,64155.94140625,65460.81640625,62333.9140625,64863.98046875,36084893887,57.05840433681051,63854.34571190244,61869.29930931546,-0.01222509636324598,74.0,60368.01171875,-0.0590425392328665,-0.01222509636324598,0.013090044979218396,0.5705840433681051,0.004723181969607859,0.03695923701192205,0.03208451404407775,0.009778978447085394,0.02803318079565478,0.74,0
2021-11-13,64469.52734375,64915.67578125,63303.734375,64158.12109375,30474228777,57.82365755245021,63948.98903987899,62061.90879334765,0.0048878705639170406,72.0,56942.13671875,-0.1167588926914902,0.0048878705639170406,-0.045840553230054426,0.578236575524502,0.008139898873872786,0.038793820512662336,0.03040641648349718,-0.1636231004351022,0.02796801953915803,0.72,0
2021-11-14,65466.83984375,65495.1796875,63647.80859375,64455.37109375,25122092191,60.24984935302986,64182.504548166835,62314.12590819227,0.015469517787564335,74.0,58119.578125,-0.11222875178160031,0.015469517787564335,-0.022471960574840577,0.6024984935302986,0.02001067587849148,0.05059388845801416,0.029983227923749745,-0.3484435482901871,0.026516029235993856,0.74,0
2021-11-15,63557.87109375,66281.5703125,63548.14453125,65521.2890625,30558763548,53.86283799834486,64086.407093641166,62406.255181196546,-0.02915932332393234,72.0,59697.1953125,-0.06074268559995304,-0.02915932332393234,-0.022114843883676794,0.5386283799834486,-0.00824724030977253,0.01845353337112976,0.026922812586114953,-0.1464525447968761,0.02869487482956582,0.72,0
2021-11-16,60161.24609375,63721.1953125,59016.3359375,63721.1953125,46844335592,44.76890654797617,63482.536170580985,62239.958211756064,-0.05344145330150951,71.0,58730.4765625,-0.023782245617393206,-0.05344145330150951,-0.07372929520863114,0.4476890654797617,-0.052318169329380604,-0.03339835336864716,0.019964312228445857,0.276231647982411,0.033954274006105296,0.71,0
2021-11-17,60368.01171875,60823.609375,58515.41015625,60139.62109375,39178392930,45.373524509294505,63003.37856260699,62101.29550857043,0.003436857419438999,52.0,56289.2890625,-0.06756430334748244,0.003436857419438999,-0.05904253923286651,0.45373524509294505,-0.041828976540332685,-0.027910589877810588,0.014525994130220043,0.10611614368096606,0.032277609257329705,0.52,0
2021-11-18,56942.13671875,60948.5,56550.79296875,60360.13671875,41388338699,37.95890404082986,62070.87981739822,61719.13559821337,-0.05674983989800575,54.0,57569.07421875,0.011010080339917435,-0.05674983989800575,-0.1167588926914902,0.37958904040829855,-0.08262720157561965,-0.07739899195220823,0.005699111236338039,0.15457997255953154,0.024761545661293353,0.54,1
2021-11-19,58119.578125,58351.11328125,55705.1796875,56896.12890625,38702407772,41.497364263983236,61462.98724933696,61452.50171130867,0.020677857806173483,34.0,56280.42578125,-0.031644282410214074,0.020677857806173483,-0.1122287517816003,0.4149736426398324,-0.05439711400250935,-0.05423576735681268,0.00017062833466963134,0.078297104406553,0.02741628864784772,0.34,0
2021-11-20,59697.1953125,59859.87890625,57469.7265625,58115.08203125,30624264863,45.94583774583888,61191.32695136205,61322.479015100624,0.027144333086984274,43.0,57274.6796875,-0.04058005761106082,0.027144333086984274,-0.060742685599952995,0.4594583774583888,-0.024417376012284553,-0.026503881263515106,-0.0021387273614016378,-0.15355042605010474,0.029562739039978643,0.43,0
2021-11-21,58730.4765625,60004.42578125,58618.9296875,59730.5078125,26123447605,43.75049785542046,60812.73458384481,61130.4788334265,-0.01619370466132397,49.0,53569.765625,-0.08787108907601077,-0.01619370466132397,-0.023782245617393172,0.4375049785542046,-0.03424049314003341,-0.03926032180225891,-0.00519780403565151,-0.29836940658615424,0.029539703498359264,0.49,0
2021-11-22,56289.2890625,59266.359375,55679.83984375,58706.84765625,35036121783,38.71932692667741,60116.819888253296,60771.87218372824,-0.041565940596482776,50.0,54815.078125,-0.02618990152572599,-0.041565940596482776,-0.06756430334748242,0.3871932692667741,-0.06366821852632942,-0.07376081993452988,-0.01077887305322045,-0.0009660828503064745,0.03123618048309288,0.5,0
2021-11-23,57569.07421875,57875.515625,55632.76171875,56304.5546875,37485803899,42.45536688783481,59724.85901602202,60534.62789002615,0.022735855747423095,33.0,57248.45703125,-0.005569260785430111,0.022735855747423095,0.01101008033991735,0.4245536688783481,-0.03609526808081209,-0.04898937640557899,-0.013376953030507566,0.06467800699052793,0.03281332034271161,0.33,1
2021-11-24,56280.42578125,57803.06640625,55964.22265625,57565.8515625,36635566789,39.82267246067984,59194.94621067248,60219.50180789459,-0.02238438701660228,42.0,57806.56640625,0.027116721378970778,-0.02238438701660228,-0.03164428241021411,0.3982267246067984,-0.049235967189662055,-0.06541196636283342,-0.017013684379032612,0.03603164583908813,0.031612103593358275,0.42,1
2021-11-25,57274.6796875,59367.96875,57146.68359375,57165.41796875,34284016248,42.771360415951385,58899.520591722874,60001.366836013505,0.017666069374003168,32.0,57005.42578125,-0.004701098421136412,0.017666069374003168,-0.04058005761106087,0.42771360415951387,-0.027586657546601723,-0.04544375057264394,-0.01836368573572711,-0.03550031739925798,0.032658339941515936,0.32,1
2021-11-26,53569.765625,59183.48046875,53569.765625,58960.28515625,41810748221,35.74302147529025,58079.558289150125,59524.95193149398,-0.06468677053655503,47.0,57229.828125,0.06832328753538391,-0.06468677053655503,-0.08787108907601071,0.3574302147529025,-0.0776485358531489,-0.10004520983650156,-0.02428214715750343,0.14523414443821986,0.03446886399635039,0.47,2
2021-11-27,54815.078125,55329.2578125,53668.35546875,53736.4296875,30560857714,39.35056268787801,57577.33057158857,59176.07239027221,0.02324655494514305,21.0,56477.81640625,0.03033359320328434,0.02324655494514305,-0.026189901525725978,0.3935056268787801,-0.04797465285671998,-0.07369522999956823,-0.027016693641642386,-0.17623424297634568,0.0359285807976085,0.21,2
2021-11-28,57248.45703125,57393.84375,53576.734375,54813.0234375,28116886357,45.75877068407833,57526.73464230572,59033.286067381676,0.044392510044424904,27.0,53598.24609375,-0.06376086145880706,0.044392510044424904,-0.005569260785430075,0.45758770684078326,-0.0048373614943731935,-0.030234282301250137,-0.02552037207206037,-0.24157842580105018,0.035225821095662836,0.27,0
2021-11-29,57806.56640625,58872.87890625,56792.52734375,57291.90625,32370840356,47.138344199057755,57569.78568291254,58942.417944334884,0.009748898117819094,33.0,49200.703125,-0.14887345532288077,0.009748898117819094,0.0271167213789707,0.4713834419905776,0.00411293390323908,-0.019270528385136543,-0.02328768159322303,-0.08664401288873873,0.03471689266233551,0.33,0
2021-11-30,57005.42578125,59113.40234375,56057.28125,57830.11328125,36708594618,45.35508121864952,57482.961082656766,58798.93704336564,-0.013858989986877734,40.0,49368.84765625,-0.13396230306750542,-0.013858989986877734,-0.004701098421136418,0.4535508121864952,-0.008307423494069877,-0.03050244362058585,-0.022380948140921397,0.056283856107341476,0.03355814416805473,0.4,0
2021-12-01,57229.828125,59041.68359375,56553.08203125,56907.96484375,36858195307,45.97162832882097,57444.01755070957,58682.706753116334,0.003936508510805847,34.0,50582.625,-0.11614927639624115,0.003936508510805847,0.06832328753538386,0.4597162832882097,-0.0037286637467599526,-0.024758207460142012,-0.02110824927721966,0.05894331547518736,0.03335456590422948,0.34,0
2021-12-02,56477.81640625,57349.234375,55895.1328125,57217.37109375,32379968686,44.172944880642014,57295.37122079272,58519.381542237345,-0.013140205787574133,32.0,50700.0859375,-0.10230088265435523,-0.013140205787574133,0.030333593203284437,0.4417294488064201,-0.014269125011725614,-0.03488699097945547,-0.020916323604021292,-0.06524936583828468,0.030722698265479614,0.32,0
2021-12-03,53598.24609375,57482.16796875,52496.5859375,56509.1640625,39789134215,38.03605804037828,56726.58273970922,58154.852990497544,-0.05098586481791345,31.0,50504.796875,-0.05771549340139177,-0.05098586481791345,-0.0637608614588071,0.3803605804037828,-0.05514763087904728,-0.07835299484794656,-0.02455977751369609,0.12741932063790753,0.03357742479598152,0.31,0
2021-12-04,49200.703125,53904.6796875,42874.6171875,53727.87890625,61385677469,30.961744928111045,55568.75510667704,57491.58263009031,-0.08204639683653359,25.0,47672.12109375,-0.031068296470610653,-0.08204639683653359,-0.14887345532288077,0.30961744928111046,-0.11459770818065107,-0.144210319594698,-0.03344537470441622,0.5105348367490408,0.041141036282693694,0.25,0
2021-12-05,49368.84765625,49768.1484375,47857.49609375,49201.51953125,37198201161,31.486458781252296,54614.92319122673,56889.89855795399,0.003417522933012007,18.0,47243.3046875,-0.0430543362800349,0.003417522933012007,-0.13396230306750545,0.31486458781252297,-0.09605571569895477,-0.13220362651978124,-0.03998909163829378,0.0006483906106352434,0.04021368449873799,0.18,0
2021-12-06,50582.625,50929.51953125,47281.03515625,49413.48046875,37707308001,35.308712252405996,53994.5696233457,56422.693109216656,0.02458589579002135,16.0,49362.5078125,-0.024121270643822853,0.02458589579002135,-0.11614927639624117,0.35308712252405994,-0.06319051428961608,-0.10350566035393094,-0.0430345194826286,0.026607559505436106,0.03753013781330034,0.16,0
2021-12-07,50700.0859375,51934.78125,50175.80859375,50581.828125,33676814852,35.68265943591409,53487.72597936943,55998.796281682095,0.002322159783127109,25.0,50098.3359375,-0.011868816174035702,0.002322159783127109,-0.10230088265435522,0.3568265943591409,-0.0521173781615738,-0.09462186146875029,-0.04484150497952877,-0.07891672476861446,0.036340396839002725,0.25,1
2021-12-08,50504.796875,51171.375,48765.98828125,50667.6484375,28479699446,35.317132783074456,53028.81380946644,55591.83336266861,-0.00385184874717448,28.0,46737.48046875,-0.07459323944167433,-0.00385184874717448,-0.057715493401391815,0.35317132783074456,-0.04759708454983136,-0.09150690272223849,-0.04610424586074735,-0.2286649527754584,0.03163310666391263,0.28,0
2021-12-09,47672.12109375,50797.1640625,47358.3515625,50450.08203125,29603577251,30.445364295885668,52204.707237817755,55005.188009415375,-0.05608726213196957,29.0,46612.6328125,-0.022224483764136584,-0.05608726213196957,-0.0310682964706106,0.3044536429588567,-0.08682332272106474,-0.1333159140263307,-0.05091302971491085,-0.1771708029956145,0.03340790695941715,0.29,0
2021-12-10,47243.3046875,50015.25390625,47023.69921875,47642.14453125,30966005122,29.77575240840153,51441.41453776887,54430.2336892735,-0.00899511908452133,24.0,48896.72265625,0.034997932081315096,-0.00899511908452133,-0.043054336280034855,0.2977575240840153,-0.0816095336411593,-0.1320392824840988,-0.05491101082841077,-0.1326593784994846,0.03351935010349994,0.24,2
2021-12-11,49362.5078125,49458.2109375,46942.34765625,47264.6328125,25775869261,37.134444234565876,51121.58273388135,54054.846587290274,0.044857216044006165,16.0,47665.42578125,-0.03437997999810395,0.044857216044006165,-0.024121270643822856,0.3713444423456588,-0.03440963341331571,-0.08680699458119578,-0.05426458566804282,-0.3156189962981985,0.03861663813240885,0.16,0
2021-12-12,50098.3359375,50724.8671875,48725.8515625,49354.85546875,21939223599,39.50484929168743,50964.160149822674,53761.77172434284,0.014906619570362878,27.0,46202.14453125,-0.0777708746875481,0.014906619570362878,-0.011868816174035679,0.39504849291687427,-0.016988884144805927,-0.0681420211675069,-0.05203719082891445,-0.4580788034735947,0.03968902279921927,0.27,0
2021-12-13,46737.48046875,50205.0,45894.84765625,50114.7421875,32166727776,33.32427715460737,50313.90173734995,53241.45385355818,-0.0670851717099511,28.0,46848.77734375,0.002381319529503013,-0.0670851717099511,-0.07459323944167429,0.33324277154607373,-0.07108216904484344,-0.12215995082886932,-0.054986329341428775,-0.06772538096507659,0.0417554802520734,0.28,1
2021-12-14,46612.6328125,48431.3984375,46424.49609375,46709.82421875,34638619079,33.11700329116675,49744.4757489115,52750.43007273905,-0.00267125345649466,21.0,46707.015625,0.0020248333296180943,-0.00267125345649466,-0.02222448376413655,0.3311700329116675,-0.06295860775012851,-0.11635539751572588,-0.05698445149513576,0.009216228131480955,0.0339424234292907,0.21,1
2021-12-15,48896.72265625,49473.95703125,46671.96484375,48379.75390625,36541828520,40.41851221756883,49614.052196194345,52464.970264110234,0.04900151967252708,28.0,46880.27734375,-0.04123886434426004,0.04900151967252708,0.034997932081315186,0.4041851221756883,-0.014458192955248417,-0.06801200095792614,-0.054339458376975736,0.05942072702845655,0.03799643276818873,0.28,0
2021-12-16,47665.42578125,49425.57421875,47529.87890625,48900.46484375,27268150947,38.00958174432609,49314.26351697214,52109.44845056503,-0.025181582897818466,29.0,48936.61328125,0.026668963492193182,-0.025181582897818466,-0.03437997999810394,0.38009581744326093,-0.033435310965450604,-0.08528247374429554,-0.05364065475082924,-0.21197454133216653,0.03763198056608165,0.29,1
2021-12-17,46202.14453125,48004.89453125,45618.21484375,47653.73046875,32902725329,35.3157982749935,48835.4759807072,51671.87038246763,-0.030699007215741814,23.0,48628.51171875,0.05251633256674622,-0.030699007215741814,-0.07777087468754806,0.353157982749935,-0.05392251015424754,-0.10585500022994165,-0.05489242755808632,-0.0276063191166575,0.03833317085842986,0.23,2
2021-12-18,46848.77734375,47313.828125,45598.44140625,46219.25390625,26098292690,37.42625454701236,48529.83003655994,51314.6042314515,0.013995731563123393,24.0,50784.5390625,0.08400991321228284,0.013995731563123393,0.0023813195295030454,0.3742625454701236,-0.03463957511377069,-0.0870283802162568,-0.05426864801160691,-0.2563034584382285,0.038987695417766616,0.24,2
2021-12-19,46707.015625,48089.6640625,46502.953125,46853.8671875,25154053861,37.140161150305964,48249.3970501661,50973.30137171435,-0.0030259427628138713,29.0,50822.1953125,0.08810624340762513,-0.0030259427628138713,0.0020248333296180032,0.3714016115030596,-0.0319668538772091,-0.08369647701653005,-0.05343786351377611,-0.28239645936014424,0.034933874129256776,0.29,2
2021-12-20,46880.27734375,47401.71875,45579.80859375,46707.0625,30961902129,37.76632108201815,48038.76324917901,50670.11440667995,0.003709543768351198,25.0,50429.859375,0.07571589231912307,0.003709543768351198,-0.04123886434426005,0.3776632108201815,-0.024115648011583724,-0.07479432614879455,-0.051931028542419266,-0.0660080928466824,0.03486153564016119,0.25,2
2021-12-21,48936.61328125,49300.91796875,46698.7734375,46886.078125,27055803928,44.794897360638096,48176.894023343775,50541.706915907365,0.04386356169401262,27.0,50809.515625,0.038272005726795975,0.04386356169401262,0.026668963492193276,0.447948973606381,0.01576936980491328,-0.03175780424923047,-0.04678933571630706,-0.18593453056742884,0.03471990751386933,0.27,2
2021-12-22,48628.51171875,49544.796875,48450.94140625,48937.09765625,24447979559,43.99319727069655,48246.37366879088,50399.98875315497,-0.006295931447672265,45.0,50640.41796875,0.04137297603587273,-0.006295931447672265,0.05251633256674615,0.4399319727069655,0.007920554870765484,-0.035148361700657604,-0.04273046755847287,-0.2750423982794923,0.03433206185434114,0.45,2
2021-12-23,50784.5390625,51332.33984375,48065.8359375,48626.34375,28223878108,50.64932342476416,48636.86065243844,50428.4739612546,0.04433669194360079,34.0,47588.85546875,-0.06292630892676028,0.04433669194360079,0.0840099132122829,0.5064932342476416,0.04415742260605571,0.007060794691486683,-0.035527811335173576,-0.11329304563164387,0.028626980697665352,0.34,0
2021-12-24,50822.1953125,51814.02734375,50514.49609375,50806.05078125,24367912228,50.75939410224571,48973.0659847556,50457.6385057913,0.0007414904357732066,41.0,46444.7109375,-0.08613331927287551,0.0007414904357732066,0.08810624340762518,0.507593941022457,0.03775808785016643,0.00722500730324227,-0.029422156188805837,-0.19985529449185588,0.028496356983669677,0.41,0
2021-12-25,50429.859375,51176.59765625,50236.70703125,50854.91796875,19030650914,49.520124041002624,49197.188044793205,50455.580792399356,-0.007719775485643066,39.0,47178.125,-0.06448033794462668,-0.007719775485643066,0.07571589231912301,0.4952012404100262,0.025055727353450852,-0.000509783397503405,-0.024940605733661747,-0.4160712784165554,0.025102324866550937,0.39,0
2021-12-26,50809.515625,51196.37890625,49623.10546875,50428.69140625,20964372926,50.772611741883956,49445.23844174809,50481.798187406814,0.0075284019171428795,37.0,46306.4453125,-0.08862651527196093,0.0075284019171428795,0.03827200572679601,0.5077261174188396,0.027591679729872753,0.006491794059644729,-0.020533336427728477,-0.2898515142222107,0.023012275528968333,0.37,0
2021-12-27,50640.41796875,51956.328125,50499.46875,50802.609375,24324345758,50.17546874005328,49629.112215133,50493.547800839646,-0.003328070621613999,40.0,47686.8125,-0.058325061032724064,-0.003328070621613999,0.041372976035872755,0.5017546874005329,0.020377268673136495,0.002908691789486717,-0.017119723674720144,-0.12436438876960998,0.01942546230925216,0.4,0
2021-12-28,47588.85546875,50679.859375,47414.2109375,50679.859375,33430376883,40.84056316141385,49315.22656184331,50278.38540587004,-0.06025942562091624,41.0,47345.21875,-0.0051196171109849035,-0.06025942562091624,-0.06292630892676032,0.40840563161413845,-0.03500685718088248,-0.0534927666314049,-0.01915651897434001,0.18467665344512346,0.02919890356627331,0.41,1
2021-12-29,46444.7109375,48119.7421875,46201.49609375,47623.87109375,30049226299,37.98694315482248,48873.6087734828,49994.409519324116,-0.02404227880624954,27.0,46458.1171875,0.00028864965954983774,-0.02404227880624954,-0.08613331927287549,0.3798694315482248,-0.049697534046240555,-0.07100191033263559,-0.022418521523053347,0.07724718839170883,0.0303316228227037,0.27,1
2021-12-30,47178.125,47879.96484375,46060.3125,46490.60546875,26686491018,40.840471245178065,48612.76511602391,49785.79585122604,0.01579112126431248,22.0,45897.57421875,-0.027142892627674373,0.01579112126431248,-0.06448033794462671,0.40840471245178067,-0.029511592533357445,-0.05237780789963653,-0.02356155435794327,-0.03370979350489181,0.030740147921881147,0.22,0
2021-12-31,46306.4453125,48472.52734375,45819.953125,47169.37109375,36974172400,38.568888742788204,48257.94668471254,49528.066181690774,-0.018476352917798256,28.0,43569.00390625,-0.05911577508867978,-0.018476352917798256,-0.08862651527196097,0.38568888742788204,-0.04043896407284864,-0.0650463690096934,-0.025644439504641237,0.27226962753931594,0.027214589132991948,0.28,0
2022-01-01,47686.8125,47827.3125,46288.484375,46311.74609375,24582667004,43.89109776285228,48170.07988706446,49391.67702008405,0.029809396471367267,21.0,43160.9296875,-0.09490847836600527,0.029809396471367267,-0.05832506103272406,0.4389109776285228,-0.010032522017764722,-0.034517243044628776,-0.024732853928463583,-0.14059080844876898,0.029359476948300416,0.21,0
2022-01-02,47345.21875,47881.40625,46856.9375,47680.92578125,27951569547,42.90057014005924,48043.17817366992,49240.08751859634,-0.007163274962024402,29.0,41557.90234375,-0.12223655437752096,-0.007163274962024402,-0.005119617110984853,0.42900570140059235,-0.014527752954787587,-0.03848223803178075,-0.024307620177855815,-0.004682189337816504,0.02453406254669086,0.29,0
2022-01-03,46458.1171875,47510.7265625,45835.96484375,47343.54296875,33071628362,40.35361825400256,47799.32263733608,49034.01564221883,-0.0187368774698079,29.0,41733.94140625,-0.1016867679373172,-0.0187368774698079,0.00028864965954977784,0.4035361825400256,-0.028059089037978602,-0.05253288805701961,-0.025180336317788043,0.166314074225441,0.024649519491523324,0.29,0
2022-01-04,45897.57421875,47406.546875,45752.46484375,46458.8515625,42494677905,38.78665000444641,47506.745957553605,48801.68664788781,-0.012065555013512697,23.0,41911.6015625,-0.08684495257315053,-0.012065555013512697,-0.02714289262767433,0.3878665000444641,-0.033872489187985466,-0.05950844383907172,-0.02653475277765316,0.4064448180303238,0.024669407488201997,0.23,0
2022-01-05,43569.00390625,46929.046875,42798.22265625,45899.359375,36851084859,33.045992401834496,46900.93948812228,48414.0805188776,-0.050734060615097554,24.0,41821.26171875,-0.040114348064066836,-0.050734060615097554,-0.05911577508867982,0.33045992401834495,-0.07104197950482638,-0.1000757746651495,-0.03125415198508852,0.24716298896552671,0.027070529209233002,0.24,0
2022-01-06,43160.9296875,43748.71875,42645.5390625,43565.51171875,30208048289,32.148009744099824,46325.55336494963,48024.958235071856,-0.009366159015892994,15.0,42735.85546875,-0.009848588105670656,-0.009366159015892994,-0.09490847836600524,0.32148009744099826,-0.06831270103821396,-0.10128126554037753,-0.03538586877689731,0.05307862722802632,0.02684966778588036,0.15,1
2022-01-07,41557.90234375,43153.5703125,41077.4453125,43153.5703125,84196607520,28.83340642850264,45592.06859245738,47545.9170579369,-0.03714070469186992,18.0,43949.1015625,0.05753897776097976,-0.03714070469186992,-0.12223655437752101,0.2883340642850264,-0.08848394848604824,-0.12594172296414496,-0.04109392743647511,0.9815375400791579,0.02333508103332887,0.18,2
2022-01-08,41733.94140625,42228.94140625,40672.27734375,41561.46484375,28066355845,29.690726281715357,44998.51056381009,47115.40034299713,0.004235994902819673,10.0,42591.5703125,0.020549913987313047,0.004235994902819673,-0.10168676793731724,0.29690726281715357,-0.0725483825277009,-0.11421868216274189,-0.04492989051936769,-0.12165008904522044,0.023588915505569585,0.1,1
2022-01-09,41911.6015625,42663.94921875,41338.16015625,41734.7265625,21294384372,30.59937446650339,44523.60148668546,46729.933766664006,0.004256970472081845,23.0,43099.69921875,0.02834770354643376,0.004256970472081845,-0.0868449525731505,0.30599374466503393,-0.05866551305303913,-0.10311018689269547,-0.04721453899325856,-0.38241087822205583,0.02241981975930835,0.23,1
2022-01-10,41821.26171875,42199.484375,39796.5703125,41910.23046875,32104232331,30.384340559675096,44107.85690700308,46366.32842978149,-0.0021554853640055605,23.0,43177.3984375,0.03242696807834457,-0.0021554853640055605,-0.040114348064066885,0.30384340559675094,-0.05184099497452643,-0.09802515888042918,-0.04870930261814255,0.02007921981395233,0.022452643158750597,0.23,2
2022-01-11,42735.85546875,43001.15625,41407.75390625,41819.5078125,26327648900,35.33853994717035,43896.77976265645,46097.40450674212,0.021869109453241498,21.0,43113.87890625,0.008845580212531942,0.021869109453241498,-0.009848588105670686,0.35338539947170344,-0.026446684704057977,-0.07292273988008291,-0.047738582413328956,-0.18127134517710985,0.020984468065802713,0.21,1
2022-01-12,43949.1015625,44135.3671875,42528.98828125,42742.1796875,33499938689,41.30570170202491,43904.82927032469,45938.27095531677,0.028389418684672707,22.0,42250.55078125,-0.03864813433863925,0.028389418684672707,0.057538977760979826,0.4130570170202491,0.0010083695327163245,-0.043300919939968985,-0.044264654343868726,0.05132855515543328,0.024386258032399143,0.22,0
2022-01-13,42591.5703125,44278.421875,42447.04296875,43946.7421875,47691135082,37.17213091488988,43702.78943065936,45690.36720399701,-0.030888714484173407,21.0,42375.6328125,-0.005069958642417688,-0.030888714484173407,0.020549913987313095,0.3717213091488988,-0.025426732083599912,-0.0678216674788713,-0.043501024285131584,0.36854163170186205,0.02531323393688237,0.21,1
2022-01-14,43099.69921875,43346.6875,41982.6171875,42598.87109375,23577403399,39.608267386555,43610.006321134846,45498.46587175649,0.011930269358978673,21.0,41744.328125,-0.031447344606070064,0.011930269358978673,0.028347703546433678,0.39608267386555,-0.011701605788062786,-0.052721923850525765,-0.04150600497046464,-0.3427826072907598,0.02604956458788301,0.21,0
2022-01-15,43177.3984375,43724.671875,42669.03515625,43101.8984375,18371348298,39.99143602126509,43543.4512621141,45326.53495070045,0.001802778677309158,23.0,40680.41796875,-0.05783072994461259,0.001802778677309158,0.032426968078344665,0.39991436021265087,-0.008406610270982107,-0.04741453357372161,-0.03933862781537856,-0.5883683256670615,0.020781364343824663,0.23,0
2022-01-16,43113.87890625,43436.80859375,42691.0234375,43172.0390625,17902097845,39.769291487250364,43477.36320736577,45162.634502963374,-0.0014711291913973579,21.0,36457.31640625,-0.154394887884584,-0.0014711291913973579,0.008845580212532012,0.39769291487250363,-0.008360311534582499,-0.045363952286241016,-0.03731561088375002,-0.6044904186568625,0.020564668063644157,0.21,0
2022-01-17,42250.55078125,43179.390625,41680.3203125,43118.12109375,21690904261,36.7789470646489,43288.62283411719,44946.92459765127,-0.020024366790964976,22.0,35030.25,-0.17089246525170113,-0.020024366790964976,-0.03864813433863923,0.367789470646489,-0.023980251273991726,-0.05999017375578508,-0.03689466583928935,-0.39443911023131717,0.017624352997471355,0.22,0
2022-01-18,42375.6328125,42534.40234375,41392.21484375,42250.07421875,22417209227,37.51206400986809,43148.162830791465,44756.45853949192,0.0029604828561313745,24.0,36276.8046875,-0.14392299820006374,0.0029604828561313745,-0.00506995864241766,0.3751206400986809,-0.017904123086792678,-0.05319513215933158,-0.03593438268314586,-0.34957384090277543,0.017609329135495524,0.24,0
2022-01-19,41744.328125,42478.3046875,41242.9140625,42374.0390625,23091543258,35.28790332222911,42932.1882606697,44533.33776804807,-0.014897823244158781,24.0,36654.328125,-0.12193273262797304,-0.014897823244158781,-0.031447344606070016,0.35287903322229114,-0.027668287683297654,-0.06262745580793039,-0.035953952423641744,-0.3142674859721136,0.018323598962895236,0.24,0
2022-01-20,40680.41796875,43413.0234375,40672.82421875,41744.02734375,20382033940,31.85955080232955,42585.76206191283,44247.9363014334,-0.02548634039729203,24.0,36954.00390625,-0.09160215771043866,-0.02548634039729203,-0.05783072994461258,0.3185955080232955,-0.044741340788800876,-0.08062564338323353,-0.03756501157923442,-0.41249151072980444,0.020001848467394997,0.24,0
2022-01-21,36457.31640625,41060.52734375,35791.42578125,40699.60546875,43011992031,22.510675014474188,41642.92426873393,43670.85334623463,-0.10381165615712484,19.0,36852.12109375,0.01082923062961149,-0.10381165615712484,-0.154394887884584,0.22510675014474188,-0.12452554554093487,-0.1651796653203388,-0.046436671649686345,0.304843965171302,0.036010460133967526,0.19,1
2022-01-22,35030.25,36688.8125,34349.25,36471.58984375,39714385405,20.338765758658226,40625.589765851786,43030.808653920954,-0.039143484680769114,13.0,37138.234375,0.06017611564290863,-0.039143484680769114,-0.1708924652517011,0.20338765758658225,-0.13772944092875672,-0.18592629105035297,-0.05589527511354364,0.20670095226192745,0.033157462048524065,0.13,2
2022-01-23,36276.8046875,36433.3125,34784.96875,35047.359375,26017975951,26.967367827937906,39956.54590764382,42530.512063815695,0.03558509252717301,11.0,37784.33203125,0.041556232880385215,0.03558509252717301,-0.1439229982000637,0.26967367827937905,-0.09209357657314099,-0.1470404909993137,-0.06052046004782918,-0.20524522073381807,0.037530752441241724,0.11,2
2022-01-24,36654.328125,37247.51953125,33184.05859375,36275.734375,41856658597,28.897024123932823,39448.512402621694,42095.23917945897,0.010406744495611076,13.0,38138.1796875,0.04048230150174114,0.010406744495611076,-0.121932732627973,0.28897024123932824,-0.07083116973090209,-0.12925240859811882,-0.0628747295045371,0.2712170912311505,0.037411033242901556,0.13,2
2022-01-25,36954.00390625,37444.5703125,35779.4296875,36654.8046875,26428189594,30.46754241150188,39064.74186471835,41714.40693699905,0.008175727030871549,12.0,37917.6015625,0.026075595453596504,0.008175727030871549,-0.09160215771043867,0.3046754241150188,-0.054031790758476306,-0.11411891910482264,-0.06351918358284381,-0.1721379306170821,0.03778916382844984,0.12,1
2022-01-26,36852.12109375,38825.41015625,36374.90625,36950.515625,31324598034,30.22312700446126,38724.33866918476,41354.23761527689,-0.002757016878562668,23.0,38483.125,0.04425807410381632,-0.002757016878562668,0.010829230629611386,0.3022312700446126,-0.04834730920594377,-0.10886711450010489,-0.06359442460427811,-0.003942280689484307,0.03774103695919304,0.23,2
2022-01-27,37138.234375,37148.32421875,35629.28125,36841.87890625,25041426629,31.875901857615048,38480.32262392557,41041.94107896009,0.007763821260712289,20.0,38743.2734375,0.043217969015254244,0.007763821260712289,0.06017611564290859,0.31875901857615047,-0.03487726082865816,-0.09511506038298223,-0.062414651639069785,-0.12904174497952425,0.03834000414287317,0.2,2
2022-01-28,37784.33203125,37952.87890625,36211.109375,37128.4453125,22238830523,35.586338427339825,38373.247148129325,40800.63670505564,0.017397102127314046,24.0,36952.984375,-0.02200244417613162,0.017397102127314046,0.041556232880385124,0.35586338427339825,-0.015347023268736715,-0.07392788243992976,-0.05949391364830181,-0.23745361231559972,0.03923237449139298,0.24,0
2022-01-29,38138.1796875,38576.26171875,37406.47265625,37780.71484375,17194183075,37.591148686038515,38337.08292341712,40603.41766671818,0.00936493083845824,24.0,37154.6015625,-0.025789855023478563,0.00936493083845824,0.040482301501741036,0.37591148686038517,-0.005188272574479624,-0.06071503634135922,-0.05581635422672149,-0.487425739366617,0.039689906192846076,0.24,0
2022-01-30,37917.6015625,38266.33984375,37437.7109375,38151.91796875,14643548444,36.82178631250642,38272.54732942987,40404.46832566499,-0.005783656346668664,29.0,41500.875,0.09450158474801343,-0.005783656346668664,0.0260755954535965,0.36821786312506416,-0.009274161029175443,-0.06154930051598595,-0.05276448582497284,-0.616314101442537,0.03922554403629343,0.29,2
2022-01-31,38483.125,38647.26171875,36733.57421875,37920.28125,20734730465,40.20097395130309,38304.94389413297,40262.14659783796,0.01491453610450133,20.0,41441.1640625,0.0768658746528511,0.01491453610450133,0.044258074103816325,0.40200973951303093,0.004651647744465581,-0.04418595996899699,-0.04861148421257011,-0.2581393499790499,0.019365031967629856,0.2,2
2022-02-01,38743.2734375,39115.1328125,38113.6640625,38481.765625,20288500328,41.744580443546,38372.37920849713,40149.63747484996,0.00676006528835682,26.0,42412.43359375,0.09470444365443276,0.00676006528835682,0.04321796901525432,0.41744580443546,0.009665656304176817,-0.03502806316074247,-0.04426586086776296,-0.25497722417985236,0.011374398692357165,0.26,2
2022-02-02,36952.984375,38834.6171875,36832.73046875,38743.71484375,19155189416,35.04101590977908,38154.01077257449,39912.848356342554,-0.046209029430310355,28.0,43840.28515625,0.18638009616104248,-0.046209029430310355,-0.02200244417613162,0.3504101590977908,-0.03147837863582614,-0.07415817470396602,-0.04406695227724999,-0.25641897747803316,0.01834882963676018,0.28,2
2022-02-03,37154.6015625,37154.6015625,36375.5390625,36944.8046875,18591534769,36.28197391394022,38000.25550948611,39708.53377902089,0.005456046132945147,20.0,44118.4453125,0.1874288367292998,0.005456046132945147,-0.025789855023478525,0.3628197391394022,-0.022253901602714343,-0.06431696095185968,-0.04302043180545001,-0.27616445530273737,0.018162748197176413,0.2,2
2022-02-04,41500.875,41527.78515625,37093.62890625,37149.265625,29412210792,55.85860919845999,38538.812354180554,39841.299795389714,0.116978066100073,20.0,44338.796875,0.06838221784480447,0.116978066100073,0.09450158474801351,0.5585860919845999,0.07685920932376966,0.04165464513289607,-0.03269189127609429,0.16026119613846276,0.040925401663204596,0.2,2
2022-02-05,41441.1640625,41847.1640625,41038.09765625,41501.48046875,19652846215,55.605843755187195,38985.32800161431,39959.808259620106,-0.001438787435204647,33.0,43565.11328125,0.05125216114940063,-0.001438787435204647,0.076865874652851,0.5560584375518719,0.06299385401564406,0.03707114391679456,-0.02438650985696844,-0.24641401063188387,0.04087328653643053,0.33,2
2022-02-06,42412.43359375,42500.78515625,41244.90625,41441.12109375,16142097334,58.866422009304735,39512.57501578903,40141.48421029639,0.023437312952531153,37.0,42407.9375,-0.00010600886035133234,0.023437312952531153,0.09470444365443265,0.5886642200930473,0.0733907769058888,0.05657362771033525,-0.015667312927757693,-0.43211038720736944,0.04097102081764765,0.37,1
2022-02-07,43840.28515625,44401.86328125,41748.15625,42406.78125,28641855926,63.15112775428615,40178.37657585995,40415.46946555221,0.033665872045371525,45.0,42244.46875,-0.036400684908010815,0.033665872045371525,0.18638009616104245,0.6315112775428615,0.09114127778348835,0.08474021794097686,-0.005866389598526034,0.1288899443528378,0.04143737933888006,0.45,0
2022-02-08,44118.4453125,45293.8671875,42807.8359375,43854.65234375,33079398868,63.93918292054254,40784.54099688149,40689.763972733526,0.0063448528050995545,48.0,42197.515625,-0.04354028510963297,0.0063448528050995545,0.18742883672929977,0.6393918292054255,0.0817443137553866,0.08426397710402189,0.0023292596194826043,0.25329131857470993,0.041499757758778594,0.48,0
2022-02-09,44338.796875,44727.80078125,43232.96875,44096.703125,23245887300,64.58531557773603,41331.34959351511,40960.06270623475,0.004994545046617338,54.0,42586.91796875,-0.03951119628231906,0.004994545046617338,0.06838221784480458,0.6458531557773602,0.07276431355526713,0.08248850088432502,0.009064607394359436,-0.10505221947646223,0.0410253420672468,0.54,0
2022-02-10,43565.11328125,45661.171875,43402.80859375,44347.80078125,32142048537,60.48722347037384,41675.00554547432,41153.02941549513,-0.01744935921313273,50.0,44575.203125,0.023185750424405134,-0.01744935921313273,0.051252161149400566,0.6048722347037384,0.045353508920670915,0.05861254687720896,0.012683783852438513,0.24025814613550134,0.04241643627135474,0.5,1
2022-02-11,42407.9375,43810.83203125,42114.5390625,43571.12890625,26954925781,54.87842073798808,41787.76430770904,41245.9855699029,-0.026561982607033352,50.0,43961.859375,0.03664224120779276,-0.026561982607033352,-0.00010600886035128099,0.5487842073798808,0.014841023504493789,0.028171273253438045,0.01313530832929044,0.08982203449488756,0.0442524189151047,0.5,2
2022-02-12,42244.46875,42992.55078125,41852.57421875,42412.30078125,18152390304,54.115034120898855,41858.026529599956,41319.94728694713,-0.0038546734323026133,44.0,40538.01171875,-0.040394803905540885,-0.0038546734323026133,-0.03640068490801085,0.5411503412089885,0.009232213088850916,0.022374700931550473,0.013022263530883205,-0.28945157331793614,0.040116808899012035,0.44,0
2022-02-13,42197.515625,42693.0546875,41950.94140625,42236.56640625,14741589015,53.883182243147935,41910.25562119997,41384.952349025116,-0.001111462077505676,44.0,40030.9765625,-0.05134281083639032,-0.001111462077505676,-0.043540285109632926,0.5388318224314793,0.006854169690502232,0.019634268734249893,0.012693098393460556,-0.440040515430415,0.040328283170649376,0.44,0
2022-02-14,42586.91796875,42775.77734375,41681.95703125,42157.3984375,20827783012,55.5828427482928,42014.35752082305,41473.9868393751,0.009228086961576842,46.0,40122.15625,-0.0578760294548346,0.009228086961576842,-0.03951119628231903,0.5558284274829279,0.01362773303490794,0.026834438022203644,0.013029147246941708,-0.08211679715893341,0.01759722695120155,0.46,0
2022-02-15,44575.203125,44667.21875,42491.03515625,42586.46484375,22721659051,63.06756352423806,42408.3337676195,41703.70656423621,0.04668769779745485,46.0,38431.37890625,-0.13783053778849158,0.04668769779745485,0.02318575042440507,0.6306756352423806,0.051095366520506724,0.06885470854588971,0.016896033025217028,0.02412168908992288,0.02228772701937663,0.46,0
2022-02-16,43961.859375,44578.27734375,43456.69140625,44578.27734375,19792547657,59.72418875957072,42647.3377072165,41870.9771428113,-0.013759752216496501,51.0,37075.28125,-0.15664892756825075,-0.013759752216496501,0.03664224120779269,0.5972418875957072,0.03082306513030142,0.049936313285864564,0.018541735048533292,-0.10198848889997168,0.022442854680169665,0.51,0
2022-02-17,40538.01171875,44132.97265625,40249.37109375,43937.0703125,26246662813,45.290400254845686,42322.8260166832,41772.238963251206,-0.07788223029977337,52.0,38286.02734375,-0.05555241314310421,-0.07788223029977337,-0.040394803905540844,0.45290400254845686,-0.042171434800446495,-0.029546590633722225,0.013180692897892365,0.1711435010482456,0.031750686999077134,0.52,0
2022-02-18,40030.9765625,40929.15234375,39637.6171875,40552.1328125,23310007704,43.6095836038197,41970.23379296271,41643.25656319556,-0.012507647384577658,30.0,37296.5703125,-0.06830725814871881,-0.012507647384577658,-0.05134281083639036,0.436095836038197,-0.04620553795408855,-0.03871647257579025,0.007851865025756188,0.03875673644690386,0.03140590447628019,0.3,0
2022-02-19,40122.15625,40418.87890625,39713.05859375,40026.0234375,13736557863,44.01197992570895,41685.91417096845,41530.58246592181,0.0022777282826873524,25.0,38332.609375,-0.04460246014320329,0.0022777282826873524,-0.05787602945483461,0.4401197992570895,-0.037512861408170894,-0.03391298971252099,0.003740176415153673,-0.4880408859704769,0.03128076221536605,0.25,0
2022-02-20,38431.37890625,40119.890625,38112.8125,40118.1015625,18340576452,38.52244504638872,41185.21643793484,41301.01183187205,-0.04214073972532317,27.0,39214.21875,0.020369808891314296,-0.04214073972532317,-0.13783053778849153,0.3852244504638872,-0.06686470947250722,-0.0694809351718485,-0.002803693875796265,-0.19362214286032856,0.0329105890489749,0.27,1
2022-02-21,37075.28125,39394.4375,36950.4765625,38423.2109375,29280402798,34.77588994325197,40552.91871671409,40987.99475173338,-0.03528620868790788,25.0,39105.1484375,0.05474987967893028,-0.03528620868790788,-0.15664892756825077,0.3477588994325197,-0.08575554058161461,-0.09545998835592973,-0.01061471871592079,0.2541831678208824,0.03345179146604722,0.25,2
2022-02-22,38286.02734375,38359.85546875,36488.93359375,37068.76953125,25493150450,40.353522208848396,40204.16619779654,40787.84901780869,0.03265642371222732,20.0,37709.78515625,-0.015050978842130212,0.03265642371222732,-0.05555241314310422,0.40353522208848397,-0.047709952361894015,-0.061337426079182245,-0.014310213312726972,0.10181590687281139,0.03640316329228117,0.2,1
2022-02-23,37296.5703125,39122.39453125,37201.81640625,38285.28125,21849073843,37.52904681541586,39756.84375390476,40529.23578037841,-0.025843815613622922,25.0,43193.234375,0.15810204565977812,-0.025843815613622922,-0.06830725814871885,0.3752904681541586,-0.061883017088425696,-0.07976132304580619,-0.01905765089327427,-0.05948428712497805,0.03663322219589983,0.25,2
2022-02-24,38332.609375,38968.83984375,34459.21875,37278.56640625,46383802093,42.098946708999044,39537.73077253479,40366.522713313345,0.027778400368163814,23.0,44354.63671875,0.1570993324466318,0.027778400368163814,-0.04460246014320335,0.42098946708999047,-0.030480287411232543,-0.05038614182247947,-0.020531665475986283,0.6573658491696858,0.03824263319660008,0.23,2
2022-02-25,39214.21875,39630.32421875,38111.34375,38333.74609375,26545599159,45.7365921941,39487.959692144825,40281.166864179024,0.022998939789759643,27.0,43924.1171875,0.12010690478182738,0.022998939789759643,0.020369808891314234,0.457365921941,-0.006932263512193559,-0.026487517548252404,-0.01969176252288707,0.0850433979731992,0.03494629249355057,0.27,2
2022-02-26,39105.1484375,40005.34765625,38702.53515625,39213.08203125,17467554129,45.356934120769004,39429.0656529687,40194.05438812872,-0.002781397053842838,26.0,42451.7890625,0.08558056314116248,-0.002781397053842838,0.0547498796789303,0.45356934120769005,-0.00821518872193483,-0.027091219515051668,-0.019032385431263288,-0.3361899533733898,0.035063079508754744,0.26,2
2022-02-27,37709.78515625,39778.94140625,37268.9765625,39098.69921875,23450127612,40.70203400735092,39164.560961165815,40010.0344450266,-0.03568234201898368,26.0,39137.60546875,0.037863390273475316,-0.03568234201898368,-0.015050978842130247,0.4070203400735092,-0.037145209066899,-0.05749180975930224,-0.021131536015607688,-0.03098431165569459,0.027946066945295004,0.26,2
2022-02-28,43193.234375,43760.45703125,37518.21484375,37706.0,35690014104,58.65801736752417,39784.35687098646,40245.82703243203,0.1454118392886461,20.0,39400.5859375,-0.0878065394356104,0.1454118392886461,0.15810204565977815,0.5865801736752416,0.08568386602472722,0.07323510435486402,-0.011466285959875866,0.38362870352138145,0.05546531902560578,0.2,0
2022-03-01,44354.63671875,44793.6015625,42952.5859375,43194.50390625,32479047645,61.32898442009806,40487.47684756547,40550.183305492625,0.026888524570001016,51.0,38419.984375,-0.1338000439814503,0.026888524570001016,0.15709933244663188,0.6132898442009806,0.09551496344769284,0.09382086844332593,-0.0015463914787940958,0.2705471793910827,0.05568249681164122,0.51,0
2022-03-02,43924.1171875,45077.578125,43432.8515625,44357.6171875,29183112630,59.787003977604684,41016.19074601694,40800.104333789466,-0.009706302725009275,52.0,38062.0390625,-0.13345921330590202,-0.009706302725009275,0.12010690478182728,0.5978700397760468,0.0708970381840115,0.0765687466912508,0.005296222050307664,0.1695304318901067,0.05310213683671492,0.52,0
2022-03-03,42451.7890625,44021.578125,41914.75,43925.1953125,24967782593,54.7199533483949,41237.05202547587,40922.45135073099,-0.03351981142193561,39.0,38737.26953125,-0.08749971705035252,-0.03351981142193561,0.08558056314116258,0.547199533483949,0.029457416991730545,0.03737160559277419,0.007687727991868121,0.01756828691838045,0.052920222455514934,0.39,0
2022-03-04,39137.60546875,42479.61328125,38805.84765625,42458.140625,28516271427,45.39381640999435,40914.06024751804,40790.24054465832,-0.07806935036049167,33.0,41982.92578125,0.07270041890457218,-0.07806935036049167,0.037863390273475295,0.45393816409994353,-0.04341917590239186,-0.04051545305546722,0.003035522742852237,0.12955447417538526,0.059897350488734034,0.33,2
2022-03-05,39400.5859375,39566.3359375,38777.03515625,39148.44921875,16975917450,46.177697090754215,40681.218045976806,40687.3031663503,0.00671938064683042,22.0,39437.4609375,0.0009358997873405674,0.00671938064683042,-0.08780653943561034,0.46177697090754216,-0.03147968939940471,-0.03162453956679179,-0.00014955821349504905,-0.39357427389394833,0.058988120604945786,0.22,1
2022-03-06,38419.984375,39640.17578125,38211.6484375,39404.19921875,19745229902,43.66086500976352,40333.3359427496,40519.353626250275,-0.024887994408395286,22.0,38794.97265625,0.009760240337161772,-0.024887994408395286,-0.1338000439814503,0.43660865009763516,-0.04743846555279918,-0.05181151877729384,-0.004590835412047634,-0.24030464664695123,0.0592776065233206,0.22,1
2022-03-07,38062.0390625,39430.2265625,37260.203125,38429.3046875,28546143503,42.74503178116624,39983.90565348043,40337.330325231735,-0.009316643885282638,23.0,38904.01171875,0.022121060168832096,-0.009316643885282638,-0.13345921330590205,0.42745031781166243,-0.04806600454783594,-0.0564065902325841,-0.008761726889253918,0.11677349742508623,0.05886916244904545,0.23,1
2022-03-08,38737.26953125,39304.44140625,37957.38671875,38059.90234375,25776583476,45.08512984313223,39792.1154808296,40218.80730345531,0.017740259990833174,21.0,37849.6640625,-0.022913475304033856,0.017740259990833174,-0.08749971705035253,0.45085129843132227,-0.026508918584330687,-0.03683693952003464,-0.010609260971024659,0.0030073434751827386,0.05917620292112718,0.21,0
2022-03-09,41982.92578125,42465.671875,38706.09375,38742.81640625,32284121034,54.67465624929545,40129.16321935581,40349.482746254915,0.08378639716414904,22.0,39666.75390625,-0.05516937735755486,0.08378639716414904,0.07270041890457213,0.5467465624929545,0.04619489700697388,0.04048237855407688,-0.005460281319704219,0.21643843278126584,0.06298394061505122,0.22,0
2022-03-10,39437.4609375,42004.7265625,38832.94140625,41974.0703125,31078064711,47.64726067504976,40022.747483685685,40281.92557523603,-0.060630954045771346,28.0,39338.78515625,-0.002502082509986638,-0.060630954045771346,0.0009358997873405439,0.4764726067504976,-0.014623847261467038,-0.02096385973800574,-0.006434103828186433,0.16353769474868038,0.04611810326146111,0.28,1
2022-03-11,38794.97265625,40081.6796875,38347.43359375,39439.96875,26364890465,46.03878325831033,39833.85904869558,40171.7809145704,-0.016291319622939393,22.0,41143.9296875,0.06054797491580588,-0.016291319622939393,0.009760240337161719,0.46038783258310334,-0.026080485728876446,-0.034273020189180325,-0.008411921457837535,-0.024576433130634696,0.04447021010449839,0.22,2
2022-03-12,38904.01171875,39308.59765625,38772.53515625,38794.46484375,14616450657,46.369677356834906,39690.80561331933,40077.872085250376,0.002810649293818468,22.0,40951.37890625,0.052626119956499504,0.002810649293818468,0.022121060168832196,0.46369677356834904,-0.01982307696735941,-0.029289488324216295,-0.009657859856124773,-0.6075469440618316,0.044730400007302364,0.22,2
2022-03-13,37849.6640625,39209.3515625,37728.14453125,38884.7265625,17300745310,43.58647100463959,39407.55306703944,39912.81963912072,-0.027101257933814904,21.0,41801.15625,0.10439966338869008,-0.027101257933814904,-0.02291347530403387,0.43586471004639593,-0.039532751548648104,-0.051691551618630927,-0.01265925526308953,-0.41637089094075175,0.04441896135835616,0.21,2
2022-03-14,39666.75390625,39742.5,37680.734375,37846.31640625,24322159070,49.2410609462421,39447.430119225675,39894.59254779696,0.0480080837903738,23.0,42190.65234375,0.06362755176450997,0.0480080837903738,-0.055169377357554894,0.492410609462421,0.00555990051472155,-0.005711015628847127,-0.011208597456799363,-0.07349847155580606,0.04086766814878544,0.23,2
2022-03-15,39338.78515625,39794.62890625,38310.2109375,39664.25,23934000868,48.30002555804946,39430.71550953711,39853.42162990459,-0.008268101563720931,21.0,41247.82421875,0.048528165140775806,-0.008268101563720931,-0.002502082509986625,0.48300025558049464,-0.002331440150125541,-0.012913231853307727,-0.010606520170160061,-0.09356065917210916,0.0409535011411936,0.21,2
2022-03-16,41143.9296875,41465.453125,39022.34765625,39335.5703125,39616916192,53.560558459690924,39694.2869215314,39949.0148193561,0.04588714481344902,24.0,41077.99609375,-0.0016025108503437723,0.04588714481344902,0.06054797491580577,0.5356055845969092,0.03652018661613177,0.029910997143412388,-0.006376324897536256,0.42335296924474203,0.04216003191884385,0.24,1
2022-03-17,40951.37890625,41287.53515625,40662.87109375,41140.84375,22009601093,52.94175077199267,39887.685688411184,40023.26401097787,-0.00467993171076464,27.0,42358.80859375,0.03436831005671455,-0.00467993171076464,0.05262611995649946,0.5294175077199267,0.02666720817417234,0.023189385428873388,-0.003387487900274766,-0.15564379889673768,0.04197765238016173,0.27,2
2022-03-18,41801.15625,42195.74609375,40302.3984375,40944.83984375,34421564942,55.391238756846185,40182.06577480947,40154.959732386924,0.020750884742987363,25.0,42892.95703125,0.026118913427185402,0.020750884742987363,0.10439966338869011,0.5539123875684618,0.04029385856526968,0.04099609434511131,0.0006750359757099478,0.259128702954743,0.042064971497068795,0.25,1
2022-03-19,42190.65234375,42316.5546875,41602.66796875,41794.6484375,19664853187,56.508680206847444,40491.07909310801,40305.75177767308,0.009317830622209256,28.0,43960.93359375,0.0419590869460032,0.009317830622209256,0.06362755176450996,0.5650868020684744,0.041974017208429304,0.04676505170959344,0.004598036440486064,-0.29357127290826895,0.03281662569120885,0.28,2
2022-03-20,41247.82421875,42241.1640625,41004.7578125,42191.40625,20127946682,53.044809944143694,40607.501420129855,40375.53492145656,-0.022346848712323064,31.0,44348.73046875,0.07517745017421847,-0.022346848712323064,0.04852816514077585,0.5304480994414369,0.01576858403562653,0.021604402244832732,0.005745224159247497,-0.24034913210778594,0.026444953411238103,0.31,2
2022-03-21,41077.99609375,41454.41015625,40668.04296875,41246.1328125,24615543271,52.421480695446014,40679.885216071416,40427.56908236718,-0.004117262624553253,30.0,44500.828125,0.08332519491550325,-0.004117262624553253,-0.0016025108503437968,0.5242148069544601,0.009786430703135451,0.01608869952228975,0.00624118984720945,-0.023600620920344782,0.02563344372977586,0.3,2
2022-03-22,42358.80859375,43124.70703125,40948.28125,41074.10546875,32004652376,56.56679192363427,40938.18112032966,40570.62386098813,0.031180014163224357,26.0,46820.4921875,0.10533071495330766,0.031180014163224357,0.03436831005671448,0.5656679192363427,0.03470177312579392,0.04407585002609116,0.009059689606966126,0.23332064331944258,0.02678216247824102,0.26,2
2022-03-23,42892.95703125,42893.5078125,41877.5078125,42364.37890625,25242943069,58.20232536996516,41238.91587585587,40742.64854026679,0.012610091153007819,31.0,47128.00390625,0.09873525091577444,0.012610091153007819,0.02611891342718531,0.5820232536996516,0.04010874486549043,0.05277782785422058,0.012180536940268105,-0.004556695344677649,0.023613713880862513,0.31,2
2022-03-24,43960.93359375,44131.85546875,42726.1640625,42886.65234375,31042992291,61.33716721563287,41657.68783245497,40981.04002570999,0.024898646221148013,40.0,47465.73046875,0.07972526032746226,0.024898646221148013,0.041959086946003143,0.6133716721563287,0.05528981278458289,0.07271395665338254,0.016511240474142985,0.19730007865942495,0.020745578002408793,0.4,2
2022-03-25,44348.73046875,44999.4921875,43706.28515625,43964.546875,30574413034,62.43878370498875,42071.69439188497,41230.49857704629,0.008821397620525806,47.0,47062.6640625,0.06119529386894971,0.008821397620525806,0.0751774501742184,0.6243878370498875,0.0541227566366862,0.07562925502530016,0.02040227122809979,0.15576030694343532,0.019703320312442943,0.47,2
2022-03-26,44500.828125,44735.99609375,44166.2734375,44349.859375,16950455995,62.88545068489334,42445.40727390267,41472.745210228044,0.003429583093865096,51.0,45538.67578125,0.023321985229909695,0.003429583093865096,0.08332519491550316,0.6288545068489334,0.0484250472102572,0.07301380459437645,0.0234530426848798,-0.428753351687848,0.01584141371019173,0.51,1
2022-03-27,46820.4921875,46827.546875,44437.29296875,44505.35546875,28160889722,68.94993609182977,43118.49726060995,41868.87461595189,0.052126312256127294,49.0,46281.64453125,-0.011508799482331371,0.052126312256127294,0.10533071495330759,0.6894993609182977,0.08585630673803513,0.11826488332842744,0.029846100620577687,0.07962648059353358,0.020340845219609972,0.49,1
2022-03-28,47128.00390625,48086.8359375,46690.203125,46821.8515625,36362175703,69.6577495448008,43735.344436862266,42258.43974856657,0.0065678873583499,60.0,45868.94921875,-0.026715637904049384,0.0065678873583499,0.0987352509157744,0.696577495448008,0.07757248772295555,0.11523293776715016,0.03494934259483151,0.3150731951947646,0.020286426588666813,0.6,0
2022-03-29,47465.73046875,48022.2890625,47100.4375,47100.4375,31397059069,70.4543456157118,44309.24998022961,42644.16498709867,0.0071661546110000085,56.0,46453.56640625,-0.02132410167302446,0.0071661546110000085,0.0797252603274623,0.704543456157118,0.07123750661382866,0.11306506958478413,0.039046021739074455,0.16993122543293435,0.020332326519351206,0.56,0
2022-03-30,47062.6640625,47655.1484375,46746.2109375,47456.8984375,29333883962,68.15459071924742,44732.852146732745,42971.46121490618,-0.008491735032190584,55.0,46622.67578125,-0.009348987993235747,-0.008491735032190584,0.06119529386894973,0.6815459071924742,0.05208279382957759,0.09520744075080789,0.04098978442966161,0.10525782277916632,0.01807610236720251,0.55,1
2022-03-31,45538.67578125,47512.02734375,45390.5390625,47062.1484375,33327427106,60.1587801631799,44856.82501358155,43161.62525685757,-0.03238210822970233,52.0,45555.9921875,0.00038025713205147306,-0.03238210822970233,0.023321985229909803,0.601587801631799,0.015200602527307927,0.055073239486382874,0.03927562381248939,0.21979636550696308,0.022732859977227925,0.52,1
2022-04-01,46281.64453125,46616.2421875,44403.140625,45554.1640625,38162644287,62.47039251874213,45076.02801629977,43392.737795701454,0.016315115388267687,50.0,43206.73828125,-0.06643900149061863,0.016315115388267687,-0.011508799482331411,0.6247039251874213,0.026746289946271817,0.0665758115828019,0.03879198008946716,0.31220433294344047,0.021699605901834684,0.5,0
2022-04-02,45868.94921875,47028.28125,45782.51171875,46285.5,29336594194,60.37491696429957,45198.01589359981,43576.16086407542,-0.008917040798352427,52.0,43503.84765625,-0.05156214831128527,-0.008917040798352427,-0.026715637904049405,0.6037491696429957,0.014844309244229414,0.052615657488192635,0.037218859976750895,0.02786424488044837,0.022370793108795976,0.52,0
2022-04-03,46453.56640625,47313.4765625,45634.10546875,45859.12890625,25414397610,62.3039131123088,45391.17751093061,43789.30201534761,0.012745379989237415,48.0,42287.6640625,-0.08967884849395562,0.012745379989237415,-0.021324101673024454,0.623039131123088,0.023405184742421703,0.0608428147580109,0.03658143477650233,-0.11756792609054925,0.021604569880734552,0.48,0
2022-04-04,46622.67578125,46791.08984375,45235.81640625,46445.2734375,32499785455,62.86703395756603,45580.63878328744,43999.1815535626,0.003640395949819908,52.0,42782.13671875,-0.08237491731533199,0.003640395949819908,-0.009348987993235802,0.6286703395756603,0.022861395227849135,0.05962597791719548,0.03594287834194465,0.11347786842083844,0.021584527025239674,0.52,0
2022-04-05,45555.9921875,47106.140625,45544.80859375,46624.5078125,29640604055,57.07532969767458,45576.84699932014,44114.500859780186,-0.02287907280900814,53.0,42207.671875,-0.07349900971795183,-0.02287907280900814,0.0003802571320514758,0.5707532969767458,-0.0004575746940207459,0.032676133689048203,0.033148876470076916,0.03873170119749884,0.02335752016195439,0.53,0
2022-04-06,43206.73828125,45544.35546875,43193.953125,45544.35546875,39393395788,46.840435522074664,45212.21488884782,44047.25918729647,-0.05156849392240015,48.0,39521.90234375,-0.08528382571982,-0.05156849392240015,-0.06643900149061865,0.46840435522074664,-0.044356964429373646,-0.019082252143599487,0.02644785902790825,0.2931577064162361,0.021893728220547113,0.48,0
2022-04-07,43503.84765625,43860.69921875,42899.90625,43207.5,26101973106,48.10781869299533,44949.38916075585,44007.00648129303,0.006876459247305178,34.0,40127.18359375,-0.07761759578557392,0.006876459247305178,-0.05156214831128525,0.4810781869299533,-0.03215931365242919,-0.011433607174732852,0.021414378182333715,-0.10417159410410669,0.02191640339511227,0.34,0
2022-04-08,42287.6640625,43903.01953125,42183.2890625,43505.13671875,27215995394,43.53263109371736,44539.89299179341,43879.647783604654,-0.02795577079433975,37.0,41166.73046875,-0.02650734247446941,-0.02795577079433975,-0.08967884849395558,0.4353263109371736,-0.05056655456510384,-0.03628068595617784,0.01504672989730449,-0.07532714255990493,0.022074169632303912,0.37,0
2022-04-09,42782.13671875,42786.81640625,42183.25390625,42282.078125,16050772496,45.78998968571169,44269.46894978673,43798.3506676895,0.011693070951357853,30.0,39935.515625,-0.06653760920039367,0.011693070951357853,-0.08237491731533197,0.4578998968571169,-0.03359724582925894,-0.02320210540916945,0.010756530209818704,-0.5964038905311753,0.023247284974394784,0.3,0
2022-04-10,42207.671875,43376.37890625,42021.20703125,42781.08984375,17654475582,43.60884992898008,43952.26939981955,43680.522608971754,-0.013427680050824398,34.0,40553.46484375,-0.039192093706305615,-0.013427680050824398,-0.07349900971795187,0.43608849928980076,-0.039693002173551206,-0.033718706782808416,0.006221234880371629,-0.4891560532776515,0.02188378481157488,0.34,0
2022-04-11,39521.90234375,42424.58984375,39373.05859375,42201.0390625,33949912166,35.173258728077954,43270.674468116544,43372.47666339978,-0.06363225953812457,32.0,40424.484375,0.022837514839230265,-0.06363225953812457,-0.08528382571981996,0.35173258728077955,-0.08663539846435209,-0.08877921243771436,-0.0023471612210040904,0.16136861677815584,0.02641328514797269,0.32,1
2022-04-12,40127.18359375,40617.5859375,39388.328125,39533.71484375,30991500854,38.08024692890808,42787.06048744477,43132.08458416646,0.015315083892861292,20.0,39716.953125,-0.01022325595793609,0.015315083892861292,-0.07761759578557392,0.3808024692890808,-0.062165450568292036,-0.06966741856755854,-0.007999244646950232,0.060295690512666894,0.028124398433728555,0.2,1
2022-04-13,41166.73046875,41430.0546875,39712.74609375,40123.5703125,27691105228,42.82251062721187,42537.77894610711,42986.50279783932,0.025906300465151855,25.0,40826.21484375,-0.008271621795626646,0.025906300465151855,-0.026507342474469398,0.4282251062721187,-0.03223131323086115,-0.042333574741995283,-0.010438715004160937,-0.04654565338843463,0.0297214218627069,0.25,1
2022-04-14,39935.515625,41451.48046875,39695.74609375,41160.21875,24342001973,39.01163252304791,42137.43074285986,42760.50374799937,-0.029908006531745968,28.0,41502.75,0.039244125197143986,-0.029908006531745968,-0.06653760920039364,0.39011632523047907,-0.05225556183757063,-0.06606536114840655,-0.01457122696241997,-0.16465380443789968,0.029703003356738936,0.28,2
2022-04-15,40553.46484375,40617.72265625,39866.83203125,39939.40234375,21756855753,41.81061590650335,41893.74368145835,42597.01938472164,0.015473675726454417,22.0,41374.37890625,0.020242760160270677,0.015473675726454417,-0.03919209370630561,0.4181061590650335,-0.03199233871050633,-0.047974120501600326,-0.016509974486983436,-0.285267211391941,0.031013740087378883,0.22,1
2022-04-16,40424.484375,40633.6796875,40078.42578125,40552.31640625,16833150693,41.38370375643568,41667.703788157065,42436.090865483005,-0.0031805042860567623,28.0,40527.36328125,0.00254496520711651,-0.0031805042860567623,0.022837514839230355,0.4138370375643568,-0.029836523257382286,-0.047403199716475775,-0.018106924121772394,-0.5220802319048637,0.027587741130161228,0.28,1
2022-04-17,39716.953125,40570.7265625,39620.89453125,40417.77734375,19087633042,39.0294629444474,41367.58830151752,42234.67325507686,-0.017502542356175654,28.0,39740.3203125,0.0005883429030030863,-0.017502542356175654,-0.01022325595793605,0.390294629444474,-0.039901653547856686,-0.059612634265477915,-0.02053016838374877,-0.36547470582541314,0.02737187806375268,0.28,1
2022-04-18,40826.21484375,40986.3203125,38696.19140625,39721.203125,33705182072,44.37245472377785,41284.3000772456,42130.34300238598,0.027929174608607443,24.0,39486.73046875,-0.03280941865726401,0.027929174608607443,-0.008271621795626682,0.4437245472377785,-0.011095870164650745,-0.03095460577100262,-0.02008155796624922,0.1989498197077092,0.028682205174970585,0.24,0
2022-04-19,41502.75,41672.9609375,40618.6328125,40828.17578125,25303206547,47.400004024767085,41317.90775766935,42083.85463183887,0.016571096753378534,27.0,39469.29296875,-0.048995717904235264,0.016571096753378534,0.03924412519714404,0.47400004024767084,0.004473659300822996,-0.013808255848294593,-0.018200492347248853,-0.08044842047797797,0.02900207497538965,0.27,0
2022-04-20,41374.37890625,42126.30078125,40961.09765625,41501.74609375,27819532341,46.87864376782716,41326.59562668176,42031.300874387845,-0.003093074404708074,27.0,40458.30859375,-0.022141004571348835,-0.003093074404708074,0.0202427601602706,0.46878643767827155,0.0011562355631682397,-0.015629351327980157,-0.016766201213046505,0.02445209149666745,0.028758281998612304,0.27,0
2022-04-21,40527.36328125,42893.58203125,40063.828125,41371.515625,35372786395,43.480346229547244,41203.63680430764,41919.898089710965,-0.020471984048854197,27.0,38117.4609375,-0.05946358580068154,-0.020471984048854197,0.0025449652071165563,0.43480346229547245,-0.016412957095742198,-0.033218945463103444,-0.017086427163312323,0.2698080666886191,0.02045663063199748,0.27,0
2022-04-22,39740.3203125,40777.7578125,39315.41796875,40525.86328125,28011716745,40.539600142703854,40978.51119018339,41758.447883991634,-0.019420038833716236,26.0,39241.12109375,-0.012561529822218894,-0.019420038833716236,0.0005883429030031362,0.4053960014270385,-0.030215614030897342,-0.04832860591701482,-0.018677339157216144,0.03894392493288446,0.021018613427332015,0.26,1
2022-04-23,39486.73046875,39935.859375,39352.203125,39738.72265625,16138021249,39.610018214056446,40749.00646380902,41590.17251989966,-0.0063811726165236005,24.0,39773.828125,0.007270737608352015,-0.0063811726165236005,-0.032809418657264056,0.39610018214056447,-0.030976853292855155,-0.05057545866498203,-0.02022511581764097,-0.49513540113366034,0.018831644792876533,0.24,1
2022-04-24,39469.29296875,39845.92578125,39233.5390625,39478.375,17964398167,39.54287324437821,40552.127464569174,41433.070330925606,-0.0004416040475622163,24.0,38609.82421875,-0.021775630758840512,-0.0004416040475622163,-0.04899571790423529,0.39542873244378207,-0.026702285762078892,-0.04739637556403453,-0.021261829242205543,-0.36008973474459427,0.016486324744591625,0.24,0
2022-04-25,40458.30859375,40491.75390625,38338.37890625,39472.60546875,35445730570,45.21532895661418,40537.693792135455,41360.86575780148,0.025057850055308917,23.0,37714.875,-0.0678089047492659,0.025057850055308917,-0.02214100457134882,0.4521532895661418,-0.0019583057386667324,-0.021821524949130033,-0.019902193790775846,0.30831264647602385,0.017781466640248936,0.23,0
2022-04-26,38117.4609375,40713.890625,37884.984375,40448.421875,34569088416,36.488859375102,40165.35027603769,41120.613548890266,-0.057858267871623625,27.0,38469.09375,0.009224979939680696,-0.057858267871623625,-0.05946358580068156,0.36488859375102,-0.0509864678003179,-0.07303277729111879,-0.023230764096377587,0.29257562738913573,0.025547172269824173,0.27,1
2022-04-27,39241.12109375,39397.91796875,37997.3125,38120.30078125,30981015184,42.25051762406313,40023.16117107035,40981.39188554654,0.029478882606909007,21.0,38529.328125,-0.01813895599591747,0.029478882606909007,-0.01256152982221892,0.4225051762406313,-0.0195396878816666,-0.04246490203790032,-0.023382092954586486,0.17357935355750745,0.027362575611454314,0.21,0
2022-04-28,39773.828125,40269.46484375,38941.421875,39241.4296875,33903704907,44.806870104208635,39984.80224090569,40891.942718098646,0.013575224570606004,24.0,37750.453125,-0.050872020506575265,0.013575224570606004,0.0072707376083520625,0.44806870104208635,-0.005276357617941541,-0.027343151701221813,-0.022183843977445994,0.2509716196636142,0.02602833241322701,0.24,0
2022-04-29,38609.82421875,39887.26953125,38235.53515625,39768.6171875,30882994649,40.57985479542198,39773.26716057405,40722.896903332075,-0.02926557389929385,23.0,39698.37109375,0.028193520613631062,-0.02926557389929385,-0.02177563075884048,0.4057985479542198,-0.029251882605644486,-0.05188905616410544,-0.023319307194973327,0.12992683664733745,0.02636990220089478,0.23,1
2022-04-30,37714.875,38771.2109375,37697.94140625,38605.859375,23895713731,37.63973887818106,39456.591443562655,40500.08046604822,-0.023179313474195662,20.0,36575.140625,-0.03021975745644126,-0.023179313474195662,-0.06780890474926593,0.3763973887818106,-0.04414259772169993,-0.06877036870045461,-0.025765109858493562,-0.13802068441961945,0.026810543983631963,0.2,0
2022-05-01,38469.09375,38627.859375,37585.7890625,37713.265625,27002760110,41.48731820841043,39304.6687214761,40349.6370056002,0.019997911964443782,22.0,36040.921875,-0.06312006960132768,0.019997911964443782,0.009224979939680633,0.4148731820841043,-0.02125892415980446,-0.04660620008401051,-0.025897836056841594,-0.003037472014906176,0.02790038593366402,0.22,0
2022-05-02,38529.328125,39074.97265625,38156.5625,38472.1875,32922642426,41.79617909982001,39185.38555278747,40214.79931074092,0.001565786170879102,28.0,35501.953125,-0.07857326217001091,0.001565786170879102,-0.018138955995917416,0.4179617909982001,-0.016742400732632334,-0.041911714459078486,-0.025597883754165718,0.19162544350030186,0.027468065134973758,0.28,0
2022-05-03,37750.453125,38629.99609375,37585.62109375,38528.109375,27326943244,38.934287451480834,38964.626717743246,40032.255148834185,-0.020215120218891713,27.0,34059.265625,-0.09777862765720113,-0.020215120218891713,-0.050872020506575244,0.38934287451480837,-0.031160919403607434,-0.05699908774438944,-0.026669205297619403,0.0060080467398945635,0.028014472834472202,0.27,0
2022-05-04,39698.37109375,39902.94921875,37732.05859375,37748.01171875,36754404490,48.44244746089212,39077.51046789813,40007.52299660573,0.051599856624237495,21.0,30296.953125,-0.23682125260374054,0.051599856624237495,0.028193520613631007,0.4844244746089212,0.015887926800298713,-0.007727344251778789,-0.023245941239264045,0.27980228678258967,0.0331402965281898,0.21,0
2022-05-05,36575.140625,39789.28125,35856.515625,39695.74609375,43106256317,38.17809867477882,38692.53049206765,39753.272450560864,-0.07867402068901796,27.0,31022.90625,-0.15180350041374585,-0.07867402068901796,-0.030219757456441232,0.3817809867477882,-0.05472347866991367,-0.07994642024787635,-0.0266831355786471,0.4015115648404794,0.04026766350971218,0.27,0
2022-05-06,36040.921875,36624.359375,35482.1328125,36573.18359375,37795577489,36.743960274827,38284.59070482647,39478.28351903783,-0.014606061408683924,22.0,28936.35546875,-0.19712499116672497,-0.014606061408683924,-0.06312006960132766,0.36743960274827003,-0.058605010227877785,-0.08706968332045673,-0.030236694906852324,0.23435149734496766,0.03663076525445965,0.22,0
2022-05-07,35501.953125,36129.92578125,34940.82421875,36042.50390625,24375896406,35.30310992923678,37856.492615622396,39183.74052688688,-0.014954355270636377,23.0,29047.751953125,-0.18179848159762338,-0.014954355270636377,-0.07857326217001093,0.3530310992923678,-0.062196451069287284,-0.09396212184899844,-0.03387241476738967,-0.2130503429252662,0.03462761893037679,0.23,0
2022-05-08,34059.265625,35502.94140625,33878.96484375,35502.94140625,36763041910,31.717780479673323,37272.30384783434,38804.14979341378,-0.040636848764922684,18.0,29283.103515625,-0.14023091871567622,-0.040636848764922684,-0.09777862765720113,0.31717780479673324,-0.0862044438130708,-0.12227775105690186,-0.03947634347704332,0.19279196824146738,0.034871103973426715,0.18,0
2022-05-09,30296.953125,34222.07421875,30296.953125,34060.015625,63355494961,24.67882949841912,36199.172967398285,38173.98707723498,-0.11046369999353145,11.0,30101.265625,-0.006458982828821999,-0.11046369999353145,-0.23682125260374054,0.2467882949841912,-0.1630484720663078,-0.206345591732346,-0.0517319321621077,0.676193322095439,0.046213213824664166,0.11,1
2022-05-10,31022.90625,32596.30859375,29944.802734375,30273.654296875,59811038817,27.999158516152363,35402.8242416447,37644.277386328686,0.02396125848050934,10.0,31305.11328125,0.009096730943768365,0.02396125848050934,-0.1518035004137458,0.2799915851615236,-0.12371662672303307,-0.17589316613455241,-0.059542998307041906,0.5701686088496669,0.04853402175163576,0.1,1
2022-05-11,28936.35546875,32013.40234375,28170.4140625,31016.18359375,70388855818,24.63741713455869,34407.9828919686,36999.24613317471,-0.06725839173272163,12.0,29862.91796875,0.032020704922589405,-0.06725839173272163,-0.197124991166725,0.2463741713455869,-0.15902203393898362,-0.2179204039834548,-0.07003556861345628,0.6825389795228533,0.04873832461111537,0.12,2
2022-05-12,29047.751953125,30032.439453125,26350.490234375,28936.734375,66989173272,25.15408875878572,33583.33197830035,36410.24656428214,0.003849706798608521,12.0,30425.857421875,0.04744275808241131,0.003849706798608521,-0.18179848159762335,0.2515408875878572,-0.13505449751400456,-0.20220941371980783,-0.07764063286390777,0.5796932010228356,0.04889200317731637,0.12,2
2022-05-13,29283.103515625,30924.802734375,28782.330078125,29030.91015625,42841124537,26.30365778458821,32921.75836865799,35882.310042159384,0.008102229834508146,10.0,28720.271484375,-0.01922036818773945,0.008102229834508146,-0.14023091871567617,0.2630365778458821,-0.11052431684502739,-0.18391253291052734,-0.08250727642737998,0.09769279685857678,0.050116595503310095,0.1,0
2022-05-14,30101.265625,30192.802734375,28702.91015625,29285.642578125,28579868620,30.310840627884744,32487.83640809522,35454.0845297772,0.027939733537411415,9.0,30314.333984375,0.007078385408420846,0.027939733537411415,-0.0064589828288219575,0.30310840627884744,-0.07346044079748382,-0.15097890626061639,-0.08366449623570704,-0.3206714455579389,0.046590208412041985,0.09,1
2022-05-15,31305.11328125,31308.19140625,29527.740234375,30098.5859375,25835372065,35.83900759254368,32305.879003965187,35146.753326182596,0.03999325713567892,10.0,29200.740234375,-0.06722138418631442,0.03999325713567892,0.009096730943768394,0.3583900759254368,-0.030977820556820412,-0.10930284254935041,-0.0808289259566145,-0.40935375315531225,0.046872443050393314,0.1,0
2022-05-16,29862.91796875,31305.341796875,29251.884765625,31304.375,32613897286,32.51170080074708,31930.03884470131,34755.358114520925,-0.046069001557128786,14.0,29432.2265625,-0.014422281395967277,-0.046069001557128786,0.03202070492258935,0.3251170080074708,-0.06473906549269182,-0.14076793942534127,-0.08129161726689804,-0.17384382162702328,0.04793127528994034,0.14,1
2022-05-17,30425.857421875,30694.490234375,29570.302734375,29862.408203125,29101473475,35.04660200490606,31698.62631811265,34434.65435951012,0.018850785235190015,8.0,30323.72265625,-0.0033568409990500088,0.018850785235190015,0.047442758082411274,0.35046602004906063,-0.04015217831412421,-0.11641751637120679,-0.07945565571335078,-0.28536887413476325,0.049307323719121346,0.08,1
2022-05-18,28720.271484375,30618.716796875,28720.271484375,30424.478515625,31285268319,31.220402154895112,31240.41788215301,34011.36673912974,-0.05605711989808215,12.0,29098.91015625,0.013183673144628694,-0.05605711989808215,-0.019220368187739423,0.3122040215489511,-0.08066942021341261,-0.15556843967306344,-0.08147125865979332,-0.20962270717629633,0.05045467965124101,0.12,1
2022-05-19,30314.333984375,30430.751953125,28708.955078125,28720.359375,33773447707,38.029974391072514,31097.94343634101,33737.512460999766,0.05550304428240649,13.0,29655.5859375,-0.021730579573826042,0.05550304428240649,0.007078385408420873,0.38029974391072513,-0.025198111687677938,-0.10146505260522476,-0.07823840088121703,-0.1368340279381292,0.042493543535996714,0.13,0
2022-05-20,29200.740234375,30664.9765625,28793.60546875,30311.119140625,30749382605,35.39369052808864,30806.066020653932,33401.45525902756,-0.036734890846488066,13.0,29562.361328125,0.012383970092795833,-0.036734890846488066,-0.0672213841863144,0.3539369052808864,-0.05211070395040518,-0.1257644312822932,-0.07770287905860518,-0.2394490565948603,0.04316020882196624,0.13,1
2022-05-21,29432.2265625,29588.869140625,29027.39453125,29199.859375,17274840442,36.38096176020846,30594.706104014866,33107.43831854404,0.007927413013061102,13.0,29267.224609375,-0.005606166178920056,0.007927413013061102,-0.01442228139596724,0.3638096176020846,-0.03799610094513428,-0.11100864164369639,-0.0758963043396127,-0.8035398972257074,0.037296458526148386,0.13,1
2022-05-22,30323.72265625,30425.861328125,29275.18359375,29432.47265625,21631532270,40.17271137938125,30553.016342820272,32901.23715837411,0.030289794482822652,14.0,28627.57421875,-0.05593470355627356,0.030289794482822652,-0.0033568409990499815,0.4017271137938125,-0.0075047806736160405,-0.07834095993767443,-0.07137180903716145,-0.5638983034792696,0.03833875015248354,0.14,0
2022-05-23,29098.91015625,30590.5859375,28975.560546875,30309.396484375,31483454557,36.917221094019176,30329.30769873254,32619.58330636492,-0.04039123144227663,10.0,28814.900390625,-0.00976015129432602,-0.04039123144227663,0.01318367314462865,0.36917221094019176,-0.04056794024790611,-0.10793127297331062,-0.07021167579370913,-0.1940398934608101,0.04088173398735145,0.1,1
2022-05-24,29655.5859375,29774.35546875,28786.58984375,29101.125,26616506245,39.323911549214856,30225.658197004457,32400.027945708258,0.019130468401079792,12.0,29445.95703125,-0.0070687831524151624,0.019130468401079792,-0.02173057957382607,0.39323911549214857,-0.018860540795798242,-0.08470492719348999,-0.06711011954518453,-0.3486211239565531,0.04030665346168157,0.12,1
2022-05-25,29562.361328125,30157.78515625,29384.94921875,29653.134765625,27525063551,39.05519085555314,30123.612524869157,32189.83041847987,-0.003143576713387941,11.0,31726.390625,0.07320218005779493,-0.003143576713387941,0.012383970092795904,0.3905519085555314,-0.0186316032408399,-0.08162419795931775,-0.06418852994095048,-0.2941848678453907,0.03768403504018154,0.11,2
2022-05-26,29267.224609375,29834.16015625,28261.90625,29564.77734375,36774325352,38.16599316673442,29991.860537870056,31973.341099286918,-0.009983529917456657,12.0,31792.310546875,0.08627691799280325,-0.009983529917456657,-0.005606166178920069,0.3816599316673442,-0.024161086224713357,-0.08463665031153944,-0.06197289658480687,-0.0030986517956347703,0.03495035521125624,0.12,2
2022-05-27,28627.57421875,29346.943359375,28326.61328125,29251.140625,36582005748,36.24018057509425,29781.97033492851,31725.506515543442,-0.02185551924250806,12.0,29799.080078125,0.04092228878434649,-0.02185551924250806,-0.05593470355627361,0.3624018057509425,-0.038761576322726476,-0.09764800115250027,-0.06126099766642734,-0.024751349224042065,0.03469137397420474,0.12,2
2022-05-28,28814.900390625,28814.900390625,28554.56640625,28622.625,35519577634,37.23895653689998,29633.190343497197,31509.90606184578,0.006543557286537771,13.0,30467.48828125,0.05735185158449042,0.006543557286537771,-0.009760151294326058,0.37238956536899975,-0.02761396742594624,-0.0855288386430344,-0.05955954659671392,-0.05256441210592112,0.02987475517229589,0.13,2
2022-05-29,29445.95703125,29498.009765625,28841.107421875,29019.8671875,18093886409,40.613854944740616,29604.38521853609,31357.020948468315,0.02190035821988534,14.0,29704.390625,0.008776539117941833,0.02190035821988534,-0.0070687831524152145,0.4061385494474062,-0.005351510802085291,-0.06094532769420058,-0.055892928502758066,-0.6647189790706003,0.024421291609129803,0.14,1
2022-05-30,31726.390625,31949.630859375,29303.572265625,29443.365234375,39277993274,50.89086155607967,29930.84758876131,31384.38166524844,0.07744470968730455,10.0,29832.9140625,-0.05968143634365909,0.07744470968730455,0.07320218005779489,0.5089086155607967,0.059989715657531084,0.010897425458289867,-0.046313930667514436,0.13999398078554892,0.032168142589878226,0.1,0
2022-05-31,31792.310546875,32249.86328125,31286.154296875,31723.865234375,33538210634,51.15400611181017,30217.226505394185,31414.598619443,0.0020777630413166825,16.0,29906.662109375,-0.05931146258526178,0.0020777630413166825,0.08627691799280335,0.5115400611181017,0.052125367667335,0.012023452281138658,-0.038115149219437816,0.03748443115354025,0.0322386049966856,0.16,0
2022-06-01,29799.080078125,31957.28515625,29501.587890625,31792.5546875,41135817341,43.55442171181958,30152.89628581431,31294.93057934537,-0.06269536357891181,17.0,31370.671875,0.05273960782529924,-0.06269536357891181,0.04092228878434656,0.4355442171181958,-0.011734070396937857,-0.0477984923924909,-0.03649262907407769,0.28251619230119895,0.038046399144366125,0.17,2
2022-06-02,30467.48828125,30604.734375,29652.705078125,29794.890625,29083562061,46.4285900798063,30201.295054342878,31233.638557264232,0.02243049790035867,13.0,31155.478515625,0.02258112739796789,0.02243049790035867,0.05735185158449041,0.464285900798063,0.008813967296043002,-0.024529651728201984,-0.03305229715803493,-0.041758897603980834,0.035967015230137574,0.13,1
2022-06-03,29704.390625,30633.03515625,29375.689453125,30467.806640625,26175547452,43.69320061868108,30124.848219059357,31120.360932652067,-0.02504629358369581,10.0,30214.35546875,0.01716799547204985,-0.02504629358369581,0.00877653911794174,0.43693200618681083,-0.01395716887938847,-0.04549980351180327,-0.031989112071904025,-0.14313406772985907,0.036767930537739,0.1,1
2022-06-04,29832.9140625,29930.564453125,29500.005859375,29706.138671875,16588370958,44.28854067605689,30079.93527189638,31024.99449782599,0.004326748833952898,14.0,30111.998046875,0.00935490189762618,0.004326748833952898,-0.05968143634365908,0.4428854067605689,-0.00821215894128502,-0.03842322793673725,-0.030461221387028226,-0.5838316593163292,0.036755530468523694,0.14,1
2022-06-05,29906.662109375,30117.744140625,29574.44921875,29835.1171875,17264085441,44.65017809821521,30053.277862277704,30942.155061644437,0.00247203631266113,10.0,29083.8046875,-0.027514184594243117,0.00247203631266113,-0.059311462585261765,0.4465017809821521,-0.004878527845600944,-0.03346544383241823,-0.028727061757523598,-0.5177607709082065,0.036532975075759595,0.1,0
2022-06-06,31370.671875,31693.291015625,29894.1875,29910.283203125,31947336829,51.3952376470794,30255.95386423498,30973.897047818922,0.048952630028413324,13.0,28360.810546875,-0.0959450706098401,0.048952630028413324,0.052739607825299295,0.513952376470794,0.03684293067628941,0.012809974365463939,-0.023178974943822817,0.09280060283938553,0.03806194017215321,0.13,0
2022-06-07,31155.478515625,31489.68359375,29311.68359375,31371.7421875,40770974039,50.422570785666196,30394.342272141133,30987.34752691567,-0.006859698773187373,15.0,26762.6484375,-0.1409970344676915,-0.006859698773187373,0.022581127397967915,0.504225707856662,0.02504203699059837,0.005425794788124216,-0.019137012429329414,0.3205239369483675,0.03842520598500684,0.15,0
2022-06-08,30214.35546875,31253.69140625,29944.404296875,31151.48046875,30242059107,46.296020604372266,30366.65199469634,30930.088855940434,-0.03020730515832104,17.0,22487.388671875,-0.2557382633849933,-0.03020730515832104,0.017167995472049835,0.4629602060437227,-0.005015255747421232,-0.02314035987817631,-0.018216464358325912,0.027772184701222613,0.03991055056540975,0.17,0
2022-06-09,30111.998046875,30609.310546875,30020.265625,30215.279296875,21692004719,45.85645847321641,30327.47446426229,30869.4895367504,-0.003387708269364409,11.0,22206.79296875,-0.2625267531506564,-0.003387708269364409,0.009354901897626222,0.45856458473216416,-0.007104990481195728,-0.024538516873549132,-0.017558277788909837,-0.2890014373759947,0.030235891367618648,0.11,0
2022-06-10,29083.8046875,30245.80859375,28978.146484375,30110.330078125,29867476527,41.585202780040376,30136.140652452705,30737.216584954072,-0.03414563715680452,13.0,22572.83984375,-0.22386908843973785,-0.03414563715680452,-0.027514184594243152,0.41585202780040376,-0.03491940049951481,-0.05379185499390404,-0.019555314348001063,0.009317137528223487,0.0314660135910625,0.13,0
2022-06-11,28360.810546875,29401.916015625,28236.212890625,29084.666015625,27246574439,38.84528200772794,29863.012943902286,30561.186508059327,-0.024858994495164377,12.0,20381.650390625,-0.28134457381117417,-0.024858994495164377,-0.09594507060984014,0.3884528200772794,-0.05030310906167357,-0.0719990357901864,-0.022845106618256672,-0.09196839413746809,0.026016991208378627,0.12,0
2022-06-12,26762.6484375,28502.685546875,26762.6484375,28373.513671875,34163220274,33.57864817161045,29386.033789071167,30279.813317647524,-0.056351073137826724,14.0,20471.482421875,-0.23507262483072403,-0.056351073137826724,-0.14099703446769152,0.33578648171610453,-0.08927320271940953,-0.11615543475288426,-0.029517339463101977,0.12977793826825787,0.028700998708391125,0.14,0
2022-06-13,22487.388671875,26795.58984375,22141.2578125,26737.578125,68204556440,24.147050010227275,28324.70377104099,29702.59667721993,-0.15974726027617203,11.0,19017.642578125,-0.15429742174064057,-0.15974726027617203,-0.2557382633849933,0.24147050010227275,-0.20608565393485334,-0.24291505836183525,-0.04638964468839524,0.754134198161855,0.05489464697306564,0.11,0
2022-06-14,22206.79296875,23018.951171875,20950.818359375,22487.986328125,50913575242,23.676991636525457,27383.486724534683,29147.35195807401,-0.012477914053041661,8.0,20553.271484375,-0.07446016571154061,-0.012477914053041661,-0.2625267531506563,0.23676991636525457,-0.18904436121885604,-0.23811970978727037,-0.060515453893598914,0.4259527875148129,0.054115459878515876,0.08,0
2022-06-15,22572.83984375,22642.671875,20178.376953125,22196.73046875,54912007015,25.70872127690201,26643.387204413964,28660.35106071668,0.01648355417709846,7.0,20599.537109375,-0.08741933881754674,0.01648355417709846,-0.22386908843973785,0.25708721276902013,-0.15277889892279173,-0.21240183709091154,-0.07037470867086715,0.4746490846458024,0.055153784090616276,0.07,0
2022-06-16,20381.650390625,22868.921875,20265.2265625,22576.3046875,31183975654,21.943102309434764,25680.043079215662,28047.113974043223,-0.09707194434960298,7.0,20710.59765625,0.016139383186373694,-0.09707194434960298,-0.28134457381117417,0.21943102309434764,-0.2063233567111481,-0.27330667927232666,-0.0843962375957189,-0.08324632757243954,0.05228400066023534,0.07,1
2022-06-17,20471.482421875,21243.3125,20326.51953125,20385.71875,27132421514,22.44464013046762,24878.726055009407,27485.95608129002,0.004407495444594733,9.0,19987.029296875,-0.023664779863833064,0.004407495444594733,-0.235072624830724,0.2244464013046762,-0.17714908807587415,-0.2552020980703613,-0.0948568068205341,-0.2099704122369445,0.05321135557581271,0.09,0
2022-06-18,19017.642578125,20736.041015625,17708.623046875,20473.42578125,42009436760,20.184289097167806,23977.020904719495,26858.673599574093,-0.07101780974085614,6.0,21085.876953125,0.10875345703357481,-0.07101780974085614,-0.15429742174064054,0.20184289097167807,-0.20683880396577203,-0.29193664357175964,-0.10728946402253803,0.19209277473082229,0.053959107303976274,0.06,2
2022-06-19,20553.271484375,20683.822265625,18067.15234375,19010.90234375,35329942625,28.387882965152116,23450.290224666493,26391.606776226014,0.0807475952890373,6.0,21231.65625,0.03300616965725974,0.0807475952890373,-0.07446016571154057,0.28387882965152117,-0.12353871583406784,-0.2212193952931384,-0.11144893816048773,0.02463978139552984,0.06614643487368535,0.06,2
2022-06-20,20599.537109375,20913.322265625,19689.169921875,20553.37109375,30818458597,28.62590284494202,23011.712822313955,25962.564578681493,0.002251010260589048,9.0,21502.337890625,0.043826265437737856,0.002251010260589048,-0.08741933881754671,0.2862590284494202,-0.10482382304892668,-0.2065677084038997,-0.11365794574818522,-0.10802434449502475,0.06721602324267001,0.09,2
2022-06-21,20710.59765625,21620.62890625,20415.0625,20594.294921875,28970212744,29.233950653138237,22657.695104457962,25573.529991834715,0.0053914098304885805,9.0,21027.294921875,0.015291556085511021,0.0053914098304885805,0.016139383186373646,0.29233950653138235,-0.08593537159147602,-0.1901549116268808,-0.1140176928373885,-0.1519946689102079,0.06823427984968893,0.09,1
2022-06-22,19987.029296875,20835.75,19848.078125,20719.4140625,28574793478,27.585118682804733,22246.82344175289,25159.715125541406,-0.034937106663198714,11.0,20735.478515625,0.037446746469072374,-0.034937106663198714,-0.023664779863833085,0.2758511868280473,-0.10157828378485279,-0.20559397444906868,-0.11577602008821763,-0.16498328506619092,0.0676045404301842,0.11,2
2022-06-23,21085.876953125,21135.76171875,19950.1171875,19986.607421875,26188097173,33.700734681149626,22068.21628965629,24857.94933499204,0.05497803800296652,11.0,20280.634765625,-0.03818869802238224,0.05497803800296652,0.10875345703357486,0.33700734681149624,-0.04451376240098426,-0.15174511505489197,-0.11222699860477625,-0.2522218855863199,0.05317497979171469,0.11,0
2022-06-24,21231.65625,21472.91796875,20777.51171875,21084.6484375,24957784918,34.49115010811079,21939.514745093784,24589.33503240004,0.006913598955313738,11.0,20104.0234375,-0.05311092075070686,0.006913598955313738,0.033006169657259665,0.34491150108110785,-0.032264090765821485,-0.13655020674515217,-0.10776299089888886,-0.3126817991508318,0.053230576988378984,0.11,0
2022-06-25,21502.337890625,21520.9140625,20964.5859375,21233.609375,18372538715,36.01647544426023,21872.256767483203,24360.66857745374,0.012748964915301864,14.0,19784.7265625,-0.07988021288019462,0.012748964915301864,0.04382626543773793,0.3601647544426023,-0.016912698163280004,-0.11733383579932533,-0.10214874858868239,-0.6206335584929105,0.05309016474218773,0.14,0
2022-06-26,21027.294921875,21783.724609375,21016.26953125,21496.494140625,18027170497,34.49830998217939,21742.26263738963,24113.75201037383,-0.02209261947079333,14.0,19269.3671875,-0.08360218187391295,-0.02209261947079333,0.015291556085510916,0.3449830998217939,-0.032883776975682344,-0.12799572157709116,-0.09834593023781524,-0.6190342232091788,0.04269231772033859,0.14,0
2022-06-27,20735.478515625,21478.08984375,20620.19921875,21028.23828125,20965695707,33.56240352247981,21587.372772502764,23863.509529281324,-0.013877981325425726,12.0,19242.255859375,-0.0720129345037684,-0.013877981325425726,0.03744674646907242,0.3356240352247981,-0.039462618534242266,-0.1310800915438748,-0.09538147580454015,-0.43800169758824026,0.043060032396650905,0.12,0
2022-06-28,20280.634765625,21164.423828125,20228.8125,20731.544921875,21381535161,32.10061293968482,21386.33615606003,23598.111398640118,-0.02193553187871977,10.0,19297.076171875,-0.048497426491654935,-0.02193553187871977,-0.03818869802238223,0.32100612939684825,-0.051701300417543505,-0.14058229393756883,-0.09372679047135712,-0.4046313676758784,0.03602013555927952,0.1,0
2022-06-29,20104.0234375,20364.15625,19937.791015625,20281.169921875,23552740328,31.526433085421004,21189.057276281565,23339.290068185295,-0.008708372798288844,13.0,20231.26171875,0.006328995867198536,-0.008708372798288844,-0.05311092075070689,0.31526433085421,-0.051207272916106605,-0.13861889634318458,-0.09212931437168248,-0.3108159567513226,0.025140078777294336,0.13,1
2022-06-30,19784.7265625,20141.16015625,18729.65625,20108.3125,26267239923,30.465462847853644,20973.006397238245,23075.989067764163,-0.01588223750298734,11.0,20190.115234375,0.020489981026241437,-0.01588223750298734,-0.07988021288019465,0.3046546284785364,-0.056657582238411,-0.1426271478808191,-0.09113293754605145,-0.19611874708051194,0.02545721591195639,0.11,1
2022-07-01,19269.3671875,20632.671875,19073.708984375,19820.470703125,30767551159,28.781831562236462,20710.908057278513,22794.017076633485,-0.02604834458398897,11.0,20548.24609375,0.06636849533282059,-0.02604834458398897,-0.083602181873913,0.2878183156223646,-0.06960297760927514,-0.1546304838363336,-0.09138841180786872,-0.04347421469657977,0.026136502354340268,0.11,2
2022-07-02,19242.255859375,19371.748046875,19027.08203125,19274.8359375,18100418740,28.692000748024256,20484.961565293357,22530.923653132857,-0.0014069651515379311,14.0,21637.587890625,0.12448291139850802,-0.0014069651515379311,-0.07201293450376844,0.28692000748024254,-0.060664292776795414,-0.1459624045772565,-0.0908068448208077,-0.5486891516307092,0.024218118916088282,0.14,2
2022-07-03,19297.076171875,19558.26953125,18966.951171875,19242.095703125,16390821947,29.17337059250511,20302.209966305916,22291.379395261905,0.002848954556089245,11.0,21731.1171875,0.12613522348906686,0.002848954556089245,-0.048497426491654894,0.2917337059250511,-0.04950859025195098,-0.13432561396462317,-0.08923491874077527,-0.5615969022455474,0.013434171133243569,0.11,2
2022-07-04,20231.26171875,20258.748046875,19063.06640625,19297.314453125,21594638208,36.98050838890566,20291.294851297316,22138.778085890655,0.04841073013105235,14.0,21592.20703125,0.06726942350010223,0.04841073013105235,0.006328995867198595,0.36980508388905664,-0.0029585658770060475,-0.08616177278349169,-0.08345009952336824,-0.23352086091090776,0.022294988481024312,0.14,2
2022-07-05,20190.115234375,20635.466796875,19341.232421875,20225.353515625,26715546990,36.788160415196124,20275.72875638619,21994.432689482088,-0.0020338071321012174,19.0,20860.44921875,0.03320109749714119,-0.0020338071321012174,0.020489981026241333,0.36788160415196125,-0.004222463371839291,-0.08203518956730926,-0.07814268080293774,0.03235300336414838,0.02149292302485262,0.19,2
2022-07-06,20548.24609375,20595.529296875,19823.51171875,20194.619140625,24598943708,39.72671197948121,20317.654500596007,21887.307756464896,0.017737930428710857,18.0,19970.556640625,-0.028113808375144548,0.017737930428710857,0.06636849533282052,0.3972671197948121,0.011349321504961596,-0.06117982520346177,-0.07171522753433468,-0.037377864089431743,0.021881413019602794,0.18,0
2022-07-07,21637.587890625,21771.81640625,20296.103515625,20547.814453125,25814972520,47.69213725732949,20520.721175985083,21868.809988624904,0.053013857820514154,18.0,19323.9140625,-0.10692845430924647,0.053013857820514154,0.12448291139850798,0.4769213725732949,0.054426289654330384,-0.010573144954854619,-0.06164436077413593,0.013456231163638721,0.02740465172037168,0.18,0
2022-07-08,21731.1171875,22314.94140625,21257.453125,21637.154296875,49899834488,48.32359538814133,20706.935946987378,21858.61052187491,0.004322538045727464,20.0,20212.07421875,-0.06990174300029875,0.004322538045727464,0.12613522348906692,0.48323595388141327,0.04946078179478941,-0.005832636719855677,-0.05268745576188383,0.6571483674841907,0.02579006745900975,0.2,0
2022-07-09,21592.20703125,21877.138671875,21445.95703125,21716.828125,29641127858,47.4082137631197,20843.131498412396,21838.87692997677,-0.006392223420980114,24.0,20569.919921875,-0.04734518837724475,-0.006392223420980114,0.06726942350010234,0.474082137631197,0.03593872316617386,-0.011294990100346403,-0.045595084159185006,0.14735181529600333,0.02564103954740882,0.24,0
2022-07-10,20860.44921875,21591.080078125,20727.123046875,21591.080078125,28688807249,42.807924177877524,20845.795763079717,21766.400803219232,-0.03388990349346599,24.0,20836.328125,-0.001156307493527955,-0.03388990349346599,0.033201097497141285,0.42807924177877527,0.0007029453726221657,-0.041621561261301565,-0.04229477571704732,0.11886743376332255,0.027987272027021864,0.24,1
2022-07-11,19970.556640625,20856.353515625,19924.5390625,20856.353515625,24150249025,37.98117358199941,20711.143590394375,21633.375309693736,-0.04265931997884009,22.0,21190.31640625,0.06107790521690868,-0.04265931997884009,-0.028113808375144544,0.37981173581999406,-0.03575789750754521,-0.07686357978191416,-0.04263004298206374,-0.043839160716848,0.030461647984910713,0.22,2
2022-07-12,19323.9140625,20043.4453125,19308.53125,19970.474609375,25810220018,34.90162060640253,20497.72366302601,21462.304106197906,-0.03237979740682695,16.0,20779.34375,0.07531754088704047,-0.03237979740682695,-0.10692845430924647,0.34901620606402534,-0.05726536369710833,-0.09963469127624458,-0.04494300511254723,0.02812994034697489,0.03257339082094048,0.16,2
2022-07-13,20212.07421875,20223.052734375,18999.953125,19325.97265625,33042430345,41.872859001324485,20453.777594675852,21369.694484905467,0.04596171114078618,15.0,22485.689453125,0.11248797178202773,0.04596171114078618,-0.06990174300029872,0.41872859001324486,-0.011817053099705488,-0.05417111915068107,-0.04286055146350243,0.2615871707983694,0.03557511917301079,0.15,2
2022-07-14,20569.919921875,20789.89453125,19689.2578125,20211.466796875,31158743333,44.45382974781427,20471.645645014185,21310.451924680987,0.017704551212910147,18.0,23389.43359375,0.13706974468464506,0.017704551212910147,-0.047345188377244773,0.44453829747814266,0.004800506933586357,-0.03474970898896468,-0.03936126191182865,0.19077439452842113,0.032635656791946036,0.18,2
2022-07-15,20836.328125,21138.244140625,20397.0,20573.15625,25905575359,46.36325645227376,20527.75064193508,21275.331643223137,0.012951348577769028,15.0,23231.732421875,0.1149628803359517,0.012951348577769028,-0.0011563074935279083,0.4636325645227376,0.015032211197779421,-0.020634391302801314,-0.0351383947298507,-0.008385240453517254,0.03276656035336624,0.15,2
2022-07-16,21190.31640625,21514.404296875,20518.8984375,20834.103515625,24302954056,48.877939180428925,20629.683836445067,21269.03421826216,0.01698899533192111,21.0,23164.62890625,0.0931705059117326,0.01698899533192111,0.06107790521690859,0.48877939180428925,0.027176013663112952,-0.003701052488061296,-0.03006015107484905,-0.08418563498638226,0.03273158659684161,0.21,2
2022-07-17,20779.34375,21600.640625,20778.1796875,21195.041015625,22927802083,46.17146918859139,20652.708438530444,21232.760850242743,-0.01939436147960416,24.0,22714.978515625,0.09315187182583666,-0.01939436147960416,0.07531754088704057,0.46171469188591385,0.006131656380395034,-0.02135459931191941,-0.027318746525874738,-0.14613727607588306,0.028283190089679267,0.24,2
2022-07-18,22485.689453125,22633.033203125,20781.912109375,20781.912109375,39974475562,56.8539111544104,20934.70551769884,21325.57037638217,0.08211740099467768,20.0,22465.478515625,-0.0008988355701582074,0.08211740099467768,0.11248797178202774,0.568539111544104,0.0740867328711603,0.05440037739987713,-0.018328459768476302,0.37531940111628725,0.039286961735099005,0.2,1
2022-07-19,23389.43359375,23666.962890625,21683.40625,22467.849609375,48765202697,61.24115703125927,21312.355990937478,21478.44913322423,0.0401919693193753,30.0,22609.1640625,-0.03335991562696497,0.0401919693193753,0.13706974468464495,0.6124115703125927,0.0974588451739331,0.08897218084380865,-0.007733013741193617,0.5292186182830286,0.040642950436790636,0.3,0
2022-07-20,23231.732421875,24196.818359375,23009.94921875,23393.19140625,42932549127,60.092877428812436,21607.644672620172,21608.32196942058,-0.006742410894342465,31.0,21361.701171875,-0.0804946964798535,-0.006742410894342465,0.1149628803359517,0.6009287742881244,0.07516264608482603,0.07512894591036812,-3.134425715090039e-05,0.3732371478165548,0.038317818355373366,0.31,0
2022-07-21,23164.62890625,23388.322265625,22431.1484375,23233.201171875,33631012204,59.580951958863835,21847.18070856322,21723.603964741276,-0.0028884421706671937,34.0,21239.75390625,-0.08309543864441764,-0.0028884421706671937,0.0931705059117327,0.5958095195886384,0.060302892865732094,0.06633452459580802,0.005688593109251849,0.12422359169132734,0.03388212783900037,0.34,0
2022-07-22,22714.978515625,23671.927734375,22603.416015625,23163.751953125,31421555646,56.130342454754555,21980.6880634958,21797.03911665859,-0.01941107679491816,33.0,22930.548828125,0.009490227444050418,-0.01941107679491816,0.09315187182583662,0.5613034245475456,0.03340616317414846,0.04211303168533864,0.00842540795813207,0.034092433924794455,0.03204639904635349,0.33,1
2022-07-23,22465.478515625,22977.2109375,22002.91015625,22706.984375,24021799169,54.252795713992825,22055.271209977214,21846.55314621166,-0.010983941711781742,31.0,23843.88671875,0.0613567257054552,-0.010983941711781742,-0.0008988355701582407,0.5425279571399283,0.018599059687020247,0.028330573032326,0.009553821253571515,-0.24692574028408537,0.031329929914955854,0.31,2
2022-07-24,22609.1640625,22974.001953125,22306.83984375,22465.509765625,23565495303,55.18254840135323,22140.48549498072,21903.0428437145,0.006395837363315726,30.0,23804.6328125,0.052875406923285045,0.006395837363315726,-0.03335991562696494,0.5518254840135323,0.021168396132303924,0.032238498724762144,0.010840623969941232,-0.26930340819972576,0.03126721219477213,0.3,2
2022-07-25,21361.701171875,22649.12109375,21361.642578125,22607.15625,35574561406,46.371062271743085,22020.672522195226,21862.943460615275,-0.05517510011323534,30.0,23656.20703125,0.10741213168902326,-0.05517510011323534,-0.08049469647985352,0.46371062271743085,-0.02992512375160339,-0.022926569317769707,0.007214447673255409,0.12828701858596328,0.037361824963916226,0.3,2
2022-07-26,21239.75390625,21361.12109375,20776.81640625,21361.12109375,28624673855,45.604436147647334,21900.531196665193,21816.781271403033,-0.005708686992848544,26.0,23336.896484375,0.09873667027318503,-0.005708686992848544,-0.0830954386444176,0.4560443614764733,-0.030171747181904407,-0.026448785362733096,0.0038387846594005737,-0.09548677042038795,0.03711359858879304,0.26,2
2022-07-27,22930.548828125,22986.529296875,21070.806640625,21244.169921875,31758955233,56.373749422057834,22058.99544765901,21899.282571900956,0.0796052030234431,28.0,23314.19921875,0.01673097288253482,0.0796052030234431,0.00949022744405048,0.5637374942205784,0.03951011198737442,0.04709132606687616,0.007293064292571039,-0.0009739268960203431,0.04373046958961752,0.28,1
2022-07-28,23843.88671875,24110.470703125,22722.265625,22933.640625,40212386158,60.87937906846013,22333.594104749933,22043.327323519403,0.0398306162434614,32.0,22978.1171875,-0.036309916309457596,0.0398306162434614,0.06135672570545525,0.6087937906846013,0.06762425281468043,0.08168274094036021,0.013168011206766694,0.2503803411274723,0.03768864470764669,0.32,0
2022-07-29,23804.6328125,24294.787109375,23481.173828125,23845.212890625,35887249746,60.589749533062104,22559.907752096096,22173.794396777226,-0.0016462880701044735,39.0,22846.5078125,-0.04024951813148241,-0.0016462880701044735,0.05287540692328507,0.6058974953306211,0.05517420878142798,0.07354800836251107,0.017413048412453502,0.1266607158537934,0.03580972607184925,0.39,0
2022-07-30,23656.20703125,24572.580078125,23580.5078125,23796.818359375,28148218301,59.438286342504114,22728.569179658232,22283.602740071507,-0.006235163651508224,42.0,22630.95703125,-0.04333957673965392,-0.006235163651508224,0.1074121316890233,0.5943828634250411,0.040813737295086305,0.06159705444354402,0.019968334778584174,-0.11538205134441541,0.03579580741317769,0.42,0
2022-07-31,23336.896484375,24121.642578125,23275.703125,23652.0703125,23553591896,56.93163925194653,22822.157995768503,22361.6244989088,-0.013497960448739299,39.0,23289.314453125,-0.0020389185546526335,-0.013497960448739299,0.09873667027318511,0.5693163925194653,0.02255433025667153,0.043613646473394274,0.0205948139806289,-0.29264298124119587,0.03612496712679799,0.39,1
2022-08-01,23314.19921875,23464.787109375,22890.796875,23336.71875,25849159141,56.7484391145926,22897.856645457963,22432.18558926741,-0.0009725914343493569,33.0,22961.279296875,-0.015137552809069714,-0.0009725914343493569,0.01673097288253489,0.567484391145926,0.018182600220559175,0.03931911253019349,0.020759058645331008,-0.1997049269877326,0.03541295722513759,0.33,0
2022-08-02,22978.1171875,23415.041015625,22710.083984375,23308.43359375,28389250717,53.9786266002238,22910.204421156737,22472.62496691427,-0.014415336683737068,31.0,23175.890625,0.008607034070119023,-0.014415336683737068,-0.03630991630945757,0.539786266002238,0.0029643020679706034,0.022493688268724776,0.01947166630007402,-0.0985738435877651,0.03558147140086184,0.31,1
2022-08-03,22846.5078125,23578.650390625,22747.8359375,22981.302734375,26288169966,52.889957522636664,22900.404942901852,22500.319992513214,-0.0057275961266136655,34.0,23809.486328125,0.04214992170917806,-0.0057275961266136655,-0.040249518131482365,0.5288995752263667,-0.0023535448624700805,0.01538590651608418,0.01778130046691606,-0.16766207373158004,0.035652489044613045,0.34,2
2022-08-04,22630.95703125,23198.009765625,22485.701171875,22848.21484375,25120229769,51.073128832765455,22858.95141803234,22509.99681019742,-0.009434736504108754,30.0,23164.318359375,0.023567776094864525,-0.009434736504108754,-0.04333957673965394,0.5107312883276546,-0.009973965236326876,0.005373622309789994,0.015502206009946562,-0.2118436612940836,0.03005275507834253,0.3,1
2022-08-05,23289.314453125,23422.828125,22612.177734375,22626.833984375,28881249043,56.04012708601664,22925.1611157389,22567.72404300687,0.029091011085651708,31.0,23947.642578125,0.028267389592984107,0.029091011085651708,-0.002038918554652658,0.5604012708601664,0.015884439614083812,0.03197444318013676,0.015838419153427763,-0.07967059683170848,0.03053413777114168,0.31,1
2022-08-06,22961.279296875,23326.5625,22961.279296875,23291.423828125,15978259885,53.145096847968944,22930.71775899061,22596.87628403414,-0.014085221654344782,31.0,23957.529296875,0.04338826191341997,-0.014085221654344782,-0.015137552809069699,0.5314509684796894,0.0013327772032956098,0.016126256047980014,0.01477378867593071,-0.6604620532456603,0.01881094072425214,0.31,2
2022-08-07,23175.890625,23359.009765625,22894.556640625,22963.505859375,15886817043,54.79060348236172,22968.43666145359,22639.766235216797,0.009346662498644243,30.0,24402.818359375,0.0529398310609692,0.009346662498644243,0.00860703407011898,0.5479060348236172,0.009032132513161706,0.023680650418962612,0.014517394871574885,-0.6264826228600794,0.013376347806209216,0.3,2
2022-08-08,23809.486328125,24203.689453125,23176.546875,23179.52734375,28575544847,59.331550856961854,23097.82891786458,22726.412168024814,0.02733856978257987,30.0,24424.068359375,0.02581248594699936,0.02733856978257987,0.042149921709178084,0.5933155085696186,0.030810575868020385,0.04765706756053767,0.01634295581254719,-0.004869625977194018,0.01643464980067064,0.3,1
2022-08-09,23164.318359375,23898.615234375,22982.0,23811.484375,23555719219,53.44488770298938,23108.058062712335,22758.849663680383,-0.02709709734425869,42.0,24319.333984375,0.049861843853158117,-0.02709709734425869,0.02356777609486449,0.5344488770298937,0.0024346613856509602,0.017815869505113158,0.0153438510378332,-0.1637300657674669,0.01852507616718808,0.42,2
2022-08-10,23947.642578125,24127.4140625,22771.51953125,23162.8984375,32837431722,58.79090110505052,23237.224911237357,22846.908398083688,0.033815983988709775,31.0,24136.97265625,0.007906000664046313,0.033815983988709775,0.028267389592984138,0.5879090110505052,0.030572397074148494,0.04817869275186659,0.017083996939665003,0.16990145904532794,0.02110861548667068,0.31,1
2022-08-11,23957.529296875,24822.62890625,23900.99609375,23948.345703125,37127036580,58.85512161600041,23348.040970566224,22929.17661280897,0.00041284726535173455,41.0,23883.291015625,-0.003098745297566372,0.00041284726535173455,0.043388261913420045,0.588551216160004,0.026104473907559544,0.04484908906373719,0.018267745276263625,0.2824342018862384,0.021085739856892795,0.41,1
2022-08-12,24402.818359375,24412.56640625,23657.265625,23957.203125,27265804688,61.746632569471004,23510.31441499834,23038.33526070275,0.018586602023192844,42.0,23335.998046875,-0.04371709434497152,0.018586602023192844,0.05293983106096922,0.61746632569471,0.03796222919959291,0.05922663609291656,0.020486686601035142,-0.03205575170876645,0.020648362770372675,0.42,0
2022-08-13,24424.068359375,24860.05078125,24346.115234375,24402.1875,22987346289,61.88429473871926,23650.89194490244,23140.982156900693,0.0008708010561344626,46.0,23212.73828125,-0.049595753676313296,0.0008708010561344626,0.025812485946999253,0.6188429473871926,0.032691215886224034,0.05544648856192502,0.022034924211273843,-0.20171790045143623,0.0203269030803061,0.46,0
2022-08-14,24319.333984375,24974.9140625,24206.259765625,24429.056640625,22994133555,60.72438798378282,23753.72918174437,23228.267477454345,-0.004288162539464846,47.0,20877.552734375,-0.1415244863289151,-0.004288162539464846,0.04986184385315817,0.6072438798378282,0.02381120026683292,0.04697149746444329,0.022621648592605625,-0.17880365139711257,0.019929064901789386,0.47,0
2022-08-15,24136.97265625,25135.58984375,23839.775390625,24318.31640625,35123501685,58.6626544861237,23812.689716283698,23295.57897217995,-0.007498615226969818,45.0,21166.060546875,-0.12308553154886702,-0.007498615226969818,0.007906000664046342,0.586626544861237,0.013618072709549844,0.03611817010750662,0.022197806061025283,0.23307923916271903,0.018832710248231063,0.45,0
2022-08-16,23883.291015625,24228.416015625,23733.5,24126.13671875,27753685646,55.8232611463179,23823.551454643897,23339.11319762032,-0.010510085263709001,44.0,21534.12109375,-0.09836039431660062,-0.010510085263709001,-0.0030987452975663743,0.5582326114631789,0.0025075841901589513,0.023316130882820474,0.020756498026367476,0.004801733174959361,0.018487489241564427,0.44,0
2022-08-17,23335.998046875,24407.05859375,23243.353515625,23881.31640625,30931623076,50.18023510522548,23748.543238064067,23338.88244571326,-0.02291530796119967,41.0,21398.908203125,-0.08300865640539433,-0.02291530796119967,-0.04371709434497151,0.5018023510522548,-0.01737138935443594,-0.0001235877015521858,0.017552716729418716,0.1301552260004616,0.020204939194218133,0.41,0
2022-08-18,23212.73828125,23563.83203125,23177.6015625,23341.0390625,23747613147,48.97936467727277,23666.111706246516,23329.5384335308,-0.005281958173694035,30.0,21528.087890625,-0.0725743929998026,-0.005281958173694035,-0.0495957536763133,0.4897936467727277,-0.01915707280621226,-0.0050065350677032106,0.014426915203430202,-0.11153714917565542,0.017966354314758588,0.3,0
2022-08-19,20877.552734375,23213.3125,20868.84765625,23213.3125,40509610260,32.91056251724831,23237.1026336509,23147.909863222965,-0.10059931398792521,33.0,21395.01953125,0.024785797619995383,-0.10059931398792521,-0.14152448632891512,0.3291056251724831,-0.10154234529475747,-0.09808043759730867,0.003853167346639763,0.3995071960857648,0.03558933471439466,0.33,1
2022-08-20,21166.060546875,21350.806640625,20856.73046875,20872.841796875,27595671000,35.71657891625847,22918.480774146916,23001.106210160153,0.013819043648011897,29.0,21600.904296875,0.020544387513065164,0.013819043648011897,-0.12308553154886703,0.3571657891625847,-0.07646319337400087,-0.07978075691309872,-0.0035922374888534003,0.008215303912624648,0.03336214573424532,0.29,1
2022-08-21,21534.12109375,21668.845703125,21103.197265625,21160.392578125,23102307723,39.20972337693615,22705.50236177816,22892.440645981624,0.01738918520335342,27.0,20260.01953125,-0.059166638701116596,0.01738918520335342,-0.0983603943166006,0.39209723376936145,-0.051590193837773524,-0.05933485088974355,-0.008165939451120874,-0.16448044580695192,0.0344630351543092,0.27,0
2022-08-22,21398.908203125,21531.462890625,20939.18359375,21531.462890625,31666498758,38.38452707511516,22504.487875831517,22781.80861317743,-0.006279006699941081,29.0,20041.73828125,-0.06342239094594579,-0.006279006699941081,-0.08300865640539434,0.3838452707511516,-0.04912707539965144,-0.0607019588977028,-0.012172902602013091,0.14484721925495725,0.033035337472540546,0.29,0
2022-08-23,21528.087890625,21646.203125,20955.138671875,21401.044921875,31878280659,39.690428962885235,22354.272493492055,22688.94041150688,0.006036741981122917,28.0,19616.814453125,-0.0887804549670348,0.006036741981122917,-0.07257439299980262,0.3969042896288524,-0.03695868890868981,-0.05116380491233263,-0.014750266515094479,0.14136226374180752,0.03330743767984455,0.28,0
2022-08-24,21395.01953125,21783.076171875,21195.005859375,21526.455078125,31962253368,38.77867228031348,22206.695114685583,22593.09442037674,-0.006181150878381003,25.0,20297.994140625,-0.0512748020174818,-0.006181150878381003,0.024785797619995442,0.3877867228031348,-0.03655094012160376,-0.05302836640412545,-0.017102540205500283,0.13170777076487936,0.033264008924408346,0.25,0
2022-08-25,21600.904296875,21789.63671875,21362.44140625,21395.458984375,31028679593,41.0355974413199,22113.49652733011,22519.598855672906,0.009623023027591993,25.0,19796.80859375,-0.08351945262708275,0.009623023027591993,0.020544387513065088,0.410355974413199,-0.02318006244836024,-0.040795334085912405,-0.018033284293627494,0.0982391645451021,0.0339662331671377,0.25,0
2022-08-26,20260.01953125,21804.908203125,20199.482421875,21596.0859375,42326789564,32.605120398286346,21828.346220240863,22352.222609419357,-0.06207539958496022,27.0,20049.763671875,-0.01037787051738482,-0.06207539958496022,-0.0591666387011166,0.32605120398286347,-0.0718481681189661,-0.09360156771558326,-0.02343732873158355,0.3629702188871913,0.03768069343312841,0.27,1
2022-08-27,20041.73828125,20340.775390625,19890.5234375,20262.48046875,30116729776,31.471623854493117,21553.483460396114,22181.075622147553,-0.010773990107132536,28.0,20127.140625,0.004261224378421205,-0.010773990107132536,-0.06342239094594582,0.3147162385449312,-0.07013925066562443,-0.0964487645838712,-0.028294036431884995,-0.0012471424038564248,0.037616004959445434,0.28,1
2022-08-28,19616.814453125,20139.0546875,19616.814453125,20041.03515625,24366810591,29.333753491994457,21255.534382354403,21991.130350368105,-0.021201944769558057,28.0,19969.771484375,0.017992576322389243,-0.021201944769558057,-0.0887804549670348,0.2933375349199446,-0.07709615292428551,-0.10796697847790993,-0.03344966612875311,-0.2061028563725538,0.03752248178656239,0.28,1
2022-08-29,20297.994140625,20357.462890625,19600.78515625,19615.154296875,32637854078,36.751129206011676,21108.220499011415,21865.712853350098,0.03472427641744291,24.0,19832.087890625,-0.02295331483358356,0.03472427641744291,-0.0512748020174818,0.36751129206011673,-0.038384399027116545,-0.07169758073928534,-0.03464292975120753,0.07109652235685138,0.0263789947506648,0.24,0
2022-08-30,19796.80859375,20542.64453125,19617.640625,20298.611328125,34483360283,33.929276231464,20906.46482127889,21712.460685972314,-0.024691382971281484,27.0,19986.712890625,0.009592672272184022,-0.024691382971281484,-0.08351945262708271,0.33929276231464,-0.05307718148500484,-0.08822823538651015,-0.037121350562267286,0.12339699580324727,0.026543727934884898,0.27,1
2022-08-31,20049.763671875,20420.990234375,19799.58203125,19799.58203125,33225232872,36.57622379515259,20774.664644447523,21589.29794418733,0.012777568511970205,23.0,19812.37109375,-0.01184016839350604,0.012777568511970205,-0.010377870517384813,0.36576223795152596,-0.034893510195182276,-0.0713100665103763,-0.03773320011821579,0.09265082147256075,0.026122316094524492,0.23,1
2022-09-01,20127.140625,20198.390625,19653.96875,20050.498046875,30182031010,37.40235152149757,20675.045564532516,21480.989994617896,0.0038592451457939436,20.0,18837.66796875,-0.06406636095384265,0.0038592451457939436,0.004261224378421247,0.37402351521497573,-0.026500785104552893,-0.06302546437371392,-0.03751896119719389,-0.008215099296171506,0.02634078357147104,0.2,0
2022-09-02,19969.771484375,20401.568359375,19814.765625,20126.072265625,29123998928,36.36489461200402,20566.5418598929,21369.04788274805,-0.007818752974256604,25.0,19290.32421875,-0.03402378771117244,-0.007818752974256604,0.017992576322389153,0.36364894612004023,-0.02901656387268825,-0.06548145738878397,-0.03755459893480051,-0.05393171049526725,0.026011899202687493,0.25,0
2022-09-03,19832.087890625,20037.009765625,19698.35546875,19969.71875,23613051457,35.438712479627284,20453.54894154399,21255.198994442642,-0.006894600364241943,21.0,19329.833984375,-0.025325316679714032,-0.006894600364241943,-0.022953314833583538,0.3543871247962728,-0.030384020528423705,-0.06695355353717114,-0.03771548095636501,-0.26470092567698117,0.026009846157021954,0.21,0
2022-09-04,19986.712890625,19999.689453125,19636.81640625,19832.470703125,25245861652,37.36798100748936,20381.72801063338,21161.237060826523,0.007796708085036963,20.0,21381.15234375,0.06976832362359485,0.007796708085036963,0.009592672272183966,0.37367981007489365,-0.019380845422051318,-0.05550356847406579,-0.03683664844132217,-0.18165664565048517,0.025884336946228558,0.2,2
2022-09-05,19812.37109375,20031.16015625,19673.046875,19988.7890625,28813460025,36.059560290017856,20294.134638805164,21061.3210632653,-0.008722884940063236,23.0,21680.5390625,0.09429300308933398,-0.008722884940063236,-0.01184016839350599,0.36059560290017856,-0.02373905335849924,-0.059300647179900356,-0.036426320179803184,-0.05122497576877944,0.01751467459012115,0.23,2
2022-09-06,18837.66796875,20155.26953125,18800.171875,19817.724609375,43403978910,29.781208819880575,20070.062843412063,20896.60601922713,-0.04919669232863699,22.0,21769.255859375,0.15562371602940667,-0.04919669232863699,-0.06406636095384266,0.2978120881988058,-0.061404634568276495,-0.0985297827112539,-0.03955394359517317,0.3381295346522473,0.022989179044840904,0.22,2
2022-09-07,19290.32421875,19427.171875,18644.466796875,18837.68359375,35239757134,35.40590253319995,19950.103055002513,20777.622182154748,0.024029314602578067,24.0,22370.44921875,0.15967201821347043,0.024029314602578067,-0.034023787711172426,0.3540590253319995,-0.033071450028779315,-0.07158172144847941,-0.03982742201670053,0.11135878991332496,0.024075995510689792,0.24,2
2022-09-08,19329.833984375,19417.3515625,19076.71484375,19289.94140625,32194477850,35.8886291087027,19854.67704413674,20670.378611948843,0.0020481649337233954,20.0,20296.70703125,0.05001972844963688,0.0020481649337233954,-0.02532531667971405,0.358886291087027,-0.026434227995500548,-0.06485341428622504,-0.039462342859098554,0.03425424427194508,0.02059163548953222,0.2,2
2022-09-09,21381.15234375,21439.41015625,19310.962890625,19328.140625,48469528171,54.782723225835376,20089.5193979234,20723.02851800819,0.10612188190716765,22.0,20241.08984375,-0.053320910008541035,0.10612188190716765,0.06976832362359486,0.5478272322583537,0.06429386986530461,0.03175809101309235,-0.030570296206187897,0.4103969901652647,0.03941499702341665,0.22,0
2022-09-10,21680.5390625,21760.275390625,21168.72265625,21376.912109375,36913738894,56.78449583206804,20334.291654012104,20793.955225007583,0.014002365912589188,28.0,19701.2109375,-0.09129515273093777,0.014002365912589188,0.09429300308933408,0.5678449583206804,0.06620576862938177,0.04263661376101169,-0.022105634354866233,0.11679589294628034,0.03943201083960705,0.28,0
2022-09-11,21769.255859375,21770.552734375,21406.9453125,21678.54296875,34493951963,57.38652194162404,20555.055377914086,20866.199716442206,0.004092001431295067,26.0,19772.583984375,-0.0917198037405641,0.004092001431295067,0.15562371602940672,0.5738652194162404,0.05907064997574962,0.04327841941535726,-0.014911404221006452,0.04470103679227544,0.03942902100331109,0.26,0
2022-09-12,22370.44921875,22439.181640625,21603.896484375,21770.1484375,50212088965,61.31900109175895,20834.34673804269,20977.625605502042,0.027616624254801714,25.0,20127.576171875,-0.1002605278482792,0.027616624254801714,0.15967201821347055,0.6131900109175895,0.07372933262661174,0.0663956750607011,-0.006830080303357855,0.3927616946909544,0.03938720029319378,0.25,0
2022-09-13,20296.70703125,22673.8203125,20062.669921875,22371.48046875,51091116622,45.66492429980015,20751.63293699766,20927.187192594483,-0.09270006906083372,34.0,19419.505859375,-0.04321889114940713,-0.09270006906083372,0.05001972844963687,0.45664924299800147,-0.021922414834958937,-0.030127324591791904,-0.008388812790805833,0.3822957020921447,0.05147418713659989,0.34,0
2022-09-14,20241.08984375,20467.201171875,19793.396484375,20184.5546875,37872380889,45.33068033872232,20673.08784572879,20876.365166754153,-0.0027402074343571003,27.0,19544.12890625,-0.03443297484869404,-0.0027402074343571003,-0.053320910008541,0.4533068033872232,-0.02089663649680884,-0.03043036074190897,-0.009737198952099346,0.07313881269213666,0.051484504161090884,0.27,0
2022-09-15,19701.2109375,20318.166015625,19636.734375,20242.2890625,36389011503,42.108687631024225,20523.568321385897,20789.316705327918,-0.026672422800232853,28.0,18890.7890625,-0.041135637680900804,-0.026672422800232853,-0.0912951527309378,0.4210868763102422,-0.04006892812245455,-0.05233965999224288,-0.012782930180380236,0.04165334762481373,0.05222508163611954,0.28,0
2022-09-16,19772.583984375,19870.62890625,19400.076171875,19704.005859375,30123362273,42.68864431581496,20408.032269538064,20714.003170442516,0.003622774615297697,20.0,18547.400390625,-0.06196375722658119,0.003622774615297697,-0.0917198037405641,0.4268864431581496,-0.031137165836000902,-0.045448442694595026,-0.01477121048919472,-0.14732197460140922,0.04920616590250142,0.2,0
2022-09-17,20127.576171875,20162.53125,19777.033203125,19777.033203125,24957448100,45.60735841762342,20364.8851775899,20670.56413351159,0.017953757980268437,22.0,19413.55078125,-0.035474981414937275,0.017953757980268437,-0.10026052784827921,0.4560735841762342,-0.011652852625755994,-0.02626865711692339,-0.01478812837169352,-0.3362964144704768,0.048995080849844067,0.22,0
2022-09-18,19419.505859375,20127.234375,19387.4921875,20127.234375,31254779144,41.11015751238753,20219.442205556836,20577.893150242213,-0.035179114785287124,27.0,19297.638671875,-0.006275504041271325,-0.035179114785287124,-0.043218891149407135,0.4111015751238753,-0.03956273066533911,-0.05629280327240782,-0.017419224702367453,-0.1093149161068842,0.05065858106718347,0.27,1
2022-09-19,19544.12890625,19639.48046875,18390.318359375,19418.572265625,40177002624,42.19062647572133,20115.547851817322,20501.318021057603,0.006417415961943007,21.0,18937.01171875,-0.03106391645349057,0.006417415961943007,-0.03443297484869401,0.4219062647572133,-0.02840682986994547,-0.046689150123150225,-0.018816847231189815,0.1336754611551167,0.03528181315852983,0.21,0
2022-09-20,18890.7890625,19602.45703125,18813.455078125,19545.591796875,36791346508,38.2305141467432,19927.12342269158,20382.019579682965,-0.033428956945789956,23.0,18802.09765625,-0.004694955089306503,-0.033428956945789956,-0.04113563768090078,0.38230514146743194,-0.05200621977437436,-0.07316402142354139,-0.02231850260044055,0.04058345964401675,0.035129578751842715,0.23,1
2022-09-21,18547.400390625,19674.630859375,18290.314453125,18891.283203125,46363793975,36.301870305771814,19714.858340835184,20246.121861974967,-0.018177571658806957,23.0,19222.671875,0.03640787766226926,-0.018177571658806957,-0.061963757226581206,0.36301870305771816,-0.059217161494487636,-0.08390354868605243,-0.02624026096264731,0.24919585909244182,0.03462068764127898,0.23,2
2022-09-22,19413.55078125,19456.91015625,18415.591796875,18534.650390625,41135767926,43.97878079977867,19668.503331668235,20184.44993006941,0.04669928789927913,22.0,19110.546875,-0.015607856062202042,0.04669928789927913,-0.03547498141493732,0.43978780799778666,-0.012962478441749803,-0.038192725166663055,-0.025561588261692192,0.11307194098472755,0.0376446641568626,0.22,0
2022-09-23,19297.638671875,19464.671875,18617.552734375,19412.400390625,38896078052,43.22794567623371,19611.447230161582,20118.760207240197,-0.005970680514919002,20.0,19426.720703125,0.006689006538304,-0.005970680514919002,-0.006275504041271307,0.4322794567623371,-0.016001295294717388,-0.0408137244495661,-0.025215916480581413,0.03650058438706699,0.025324866028180574,0.2,1
2022-09-24,18937.01171875,19310.197265625,18861.974609375,19296.990234375,26149643168,40.88899079996072,19507.687920713644,20031.223282166848,-0.01868762076318642,24.0,19573.05078125,0.033587087125802544,-0.01868762076318642,-0.031063916453490603,0.4088899079996072,-0.029253912830832673,-0.05462529911445746,-0.02613596554132014,-0.36176154910240127,0.02568398335610803,0.24,2
2022-09-25,18802.09765625,19134.732421875,18696.46875,18936.310546875,23359966112,40.01665882523397,19399.135572334624,19940.17693950634,-0.007124358610731463,24.0,19431.7890625,0.03349048695323016,-0.007124358610731463,-0.004694955089306507,0.4001665882523397,-0.030776521657803535,-0.057074683274325744,-0.02713322799557405,-0.4672846915458297,0.024689378199221797,0.24,2
2022-09-26,19222.671875,19274.873046875,18721.28515625,18803.900390625,44148798321,44.025645426655714,19371.98731120622,19887.02841620957,0.022368473265013344,21.0,19312.095703125,0.004651997844342334,0.022368473265013344,0.03640787766226916,0.44025645426655713,-0.007707801672977799,-0.033406526470695086,-0.02589834409768077,0.1682587070128633,0.026039854704880683,0.21,1
2022-09-27,19110.546875,20338.455078125,18915.66796875,19221.83984375,58571439619,43.19675042359734,19331.765705636033,19829.51126500886,-0.005832956039052206,20.0,19044.107421875,-0.0034765856550088917,-0.005832956039052206,-0.015607856062202052,0.43196750423597335,-0.011443281177959785,-0.036257292497044236,-0.025101252003681407,0.42015311619186857,0.02502936598117786,0.2,1
2022-09-28,19426.720703125,19688.34375,18553.296875,19104.62109375,53071298734,46.26880170478147,19346.374166788184,19799.67492709154,0.016544467837213528,20.0,19623.580078125,0.010133433120718774,0.016544467837213528,0.006689006538304065,0.46268801704781465,0.00415305398542043,-0.018836381169886396,-0.022894353668560075,0.29477557437487534,0.023363936729612005,0.2,1
2022-09-29,19573.05078125,19589.265625,18924.353515625,19427.779296875,41037843771,47.67913755017517,19381.247492090002,19782.8879533255,0.007532412719634118,22.0,20336.84375,0.03902268365244703,0.007532412719634118,0.033587087125802606,0.4767913755017517,0.009896333517142253,-0.01060700402138326,-0.020302418038412928,0.04708037134003832,0.023399110801589604,0.22,2
2022-09-30,19431.7890625,20109.849609375,19265.662109375,19573.431640625,43975248085,46.41263006100994,19389.023118306926,19756.880628079165,-0.0072171538473359,21.0,20160.716796875,0.03751212675428351,-0.0072171538473359,0.0334904869532302,0.4641263006100994,0.0022056781268517955,-0.01645459987833975,-0.01861921002090916,0.10723466141703529,0.02047488601774916,0.21,2
2022-10-01,19312.095703125,19471.154296875,19231.08203125,19431.10546875,18719537670,45.31427029560027,19377.188131355862,19723.93359660108,-0.0061596674907298254,20.0,19955.443359375,0.03331319739399884,-0.0061596674907298254,0.004651997844342226,0.4531427029560027,-0.003359229821664922,-0.02088010951056185,-0.01757993472990449,-0.7266567033152375,0.019418298301916326,0.2,2
2022-10-02,19044.107421875,19370.30859375,18970.62109375,19311.849609375,20765955327,42.86817239219859,19325.944945281884,19673.576102176925,-0.013876706359042923,24.0,19546.849609375,0.02639883174165073,-0.013876706359042923,-0.003476585655008857,0.4286817239219859,-0.01458337608871696,-0.03199564110930864,-0.0176699525846028,-0.584138140974329,0.013119576130209911,0.24,1
2022-10-03,19623.580078125,19653.54296875,19025.2265625,19044.068359375,30484729489,49.247802819894495,19371.734965719286,19669.872692987894,0.030427924155919772,24.0,19416.568359375,-0.010549131092586018,0.030427924155919772,0.010133433120718793,0.49247802819894493,0.013000648256410008,-0.0023534781127179105,-0.015157074573995066,-0.17217216913764796,0.01646866806080475,0.24,1
2022-10-04,20336.84375,20380.34375,19523.83984375,19623.583984375,35887278685,55.79152402439834,19520.21324022401,19719.277956470272,0.036347275524413414,20.0,19446.42578125,-0.04378348871122147,0.036347275524413414,0.03902268365244699,0.5579152402439834,0.04183512237936071,0.03131787050687085,-0.010094929271025621,-0.006270488433745084,0.017988014905568016,0.2,0
2022-10-05,20160.716796875,20343.748046875,19801.80078125,20335.900390625,33223790572,53.94201067418964,19618.752248939545,19751.977129833587,-0.008660486125090072,25.0,19141.484375,-0.05055536626718478,-0.008660486125090072,0.037512126754283504,0.5394201067418964,0.02762482246875564,0.020693607751501863,-0.006744888373367841,-0.07899515100568202,0.018130882594638777,0.25,0
2022-10-06,19955.443359375,20408.392578125,19900.087890625,20161.0390625,34711412966,51.78722775128662,19670.550881314233,19767.04870239221,-0.01018185214187517,26.0,19051.41796875,-0.04530219521283108,-0.01018185214187517,0.03331319739399885,0.5178722775128662,0.014483197739591391,0.009530742794193081,-0.004881751572064386,-0.04155286034992697,0.018016125377218695,0.26,0
2022-10-07,19546.849609375,20041.0859375,19395.79296875,19957.55859375,29227315390,47.70251675362461,19651.519916400506,19750.737658465012,-0.02047530303595302,23.0,19157.4453125,-0.019921588627163485,-0.02047530303595302,0.026398831741650808,0.4770251675362461,-0.005326321194023875,-0.010323059959364445,-0.0050234955159753625,-0.21940051745798708,0.019433611658482605,0.23,0
2022-10-08,19416.568359375,19601.6953125,19299.4140625,19546.328125,16437423167,46.44460880427838,19615.373523011967,19725.98437705094,-0.006665076603316944,24.0,19382.904296875,-0.0017337802374200594,-0.006665076603316944,-0.01054913109258604,0.4644460880427838,-0.010135170936395266,-0.015685707327027565,-0.005607368024059478,-0.7743787738138298,0.01894005946052867,0.24,1
2022-10-09,19446.42578125,19542.5390625,19349.259765625,19417.478515625,16837262532,46.79090562731876,19589.381562740895,19705.276332917536,0.0015377290838616275,22.0,19185.65625,-0.013409638058086268,0.0015377290838616275,-0.04378348871122151,0.4679090562731876,-0.007297615855459072,-0.01313610361480333,-0.005881408015732337,-0.7170690886523314,0.01877306261193039,0.22,1
2022-10-10,19141.484375,19515.466796875,19102.978515625,19446.416015625,27425022774,43.68407730346097,19520.47430308845,19663.513965664384,-0.01568110303046133,22.0,19067.634765625,-0.00385809208566146,-0.01568110303046133,-0.05055536626718482,0.43684077303460966,-0.019414995875816743,-0.026548133338523905,-0.007274369312916584,-0.2155362625818692,0.01929352976401302,0.22,1
2022-10-11,19051.41796875,19241.9609375,18925.603515625,19139.0,28711532910,42.780566285906595,19448.3117901133,19618.1735214485,-0.00470529894576166,24.0,19268.09375,0.011373210204374961,-0.00470529894576166,-0.045302195212831076,0.42780566285906596,-0.020407623327237334,-0.028889312864873395,-0.008658386630615245,-0.1434079454711934,0.019258601069251174,0.24,1
2022-10-12,19157.4453125,19203.19921875,19029.7578125,19052.646484375,24950173846,44.24258406708335,19403.563101249714,19584.045505970837,0.005565325579645286,20.0,19550.7578125,0.020530529701857918,0.005565325579645286,-0.019921588627163533,0.4424258406708335,-0.012684154320804275,-0.021783047498575958,-0.00921578765051867,-0.25910204450023544,0.018812094218341718,0.2,1
2022-10-13,19382.904296875,19453.328125,18319.822265625,19156.966796875,44219840004,47.324710020884005,19400.384823653603,19569.146157148924,0.011768739552548313,20.0,19334.416015625,-0.0025016004055603528,0.011768739552548313,-0.0017337802374201017,0.47324710020884003,-0.000901040208093673,-0.009517117342694448,-0.008623847568007936,0.3049908583351789,0.016298960465673282,0.2,1
2022-10-14,19185.65625,19889.146484375,19115.408203125,19382.533203125,38452356727,44.98201118278295,19367.349658476123,19540.739497360115,-0.010176392755898878,24.0,19139.53515625,-0.002403936208853945,-0.010176392755898878,-0.01340963805808626,0.4498201118278295,-0.009381428624985144,-0.01817143345102601,-0.008873248574211678,0.1465415107657754,0.009736221740264025,0.24,1
2022-10-15,19067.634765625,19212.541015625,19019.25,19185.4375,16192235532,43.5915345257632,19321.23967496057,19505.69470241677,-0.0061515479500473536,24.0,19053.740234375,-0.0007286971572923646,-0.0061515479500473536,-0.0038580920856614576,0.43591534525763204,-0.013125705886472105,-0.022458053582551707,-0.00945647054720633,-0.707496761413893,0.009685579934061307,0.24,1
2022-10-16,19268.09375,19389.603515625,19068.9140625,19068.9140625,17988916650,46.61031365791116,19313.06337881279,19488.09463186738,0.010513049302600663,24.0,19172.46875,-0.004962867694164089,0.010513049302600663,0.011373210204374873,0.4661031365791116,-0.0023284565441918925,-0.011288988791527621,-0.00898144515207644,-0.5616443946830257,0.01073233051234915,0.24,1
2022-10-17,19550.7578125,19635.802734375,19173.333984375,19268.5625,27472552998,50.623053784166636,19349.631753226204,19492.73634895128,0.014670058500208416,20.0,19208.189453125,-0.017521999027371463,0.014670058500208416,0.02053052970185787,0.5062305378416664,0.010394309402826929,0.0029765684257994085,-0.007341431862785908,-0.0876627676507534,0.01028153940483018,0.2,0
2022-10-18,19334.416015625,19666.994140625,19144.76953125,19550.466796875,30580012344,47.66992329189033,19347.290870518325,19481.008916853036,-0.011065647631146036,22.0,19567.0078125,0.012029936497023351,-0.011065647631146036,-0.002501600405560356,0.47669923291890326,-0.00066546034685111,-0.007524913204121519,-0.006864020590793496,0.05771605098940024,0.010687863228803296,0.22,1
2022-10-19,19139.53515625,19348.416015625,19127.6875,19335.02734375,22425387184,45.116720790510946,19315.328452938582,19455.714564215774,-0.010079479991405349,23.0,19345.572265625,0.010765000701060326,-0.010079479991405349,-0.0024039362088539296,0.45116720790510945,-0.009101232584105334,-0.01625123595035216,-0.007215674901779212,-0.21966520360882869,0.01108128607238497,0.23,1
2022-10-20,19053.740234375,19315.19921875,18971.458984375,19138.0859375,24493974420,43.99943321173207,19275.08411162111,19425.938687931273,-0.004482602172654282,23.0,20095.857421875,0.054693575890150344,-0.004482602172654282,-0.0007286971572924017,0.4399943321173207,-0.011483419525659011,-0.01915986967402039,-0.007765626090639577,-0.09593958726891422,0.010006510897374723,0.23,2
2022-10-21,19172.46875,19237.384765625,18770.970703125,19053.203125,32459287866,45.9926673256369,19259.297132910167,19407.1631369734,0.006231244583192241,23.0,20770.44140625,0.0833472557492107,0.006231244583192241,-0.004962867694164097,0.459926673256369,-0.004508387939131775,-0.012093183600145663,-0.007619145725710208,0.16045771460624858,0.010082789945080491,0.23,2
2022-10-22,19208.189453125,19248.068359375,19132.244140625,19172.380859375,16104440957,46.60839476959485,19251.434412943217,19392.424345577223,0.0018631248583989013,20.0,20285.8359375,0.056103491013812165,0.0018631248583989013,-0.017521999027371504,0.4660839476959485,-0.0022463240343868485,-0.00950035380667813,-0.007270361359752342,-0.5319677847610713,0.00995055138998831,0.2,2
2022-10-23,19567.0078125,19646.65234375,19124.197265625,19207.734375,22128794335,52.47031686053334,19299.984166721184,19405.35645423817,0.018680488353712166,23.0,20595.3515625,0.05255498233833498,0.018680488353712166,0.01202993649702333,0.5247031686053334,0.01383543341135196,0.008330244210820847,-0.005430061940138731,-0.19882572628482326,0.011017809966295597,0.23,2
2022-10-24,19345.572265625,19589.125,19206.32421875,19567.76953125,30202235805,48.902094650846394,19306.997720398696,19400.927995822378,-0.011316781236911488,22.0,20818.4765625,0.07613650693043557,-0.011316781236911488,0.010765000701060234,0.48902094650846395,0.0019979566882917243,-0.002853251669677759,-0.0048415351803742235,0.12279562309890986,0.011151437615124458,0.22,2
2022-10-25,20095.857421875,20348.412109375,19261.447265625,19344.96484375,47761524910,59.060854194665524,19428.360751395052,19452.404249604053,0.03878330120960949,20.0,20635.603515625,0.026858574999764313,0.03878330120960949,0.05469357589015034,0.5906085419466552,0.03435681882899044,0.033078336436692446,-0.0012360167874616579,0.55425193431102,0.015999785429737103,0.2,1
2022-10-26,20770.44140625,20938.134765625,20076.1171875,20092.236328125,58895950537,65.66949477947463,19634.834698295814,19550.036631577826,0.03356831063305088,33.0,20495.7734375,-0.013223983225862023,0.03356831063305088,0.08334725574921076,0.6566949477947464,0.057836326376241365,0.06242467969092891,0.004337488891505092,0.720677811800712,0.018315237484940124,0.33,1
2022-10-27,20285.8359375,20854.044921875,20255.373046875,20772.802734375,49625110402,58.37885117658728,19734.988735096456,19604.54028386836,-0.0233314959115013,32.0,20485.2734375,0.00983136709842574,-0.0233314959115013,0.05610349101381207,0.5837885117658729,0.027912212659332525,0.03475193214258887,0.006653991847767937,0.5144211381061868,0.020515216061383245,0.32,1
2022-10-28,20595.3515625,20724.98046875,20086.068359375,20287.95703125,43994715910,61.33166848163039,19867.352247004692,19677.933711915146,0.015257721000682789,30.0,20159.50390625,-0.021162428566822385,0.015257721000682789,0.05255498233833489,0.6133166848163039,0.036642996331082145,0.04662165570917387,0.009625936232057208,0.3485974183526198,0.020067633750861204,0.3,0
2022-10-29,20818.4765625,20988.39453125,20566.484375,20595.103515625,40369840645,63.35023932453875,20013.679064773198,19762.418367514023,0.01083375534148523,34.0,20209.98828125,-0.029228280917829527,0.01083375534148523,0.07613650693043561,0.6335023932453875,0.04021237150461543,0.05343770055601871,0.012714066294244875,0.22541195906140718,0.01921755037432476,0.34,0
2022-10-30,20635.603515625,20917.005859375,20547.462890625,20817.982421875,31486345556,60.55988253888134,20109.35974951963,19827.098748855577,-0.008784170461560437,34.0,21147.23046875,0.02479340876740547,-0.008784170461560437,0.026858574999764295,0.6055988253888134,0.026169096015995263,0.040777764664943206,0.014236122200195656,-0.029399236737951223,0.019587716219320147,0.34,1
2022-10-31,20495.7734375,20795.3203125,20287.458984375,20633.6953125,45668466815,58.440256840333674,20168.80800920892,19876.63020727368,-0.006776156462742766,31.0,21282.69140625,0.03839415824680317,-0.006776156462742766,-0.013223983225862046,0.5844025684033367,0.01621144036582578,0.03114930568058516,0.014699564206226423,0.3166435203178659,0.020155064526926256,0.31,2
2022-11-01,20485.2734375,20647.2890625,20359.845703125,20494.8984375,39819303159,58.27531449700277,20217.494998176775,19921.714890994146,-0.0005123007449325812,30.0,20926.486328125,0.02153805229747742,-0.0005123007449325812,0.009831367098425803,0.5827531449700277,0.01324488713104044,0.02828865635260236,0.014847120782575773,0.15748949889125344,0.02023457447748258,0.3,1
2022-11-02,20159.50390625,20742.810546875,20087.134765625,20482.958984375,55552169483,53.25335859618676,20208.5732917265,19939.32889212421,-0.015902620594443806,30.0,20602.81640625,0.0219902484734538,-0.015902620594443806,-0.021162428566822378,0.5325335859618676,-0.002428146943782017,0.011042247977200326,0.013503182632623068,0.4739406432869801,0.020892736002052655,0.3,1
2022-11-03,20209.98828125,20382.095703125,20086.240234375,20162.689453125,43228750179,53.916137001960266,20208.790982422423,19959.37773576316,0.0025042468919260763,30.0,18541.271484375,-0.0825689146204586,0.0025042468919260763,-0.029228280917829474,0.5391613700196026,5.9246435307303e-05,0.012556029992748519,0.012496043211425611,0.21624203519272334,0.02027505741193445,0.3,0
2022-11-04,21147.23046875,21209.560546875,20188.01953125,20208.76953125,64072727950,64.09414408057643,20353.166288011278,20047.366827095517,0.0463751969796804,30.0,15880.7802734375,-0.24903734808654576,0.0463751969796804,0.024793408767405545,0.6409414408057643,0.03901428256921635,0.05486324718555724,0.015253846729758491,0.5432659184324707,0.021784685267315158,0.3,0
2022-11-05,21282.69140625,21446.88671875,21097.634765625,21144.83203125,37846047609,65.28743811657934,20496.170152355695,20138.87235147733,0.006405611254872046,38.0,17586.771484375,-0.1736584838508552,0.006405611254872046,0.038394158246803256,0.6528743811657933,0.03837405954613948,0.05679657901445334,0.01774169847459972,-0.009554534379119987,0.019438676707725925,0.38,0
2022-11-06,20926.486328125,21345.376953125,20920.19140625,21285.056640625,35082693210,59.67152906545177,20562.372640935588,20197.21412752531,-0.01673684363155281,40.0,17034.29296875,-0.18599363975135802,-0.01673684363155281,0.021538052297477517,0.5967152906545177,0.01770776619739567,0.036107563943970744,0.018079647574396507,-0.0952823602822731,0.018552596171408215,0.4,0
2022-11-07,20602.81640625,21053.24609375,20489.97265625,20924.62109375,53510852236,55.03870738666784,20568.594758676267,20227.258740764173,-0.015466997985227438,33.0,16799.185546875,-0.1846170341168086,-0.015466997985227438,0.021990248473453766,0.5503870738666784,0.00166378150647839,0.018566908660191395,0.016875050756343768,0.29761605557749304,0.018887208218213238,0.33,0
2022-11-08,18541.271484375,20664.607421875,17603.544921875,20600.671875,118992465607,35.91335232023408,20256.698870322223,20102.370795846455,-0.10006131594948431,31.0,16353.365234375,-0.11800195320174134,-0.10006131594948431,-0.08256891462045857,0.3591335232023408,-0.08468444917550066,-0.07765747270933876,0.00767710814028244,0.9821162064257495,0.03639091127397194,0.31,0
2022-11-09,15880.7802734375,18590.458984375,15682.6923828125,18543.76171875,102905151606,24.217637605800718,19583.48062464765,19789.660386779127,-0.14349022466876316,29.0,16618.19921875,0.046434679695551304,-0.14349022466876316,-0.24903734808654576,0.24217637605800718,-0.1890726384231184,-0.1975213337138939,-0.010418559899553315,0.7525461444620797,0.055458700905701715,0.29,2
2022-11-10,17586.771484375,18054.3125,15834.0185546875,15883.158203125,83202283721,38.13129983675217,19276.294603067243,19626.48343104549,0.10742489862358795,22.0,16884.61328125,-0.03992536115846128,0.10742489862358795,-0.17365848385085514,0.3813129983675217,-0.0876477120464535,-0.10392651102459038,-0.017842668005635276,0.48900821089043117,0.06947124897702756,0.22,0
2022-11-11,17034.29296875,17650.943359375,16543.482421875,17583.251953125,55871616488,35.83661231901455,18931.371274710742,19434.469322727306,-0.03141443647663533,25.0,16669.439453125,-0.021418764858297107,-0.03141443647663533,-0.18599363975135796,0.3583661231901455,-0.10020818240963525,-0.12350099784666935,-0.025886894036680652,0.05255984295291722,0.06954397475078271,0.25,0
2022-11-12,16799.185546875,17066.67578125,16651.775390625,17036.875,29717699419,34.87480223693069,18603.34270119755,19239.263117108614,-0.013802006476365758,21.0,16687.517578125,-0.006647225154958336,-0.013802006476365758,-0.18461703411680863,0.3487480223693069,-0.09698026764869583,-0.12682801598902005,-0.03305326259328345,-0.5858862275283392,0.06954759564540185,0.21,1
2022-11-13,16353.365234375,16920.765625,16320.634765625,16799.72265625,27209183682,33.0627150598483,18257.192321686387,19025.49290357279,-0.026538209918333333,22.0,16697.77734375,0.02106062602032767,-0.026538209918333333,-0.11800195320174134,0.330627150598483,-0.1042781964371362,-0.14044985235026386,-0.04038268999286343,-0.6712675558984055,0.06930304525194123,0.22,1
2022-11-14,16618.19921875,17109.32421875,15872.94140625,16352.0283203125,49630243054,35.21615421352979,18005.03953661925,18847.17485284518,0.016194463988263186,24.0,16711.546875,0.005617194439736744,0.016194463988263186,0.04643467969555126,0.35216154213529793,-0.07702511927555877,-0.1182657693526249,-0.04468231036222392,-0.07197515574871449,0.06676336857514616,0.24,1
2022-11-15,16884.61328125,17051.962890625,16542.55078125,16617.484375,36599436183,37.39798438338314,17832.666266562443,18701.799921615908,0.016031463998783302,22.0,16291.83203125,-0.035107777721996795,0.016031463998783302,-0.03992536115846124,0.37397984383383137,-0.05316383826966531,-0.09716640366072826,-0.04647326239700078,-0.3554184639422389,0.06728177280371538,0.22,0
2022-11-16,16669.439453125,16960.294921875,16430.111328125,16884.341796875,33925512989,36.333644909642935,17653.708295264376,18551.254701727692,-0.0127437818409466,23.0,15787.2841796875,-0.0529205121694793,-0.0127437818409466,-0.02141876485829708,0.36333644909642937,-0.0557542260060685,-0.1014387047592763,-0.04838197851812831,-0.41613745749685377,0.06732031151621923,0.23,0
2022-11-17,16687.517578125,16726.439453125,16460.68359375,16670.42578125,27868914022,36.497165973123785,17505.063569550628,18413.200099979345,0.0010845070736082985,20.0,16189.76953125,-0.029827566895119142,0.0010845070736082985,-0.006647225154958303,0.36497165973123785,-0.04670340031485043,-0.09371985925772242,-0.049319864309177674,-0.5969926153263414,0.06765733128741616,0.2,0
2022-11-18,16697.77734375,16947.05859375,16564.611328125,16687.912109375,26862218609,36.5966937627943,17380.865688658225,18286.13174766606,0.0006148167681003791,23.0,16610.70703125,-0.00521448518012432,0.0006148167681003791,0.021060626020327655,0.365966937627943,-0.039301169294114646,-0.0868611484284415,-0.04950560739142529,-0.6203538507675884,0.06141280694981864,0.23,1
2022-11-19,16711.546875,16797.876953125,16570.41015625,16696.220703125,16106223492,36.73999399037514,17277.893563480036,18169.495831172277,0.0008246325823211276,23.0,16604.46484375,-0.0064076672285910095,0.0008246325823211276,0.005617194439736739,0.3673999399037514,-0.03277868835105646,-0.08024157465453519,-0.04907138183562443,-1.116354443841517,0.03911947251385924,0.23,1
2022-11-20,16291.83203125,16746.779296875,16248.6923828125,16712.919921875,21313378652,34.20245833343954,17126.191789290802,18030.40962377063,-0.025115259939095247,24.0,16521.841796875,0.014118103181017904,-0.025115259939095247,-0.0351077777219968,0.3420245833343954,-0.048718347213800084,-0.09642474180001726,-0.0501496002224896,-0.8111541839948999,0.017113551201685506,0.24,1
2022-11-21,15787.2841796875,16291.2236328125,15599.046875,16291.2236328125,37429485518,31.395279134624587,16920.206003197985,17864.252183468176,-0.030969374751391165,21.0,16464.28125,0.042882427566835676,-0.030969374751391165,-0.05292051216947935,0.3139527913462459,-0.06695673937399804,-0.11626392095509774,-0.052845547105734636,-0.2455361144300256,0.01704484953571607,0.21,2
2022-11-22,16189.76953125,16253.0478515625,15656.6064453125,15782.30078125,30726828760,35.91393066742572,16807.831161359834,17740.216431452016,0.025494274188105903,22.0,16444.626953125,0.015741880783606353,0.025494274188105903,-0.029827566895119118,0.3591393066742572,-0.03677224171139459,-0.08739729338663504,-0.0525577167389647,-0.4165734953408448,0.019733392266591793,0.22,1
2022-11-23,16610.70703125,16638.193359375,16170.5029296875,16195.5888671875,32958875628,40.3397353763089,16777.50437211217,17656.549068474087,0.02600021570334854,22.0,16217.322265625,-0.023682602124335747,0.02600021570334854,-0.005214485180124351,0.403397353763089,-0.009941725370039123,-0.05923252800806056,-0.04978575898115101,-0.3353699543221429,0.01991488215257584,0.22,0
2022-11-24,16604.46484375,16771.474609375,16501.767578125,16611.63671875,26129037414,40.2952940699705,16750.882906210296,17578.61690367971,-0.0003757930043709612,20.0,16444.982421875,-0.009604791444695669,-0.0003757930043709612,-0.006407667228590985,0.402952940699705,-0.008740916122457754,-0.05541687752042612,-0.04708754972048723,-0.5255510110448538,0.01925721617818927,0.2,1
2022-11-25,16521.841796875,16603.31640625,16388.404296875,16602.26953125,18678255976,39.67229107679007,16715.645812466406,17500.33726613862,-0.004975953615638518,20.0,17168.56640625,0.039143614696596586,-0.004975953615638518,0.014118103181017805,0.39672291076790067,-0.01159416858706519,-0.055912949241093135,-0.0448386474922694,-0.8393138282825248,0.018453357686778443,0.2,2
2022-11-26,16464.28125,16666.86328125,16416.228515625,16521.576171875,18000008764,39.217383875974654,16676.974341317728,17423.59237605428,-0.0034839061881034583,22.0,16967.1328125,0.03054196869359238,-0.0034839061881034583,0.04288242756683558,0.39217383875974654,-0.012753697820999443,-0.05505817086106113,-0.04285098150956801,-0.8563487523483485,0.018083865689315068,0.22,2
2022-11-27,16444.626953125,16594.40625,16437.025390625,16463.8828125,20443898509,39.05271782258388,16641.228589288075,17351.076418800258,-0.0011937537130568554,26.0,17088.66015625,0.03916374661224001,-0.0011937537130568554,0.015741880783606277,0.3905271782258388,-0.01181412989481001,-0.05224168482671776,-0.04091088139886512,-0.6892444980995086,0.018067768054012084,0.26,2
2022-11-28,16217.322265625,16482.93359375,16054.5302734375,16440.22265625,27743025156,37.11194485164764,16576.012231801447,17267.094629676165,-0.013822428939733733,28.0,16908.236328125,0.04260346135961632,-0.013822428939733733,-0.023682602124335705,0.37111944851647644,-0.021639098786877864,-0.060796120399257525,-0.040023085104716194,-0.26513675444905105,0.01846853012179435,0.28,2
2022-11-29,16444.982421875,16522.2578125,16139.396484375,16217.6396484375,23581685468,40.31141509654572,16555.853799505072,17206.1974290983,0.014038085481754337,26.0,17130.486328125,0.04168468464509561,0.014038085481754337,-0.009604791444695615,0.4031141509654572,-0.006696808208911942,-0.04424074583358961,-0.03779705726806315,-0.31149268299335886,0.019211373482134003,0.26,2
2022-11-30,17168.56640625,17190.9375,16445.4765625,16445.4765625,29523576583,49.1639614824739,16650.11727746583,17203.40994592435,0.044000289316970864,29.0,16974.826171875,-0.011284590092768101,0.044000289316970864,0.03914361469659666,0.491639614824739,0.031137866487333188,-0.002025385652255851,-0.0321618022355854,0.00025817835981437737,0.021980677683179767,0.29,1
2022-12-01,16967.1328125,17197.498046875,16888.388671875,17168.001953125,22895392882,47.071014968976996,16698.888898240315,17185.907936041065,-0.011732697360023692,27.0,17089.50390625,0.007212243524129602,-0.011732697360023692,0.03054196869359238,0.47071014968977,0.016063578594618377,-0.012729913621977729,-0.028338278059747313,-0.19651265569825932,0.019088701348361877,0.27,1
2022-12-02,17088.66015625,17088.66015625,16877.880859375,16968.68359375,19539705127,48.49558085989937,16758.853707164883,17178.704396797282,0.007162515027905547,27.0,16848.126953125,-0.014075603407504566,0.007162515027905547,0.03916374661224009,0.4849558085989937,0.019679535059376807,-0.005241620000404068,-0.02444018360957856,-0.3365693654652066,0.0180069910506497,0.27,1
2022-12-03,16908.236328125,17116.041015625,16888.140625,17090.09765625,16217776704,46.49480703887576,16781.835648851054,17158.66972504378,-0.010558102652595158,27.0,17233.474609375,0.019235494166177564,-0.010558102652595158,0.042603461359616235,0.46494807038875763,0.007531993633997924,-0.01459515224267427,-0.021961730264131174,-0.502617522894403,0.01708386654575025,0.27,1
2022-12-04,17130.486328125,17157.767578125,16903.439453125,16908.169921875,16824520830,49.27121239528006,16835.4742148932,17156.582066012757,0.013144481522908036,26.0,17133.15234375,0.00015562988545298387,0.013144481522908036,0.04168468464509556,0.4927121239528006,0.017523243448100967,-0.001521033606073141,-0.01871630665618851,-0.4027513616856029,0.01741502636932553,0.26,1
2022-12-05,16974.826171875,17378.15234375,16922.431640625,17128.89453125,22209086834,47.415430174077585,16856.91297750578,17143.118666446997,-0.00908673304822849,26.0,17128.724609375,0.009066274725981522,-0.00908673304822849,-0.011284590092768054,0.47415430174077583,0.006994945902999206,-0.009816912421039437,-0.016695077162441008,-0.09608249229707722,0.017677517650778535,0.26,1
2022-12-06,17089.50390625,17091.86328125,16939.921875,16975.23828125,19889922369,48.941205690649184,16892.696197312584,17139.1472027287,0.006755753090715411,25.0,17104.193359375,0.0008595599501064364,0.006755753090715411,0.007212243524129525,0.48941205690649187,0.01165046163375183,-0.0028964857989433046,-0.01437942054531638,-0.1772468432354241,0.017566284616233857,0.25,1
2022-12-07,16848.126953125,17109.376953125,16750.55859375,17089.505859375,19675404389,45.92094445976027,16885.83939051449,17117.590147202503,-0.01412428087141393,29.0,17206.4375,0.02126708493305485,-0.01412428087141393,-0.014075603407504578,0.4592094445976027,-0.0022333765303178543,-0.01574188841771873,-0.013538749011693496,-0.17068853553874014,0.018434933763761575,0.29,1
2022-12-08,17233.474609375,17267.916015625,16788.783203125,16847.349609375,20496603770,51.108306164231365,16939.321731877648,17126.174181437505,0.022871839541696026,25.0,17781.318359375,0.0317895121220635,0.022871839541696026,0.019235494166177647,0.5110830616423137,0.017365091835040536,0.006265288838051886,-0.010910343873670292,-0.11606660831851355,0.018459754577581648,0.25,2
2022-12-09,17133.15234375,17280.546875,17100.8359375,17232.1484375,20328426366,49.76982327144271,16969.141826011855,17126.691082349542,-0.005821360340788395,26.0,17815.650390625,0.03983493715468936,-0.005821360340788395,0.0001556298854530347,0.4976982327144271,0.009665221695933646,0.0003772626813545177,-0.009199048174580171,-0.1334348640571798,0.0185962121858311,0.26,2
2022-12-10,17128.724609375,17216.826171875,17120.68359375,17134.220703125,12706781969,49.70794814709452,16993.69302345234,17126.841713981055,-0.00025843080632004245,27.0,17364.865234375,0.01378623513339423,-0.00025843080632004245,0.009066274725981538,0.4970794814709452,0.00794598241455291,0.00010993827264771383,-0.0077742699297573825,-0.5846209414881002,0.01228240730578388,0.27,1
2022-12-11,17104.193359375,17245.634765625,17091.8203125,17129.7109375,14122486832,49.34194145810778,17010.69307513275,17125.16405808431,-0.0014321702613265819,26.0,16647.484375,-0.02670157982777204,-0.0014321702613265819,0.0008595599501064477,0.49341941458107785,0.005496559360002484,-0.00122455461671378,-0.006684372924154358,-0.4265239301241319,0.011618450976619642,0.26,0
2022-12-12,17206.4375,17212.564453125,16899.39453125,17102.5,19617581341,50.96260914889435,17040.807602035402,17131.184313041027,0.005977723618808328,27.0,16795.091796875,-0.023906500292405094,0.005977723618808328,0.02126708493305496,0.5096260914889436,0.00971960377892045,0.0043927603359965595,-0.005275567021763128,-0.0718559824105785,0.011552956976370769,0.27,0
2022-12-13,17781.318359375,17930.0859375,17111.763671875,17206.44140625,26634741631,58.92044945117461,17154.732333933804,17179.34239054725,0.033410801008343594,27.0,16757.9765625,-0.05755151424615569,0.033410801008343594,0.03178951212206349,0.5892044945117462,0.03652554952441589,0.035040687538714144,-0.0014325377569158748,0.24904889497527136,0.01470842801989909,0.27,0
2022-12-14,17815.650390625,18318.53125,17739.513671875,17782.06640625,25534481470,59.34476667054983,17256.412034963218,17226.476316478933,0.0019307922256450727,30.0,16439.6796875,-0.07723381818544593,0.0019307922256450727,0.03983493715468933,0.5934476667054983,0.03240756853329119,0.034201659313370936,0.001737773757924499,0.2082950093243383,0.014455977926170642,0.3,0
2022-12-15,17364.865234375,17846.744140625,17322.58984375,17813.64453125,20964448341,51.78172826952807,17273.097142565028,17236.727347434196,-0.02530276169357326,31.0,16906.3046875,-0.026407377234765196,-0.02530276169357326,0.013786235133394165,0.5178172826952807,0.005312775760626831,0.007434003239592757,0.00211001742951189,0.005595096437145969,0.016808057747702183,0.31,0
2022-12-16,16647.484375,17505.525390625,16584.701171875,17364.546875,24031608960,42.49931902668131,17176.8490244781,17193.07971984648,-0.04131220425223303,29.0,16817.53515625,0.010214803475374939,-0.04131220425223303,-0.026701579827771993,0.42499319026681315,-0.030818495797670487,-0.03173342727054784,-0.0009440249003001,0.12777464888370227,0.02161122293547395,0.29,1
2022-12-17,16795.091796875,16800.58984375,16614.029296875,16646.982421875,14463581825,44.69608182313758,17118.11714330839,17163.599132959702,0.008866650272798315,28.0,16830.341796875,0.0020988274685440444,0.008866650272798315,-0.023906500292405042,0.44696081823137584,-0.018870378309080782,-0.021470283314706906,-0.0026499098061530946,-0.3657220680696988,0.021448390499920755,0.28,1
2022-12-18,16757.9765625,16815.38671875,16697.8203125,16795.609375,10924354698,44.23842647295133,17062.7109001071,17133.553016629354,-0.0022098857704312413,26.0,16796.953125,0.0023258513553014166,-0.0022098857704312413,-0.05755151424615568,0.4423842647295133,-0.01785966716491616,-0.02192052365115571,-0.004134700867560626,-0.6051929181613009,0.019871227870378778,0.26,1
2022-12-19,16439.6796875,16807.52734375,16398.13671875,16759.041015625,17221074814,40.41641706556799,16966.859944321393,17082.1549922494,-0.01899375344110854,29.0,16847.755859375,0.024822635211395445,-0.01899375344110854,-0.07723381818544595,0.4041641706556799,-0.03107117395625314,-0.03761090477407025,-0.006749443965373247,-0.13403172034405644,0.020532956350903273,0.29,1
2022-12-20,16906.3046875,17012.984375,16427.8671875,16441.787109375,22722096615,47.56809617230312,16957.543750964254,17069.129043749446,0.028384068842582266,29.0,16841.986328125,-0.003804400817557429,0.028384068842582266,-0.02640737723476516,0.4756809617230312,-0.003021608802356246,-0.009539113321606285,-0.006537257554219078,0.16059357152022152,0.02295704476712392,0.29,1
2022-12-21,16817.53515625,16916.80078125,16755.912109375,16904.52734375,14882945045,46.42646035684997,16936.00396716206,17050.49245949023,-0.005250676176186131,26.0,16919.8046875,0.006081124867575673,-0.005250676176186131,0.010214803475374845,0.46426460356849975,-0.006995086393565164,-0.013662790314925233,-0.006714673643601676,-0.24160813355493135,0.022995498681533756,0.26,1
2022-12-22,16830.341796875,16866.673828125,16592.408203125,16818.380859375,16441573050,46.625482663489194,16919.74824865636,17034.185003000213,0.0007615052090579333,28.0,16717.173828125,-0.006724044592547291,0.0007615052090579333,0.002098827468544062,0.46625482663489193,-0.005284147876636447,-0.01196671317643383,-0.006718064546304858,-0.1338030743070635,0.022867094766308684,0.28,1
2022-12-23,16796.953125,16905.21875,16794.458984375,16829.64453125,15329265213,46.14418144066867,16900.856691170768,17016.612271296493,-0.001983838015767403,27.0,16552.572265625,-0.014549118376193599,-0.001983838015767403,0.0023258513553015003,0.4614418144066867,-0.0061478283657092625,-0.012908512152387308,-0.00680250441628627,-0.20148595405868794,0.01923234487595335,0.27,1
2022-12-24,16847.755859375,16864.703125,16793.52734375,16796.9765625,9744636213,47.039988179451385,16892.687332432957,17004.10438893194,0.003024520816182319,29.0,16642.341796875,-0.012192369370410632,0.003024520816182319,0.024822635211395383,0.47039988179451386,-0.0026598179539907285,-0.009194752395116357,-0.006552362532631029,-0.6354736005680308,0.019282412963303013,0.29,1
2022-12-25,16841.986328125,16860.5546875,16755.25390625,16847.505859375,11656379938,46.9444879476878,16884.88717792404,16992.095643686982,-0.000342451024228807,29.0,16602.5859375,-0.014214498572844536,-0.000342451024228807,-0.0038044008175573962,0.46944487947687796,-0.0025407839180074943,-0.008834067245716781,-0.00630931393107903,-0.4272371933225578,0.017992411844977126,0.29,1
2022-12-26,16919.8046875,16920.123046875,16812.369140625,16842.25,11886957804,48.4642379329088,16890.259102474185,16986.740758043503,0.004620497716771643,28.0,16547.49609375,-0.02200430800628886,0.004620497716771643,0.006081124867575616,0.484642379329088,0.0017492677197288309,-0.003940489320284013,-0.005679821511588856,-0.385001607800164,0.011944948375952481,0.28,0
2022-12-27,16717.173828125,16959.845703125,16642.072265625,16919.291015625,15748580239,44.86080149943664,16863.630598728156,16966.7728373088,-0.011975957353969946,27.0,16625.080078125,-0.005508930573244464,-0.011975957353969946,-0.006724044592547274,0.4486080149943664,-0.008684771037038796,-0.014711047974600544,-0.006079072288505016,-0.0923903362385399,0.012364156951639019,0.27,1
2022-12-28,16552.572265625,16768.169921875,16497.556640625,16716.400390625,17005713920,42.12107047536526,16815.775470558438,16936.09131348037,-0.009846255365429935,28.0,16688.470703125,0.008210109904321188,-0.009846255365429935,-0.014549118376193548,0.4212107047536526,-0.015652159806383126,-0.02264507440096919,-0.007104109247814905,-0.005434661698451809,0.0127193116879996,0.28,1
2022-12-29,16642.341796875,16651.755859375,16508.68359375,16552.322265625,14472237479,44.125248032678755,16789.093366914833,16914.33209002812,0.0054232979508825885,28.0,16679.857421875,0.0022542275274651828,0.0054232979508825885,-0.012192369370410683,0.44125248032678754,-0.008740887124317642,-0.016080463106992737,-0.007404296099112528,-0.1494786006026598,0.011164015804129315,0.28,1
2022-12-30,16602.5859375,16643.427734375,16408.474609375,16641.330078125,15929162910,43.40836873042935,16760.399916235627,16891.239782433448,-0.002388838052975517,28.0,16863.23828125,0.015699502760065143,-0.002388838052975517,-0.014214498572844514,0.43408368730429353,-0.009415883840740213,-0.017088967337592464,-0.007746019113048841,-0.06310075488103924,0.005830384347176896,0.28,1
2022-12-31,16547.49609375,16628.986328125,16517.51953125,16603.673828125,11239186456,42.38086414668838,16727.64548200707,16865.777286975415,-0.0033181483870876605,25.0,16836.736328125,0.017479395839485722,-0.0033181483870876605,-0.02200430800628883,0.4238086414668838,-0.01076956039335275,-0.01887142156627475,-0.008190064567911715,-0.40331262058273887,0.005734383805624996,0.25,1
2023-01-01,16625.080078125,16630.439453125,16521.234375,16547.9140625,9244361700,44.377709328821446,16711.866189102137,16847.94786409761,0.0046885633896178724,26.0,16951.96875,0.01966238179538844,0.0046885633896178724,-0.005508930573244419,0.44377709328821446,-0.0051930831658842935,-0.013228185875831966,-0.008077047489294387,-0.5673886473987635,0.00604056400514542,0.26,1
2023-01-02,16688.470703125,16759.34375,16572.228515625,16625.509765625,12097775227,46.023667022359206,16708.266883567194,16836.1347410626,0.0038129515588565255,27.0,16955.078125,0.01597554543000015,0.0038129515588565255,0.00821010990432125,0.46023667022359205,-0.0011848135165750673,-0.008770661449831185,-0.007594846409938905,-0.25277525147818014,0.006233110942599569,0.27,1
2023-01-03,16679.857421875,16760.447265625,16622.37109375,16688.84765625,13903079207,45.82523908607061,16703.89619715301,16824.558643345,-0.000516121662866742,26.0,17091.14453125,0.024657711332448956,-0.000516121662866742,0.002254227527465291,0.4582523908607061,-0.0014391118691283733,-0.008600595387816434,-0.007171804547735805,-0.07563654600031718,0.006101617192355415,0.26,1
2023-01-04,16863.23828125,16964.5859375,16667.763671875,16680.205078125,18421743322,50.6988280508087,16728.410363937164,16827.423801708333,0.010994150293785143,29.0,17196.5546875,0.01976585995470454,0.010994150293785143,0.015699502760065043,0.506988280508087,0.008059816466691627,0.0021283400218417015,-0.005884052065124656,0.21429918137032206,0.007190161627636937,0.29,1
2023-01-05,16836.736328125,16884.021484375,16790.283203125,16863.47265625,13692758566,49.99879269671043,16745.07589688914,16828.11361847994,-0.0015715814888571655,29.0,17446.29296875,0.03620396665633847,-0.0015715814888571655,0.017479395839485656,0.4999879269671043,0.005473873740571733,0.0005123990626965114,-0.00493446404471698,-0.046978510580812836,0.007027113122864084,0.29,2
2023-01-06,16951.96875,16991.994140625,16716.421875,16836.47265625,14413662913,53.03530504095449,16776.905566598503,16837.28807266661,0.006844106816741524,26.0,17934.896484375,0.05798310207332113,0.006844106816741524,0.019662381795388484,0.530353050409545,0.010434771937325227,0.006811113335974728,-0.003586237035768991,0.004504870272814052,0.0060562615416148505,0.26,2
2023-01-07,16955.078125,16975.017578125,16914.19140625,16952.1171875,7714767174,53.11803892747977,16804.3167294295,16846.013261728345,0.00018342264818071996,25.0,18869.587890625,0.11291659947010713,0.00018342264818071996,0.015975545430000127,0.5311803892747977,0.008971587360435018,0.006474223994553885,-0.002475157276147444,-0.6092882736516672,0.004652384291422655,0.25,2
2023-01-08,17091.14453125,17091.14453125,16924.05078125,16954.146484375,9768827914,56.71175983486405,16848.444083555733,16864.171133544765,0.008025112314249405,25.0,19909.57421875,0.16490584830914584,0.008025112314249405,0.024657711332448873,0.5671175983486405,0.014404917539605044,0.01345891214622208,-0.0009325717738803974,-0.3466153275242144,0.0049051870269701345,0.25,2
2023-01-09,17196.5546875,17389.95703125,17093.9921875,17093.9921875,18624736866,59.31373206445423,16901.99956108562,16888.792137541448,0.006167530562816603,25.0,20976.298828125,0.21979659352186734,0.006167530562816603,0.01976585995470459,0.5931373206445423,0.017427235478845393,0.018222886956755113,0.0007820229792996347,0.31361840386163375,0.0046639958670439,0.25,2
2023-01-10,17446.29296875,17484.720703125,17162.990234375,17192.94921875,15808338949,64.72379080816177,16985.737008418604,16930.08849540875,0.014522576515372032,26.0,20880.798828125,0.1968616407810488,0.014522576515372032,0.036203966656338515,0.6472379080816176,0.027114275942405675,0.03049035883546858,0.003286959369701359,0.14627166064804964,0.005140801288412981,0.26,2
2023-01-11,17934.896484375,17934.896484375,17337.994140625,17446.359375,18372283782,72.44396370297761,17131.76154318113,17004.518716813654,0.02800615102017323,26.0,21169.6328125,0.18035991068825646,0.02800615102017323,0.057983102073321025,0.7244396370297761,0.04687988092581996,0.05471356073379541,0.007482883137507335,0.28953367698307725,0.008806387504830938,0.26,2
2023-01-12,18869.587890625,19030.087890625,17995.203125,18117.59375,34971338710,81.0070984751068,17399.11944278788,17142.67198894783,0.052115795988246116,30.0,21161.51953125,0.12146166911062764,0.052115795988246116,0.11291659947010713,0.810070984751068,0.0845139578857621,0.1007378489648838,0.01495959638062172,0.8642471288684916,0.016423039358256213,0.3,2
2023-01-13,19909.57421875,19964.322265625,18753.1640625,18868.90625,29225029694,86.16038338755328,17785.34325447436,17347.627709673918,0.05511441660269112,31.0,20688.78125,0.03913730262077506,0.05511441660269112,0.1649058483091459,0.8616038338755329,0.11943716429207729,0.14768281588423826,0.025232011669027665,0.6207378650433661,0.020458863017911548,0.31,2
2023-01-14,20976.298828125,21075.142578125,19907.828125,19910.537109375,38967784639,89.35177118632876,18276.259496574457,17616.418162892518,0.05357847423830919,46.0,21086.79296875,0.00526757086797646,0.05357847423830919,0.2197965935218673,0.8935177118632877,0.14773478851384292,0.19072439324299095,0.03745604399149882,0.8250954797368799,0.023091768743226784,0.46,1
2023-01-15,20880.798828125,20993.748046875,20606.986328125,20977.484375,19298407543,87.4084495837036,18676.95785527454,17858.224138094924,-0.004552757413617381,52.0,22676.552734375,0.0860002493693509,-0.004552757413617381,0.19686164078104884,0.874084495837036,0.11799785542847796,0.1692539340226087,0.0458463120883954,0.10091282428355734,0.023450631704309534,0.52,2
2023-01-16,21169.6328125,21360.875,20715.74609375,20882.224609375,26792494050,88.24141358187164,19060.446310232302,18103.513669532334,0.013832516023570829,45.0,22777.625,0.07595749070104472,0.013832516023570829,0.18035991068825652,0.8824141358187164,0.1106577709639156,0.1693659694431502,0.05285894540519265,0.3978508809932898,0.02304947650927318,0.45,2
2023-01-17,21161.51953125,21438.66015625,20978.533203125,21175.833984375,24999983362,88.0651818205543,19383.688344235026,18330.03262225216,-0.00038325091993141047,51.0,22720.416015625,0.07366656643313917,-0.00038325091993141047,0.12146166911062761,0.8806518182055431,0.0917178998879089,0.1544725515414791,0.05748247936578976,0.3066387391309646,0.023111595563338454,0.51,2
2023-01-18,20688.78125,21564.501953125,20541.544921875,21161.05078125,30005625418,78.25789631744814,19584.471868198867,18504.754742826073,-0.022339524368838015,52.0,22934.431640625,0.10854435374848385,-0.022339524368838015,0.03913730262077508,0.7825789631744814,0.05638698808081233,0.11802515286081428,0.058348091632577814,0.44780009059567477,0.026925484678483276,0.52,2
2023-01-19,21086.79296875,21163.01171875,20685.380859375,20686.74609375,21152848261,80.25191549162322,19815.59819136058,18696.01683363525,0.019238045679950355,45.0,22636.46875,0.07349034931706179,0.019238045679950355,0.005267570867976357,0.8025191549162323,0.06415121890913444,0.12787622927326425,0.05988341622110305,0.08466032541175889,0.026514753919961345,0.45,2
2023-01-20,22676.552734375,22692.357421875,20919.126953125,21085.373046875,28799154319,85.83860126005891,20255.74504413203,18990.87134480116,0.07539125404137925,51.0,23117.859375,0.01946092273346428,0.07539125404137925,0.0860002493693508,0.8583860126005891,0.11951215247667557,0.19407647614772627,0.06660430036966858,0.34904802215147807,0.03141797591390792,0.51,1
2023-01-21,22777.625,23282.34765625,22511.833984375,22677.427734375,32442278429,86.10768598294605,20643.726575804023,19271.37161555663,0.004457126566322689,53.0,23032.77734375,0.01120188534801148,0.004457126566322689,0.07595749070104474,0.8610768598294605,0.10336788836842392,0.1819410395061336,0.07121210610352069,0.4126360499826517,0.032206833852845215,0.53,1
2023-01-22,22720.416015625,23056.73046875,22387.900390625,22777.986328125,24746386230,85.12176876751585,20963.217258853405,19526.856385932064,-0.002511630794474806,53.0,23078.728515625,0.015770507888305647,-0.002511630794474806,0.07366656643313907,0.8512176876751585,0.08382295212961544,0.16354704344492976,0.07355822383966282,0.11282694343797729,0.03165783493372005,0.53,1
2023-01-23,22934.431640625,23126.486328125,22654.3046875,22721.087890625,26518700512,85.77780971033522,21266.48100989519,19779.26936776117,0.009419529327844067,50.0,23031.08984375,0.004214545389203545,0.009419529327844067,0.10854435374848381,0.8577780971033522,0.07843096513963554,0.15951864622494716,0.07519042359360695,0.15386287621868025,0.02908870397116822,0.5,1
2023-01-24,22636.46875,23134.01171875,22549.744140625,22929.626953125,26405069715,80.45852671330138,21477.248354526702,19990.91376644553,-0.012991945703908492,52.0,23774.56640625,0.050277173035215575,-0.012991945703908492,0.07349034931706178,0.8045852671330138,0.053974344214768655,0.1323378718182957,0.07435050770795493,0.1321651494388358,0.02669984218569111,0.52,2
2023-01-25,23117.859375,23722.099609375,22406.076171875,22639.267578125,30685366709,82.36160771496625,21729.65004998413,20222.539367079193,0.021266153759075257,51.0,22840.138671875,-0.012013253416764501,0.021266153759075257,0.019460922733464336,0.8236160771496626,0.0638854892657088,0.1431729198477505,0.07452628255768934,0.24632997408627788,0.026604024362533008,0.51,1
2023-01-26,23032.77734375,23237.078125,22911.373046875,23108.955078125,26357839322,80.86270603611439,21930.131172101956,20430.705143128882,-0.003680359408276712,54.0,23139.283203125,0.004624099724729924,-0.003680359408276712,0.011201885348011587,0.8086270603611438,0.050279962440478165,0.12736086113485068,0.07339081145113346,0.06971616080144002,0.026937373441986462,0.54,1
2023-01-27,23078.728515625,23417.720703125,22654.59375,23030.716796875,25383335641,81.06315297418453,22106.838455720885,20626.855022573036,0.0019950339114214177,55.0,23723.76953125,0.027949590688598275,0.0019950339114214177,0.015770507888305696,0.8106315297418454,0.043963322111878256,0.11886802376652916,0.0717503192575033,-0.003262794262350608,0.02685779973201553,0.55,1
2023-01-28,23031.08984375,23165.896484375,22908.845703125,23079.96484375,14712928379,80.12615012379725,22249.030976956135,20804.946490808365,-0.0020641809553220147,52.0,23471.87109375,0.019138532001324975,-0.0020641809553220147,0.004214545389203517,0.8012615012379725,0.03515024396360733,0.10700067668643842,0.06941063207183773,-0.558289421895807,0.024922604340804604,0.52,1
2023-01-29,23774.56640625,23919.890625,22985.0703125,23031.44921875,27423687259,83.35902258582709,22483.72873530904,21024.918336396633,0.03228143207915801,55.0,23449.322265625,-0.013680339530377214,0.03228143207915801,0.05027717303521562,0.8335902258582709,0.057412081694162787,0.13078043994555744,0.06938483068383827,0.047426253109617525,0.025726969967879668,0.55,1
2023-01-30,22840.138671875,23789.34765625,22657.58203125,23774.6484375,27205595568,68.31722030950543,22538.561033242266,21159.379101987623,-0.03930367092328346,61.0,23331.84765625,0.021528283669331787,-0.03930367092328346,-0.012013253416764513,0.6831722030950543,0.013380518755742088,0.07943331237585771,0.06518064280653157,0.01788657017510869,0.019254823256769856,0.61,1
2023-01-31,23139.283203125,23225.021484375,22765.568359375,22840.796875,22837828665,70.17280067885036,22630.97982860884,21306.038665034837,0.013097316769725253,51.0,22955.666015625,-0.007935301447678473,0.013097316769725253,0.004624099724729991,0.7017280067885037,0.022460511138522987,0.0860434249140214,0.06218618037844603,-0.1654382275120428,0.019623169559826636,0.51,1
2023-02-01,23723.76953125,23764.5390625,22877.75,23137.8359375,26683255504,73.44527516972987,22799.101321322865,21485.129840310034,0.025259482888651652,56.0,22760.109375,-0.04062002688824911,0.025259482888651652,0.027949590688598258,0.7344527516972987,0.04055722183498256,0.10419484115659694,0.06115725112107917,0.005677899564331342,0.020877918211568067,0.56,0
2023-02-02,23471.87109375,24167.2109375,23468.595703125,23720.82421875,32066936882,69.8865597829434,22902.604363234736,21632.295859083362,-0.01061797692681965,60.0,23264.291015625,-0.008843780595756323,-0.01061797692681965,0.01913853200132487,0.6988655978294339,0.024855982380287855,0.08503837256340985,0.05872277785152291,0.18412586582004445,0.021313286856818457,0.6,1
2023-02-03,23449.322265625,23678.103515625,23279.955078125,23469.412109375,27083066007,69.5616353547838,22986.71480975631,21766.890407716077,-0.0009606745041729203,60.0,22939.3984375,-0.021745781065600826,-0.0009606745041729203,-0.013680339530377172,0.695616353547838,0.020124992183413015,0.07729316527970953,0.05604036126390488,0.037738414620111085,0.02066996186954967,0.6,0
2023-02-04,23331.84765625,23556.94921875,23291.794921875,23446.3203125,15639298538,67.79323824450864,23039.81217075534,21882.813166866737,-0.005009723012217249,58.0,21819.0390625,-0.06483878242470684,-0.005009723012217249,0.021528283669331794,0.6779323824450865,0.012675254612767306,0.06621792537978055,0.052872498387933176,-0.5043434895199009,0.019846369926822455,0.58,0
2023-02-05,22955.666015625,23423.435546875,22841.759765625,23332.248046875,19564262605,62.328898022325426,23026.866608427594,21962.283748256235,-0.01612309690031044,58.0,21651.18359375,-0.05682616313493545,-0.01612309690031044,-0.007935301447678511,0.6232889802232543,-0.003092066064105059,0.04523128280990529,0.04847323130755399,-0.26637182546049876,0.02055669231501172,0.58,0
2023-02-06,22760.109375,23119.279296875,22692.025390625,22954.021484375,23825006542,59.637781590550304,22985.827034054117,22021.38194282985,-0.008518883333286542,56.0,21870.875,-0.039069863872303996,-0.008518883333286542,-0.04062002688824906,0.5963778159055031,-0.009819862418685599,0.033545916150402144,0.04379584776868617,-0.06703735852119339,0.020703447409740592,0.56,0
2023-02-07,23264.291015625,23310.974609375,22756.2578125,22757.267578125,27187964471,63.95840295352385,23028.667646603484,22113.449281555415,0.022151986720186922,54.0,21788.203125,-0.06344865139597913,0.022151986720186922,-0.008843780595756301,0.6395840295352385,0.010231741264296268,0.052042615306943096,0.04138740878436553,0.07054648581504608,0.02196822694988315,0.54,0
2023-02-08,22939.3984375,23367.958984375,22731.09765625,23263.416015625,25371367758,59.535715925281835,23014.933922126027,22174.630700514273,-0.013965290320121615,58.0,21808.1015625,-0.049316762951840155,-0.013965290320121615,-0.021745781065600878,0.5953571592528184,-0.003282020486420345,0.034488409178692114,0.03789480117891042,-0.006897295192901254,0.019424644286811208,0.58,0
2023-02-09,21819.0390625,22996.4375,21773.974609375,22946.56640625,32572572185,47.37096827415687,22830.950097568177,22148.290579179884,-0.04883996317743455,55.0,22220.8046875,0.01841353433802259,-0.04883996317743455,-0.06483878242470686,0.4737096827415687,-0.04432189771970807,-0.014865775555129801,0.030822221514016812,0.23559389169813183,0.02150579222865208,0.55,1
2023-02-10,21651.18359375,21941.185546875,21539.392578125,21819.005859375,27078406594,45.85910025829546,22649.447558519227,22111.46783951841,-0.007693073387383564,48.0,24307.841796875,0.12270267773683706,-0.007693073387383564,-0.05682616313493549,0.45859100258295465,-0.0440745392217633,-0.020816539594254002,0.0243303485279851,0.0613356846675247,0.020618016965318654,0.48,2
2023-02-11,21870.875,21891.41015625,21618.44921875,21651.841796875,16356226232,48.18976310242213,22529.667164900882,22093.64614770223,0.010146854341645195,49.0,23623.474609375,0.08013395025919173,0.010146854341645195,-0.039069863872304045,0.4818976310242213,-0.02924109619902504,-0.010083041351026556,0.019735131733518596,-0.4261827849709814,0.018480022873432613,0.49,2
2023-02-12,21788.203125,22060.994140625,21682.828125,21870.90234375,17821046406,47.36348351773207,22415.5957741469,22071.020738613177,-0.003779998514005456,50.0,24565.6015625,0.12747257869618378,-0.003779998514005456,-0.0634486513959791,0.4736348351773207,-0.02798911327043574,-0.012813979786552854,0.015612102385953008,-0.32289677277163076,0.01849654705141737,0.5,2
2023-02-13,21808.1015625,21898.4140625,21460.087890625,21787.0,23918742607,47.596388789189554,22322.13512620122,22051.545244086275,0.0009132665684197239,48.0,24641.27734375,0.12991391172360328,0.0009132665684197239,-0.049316762951840176,0.47596388789189553,-0.023027974734274426,-0.011039756121016597,0.012270790056652103,-0.023550923952398738,0.01857676818147853,0.48,2
2023-02-14,22220.8046875,22293.140625,21632.39453125,21801.822265625,26792596581,52.30969587237513,22306.545827939495,22064.08298063544,0.018924303145655852,50.0,24327.642578125,0.09481375315855109,0.018924303145655852,0.018413534338022508,0.5230969587237513,-0.0038437659107266597,0.007103023814862608,0.010989028980576743,0.09789215447850029,0.02033095046958599,0.5,2
2023-02-15,24307.841796875,24307.841796875,22082.76953125,22220.5859375,32483312909,67.98934107689234,22614.437515468035,22230.287337393926,0.09392266116037784,53.0,24829.1484375,0.021446027375907097,0.09392266116037784,0.12270267773683696,0.6798934107689234,0.07488155653876838,0.0934560326616376,0.017280486403246975,0.27796494916724257,0.036667131659100044,0.53,1
2023-02-16,23623.474609375,25134.1171875,23602.5234375,24307.349609375,39316664596,60.91663317518303,22769.673991453725,22333.486394577707,-0.028154173176657027,62.0,24436.353515625,0.03440979448160467,-0.028154173176657027,0.08013395025919179,0.6091663317518303,0.03749727019551252,0.05776027047485455,0.01953065406670751,0.4409611383100204,0.038050071593234404,0.62,2
2023-02-17,24565.6015625,24924.041015625,23460.755859375,23621.283203125,41358451255,66.13881486428656,23045.970540845457,22498.828258868245,0.03988096453648349,61.0,24188.84375,-0.01533680384506155,0.03988096453648349,0.1274725786961839,0.6613881486428655,0.06593912020156534,0.09186137517259851,0.024318701208875027,0.440264127740292,0.03936147266787904,0.61,0
2023-02-18,24641.27734375,24798.8359375,24468.373046875,24565.296875,19625427158,66.52571905477055,23291.402356676925,22657.52819108171,0.0030805588480080637,60.0,23947.4921875,-0.028155405524298897,0.0030805588480080637,0.12991391172360323,0.6652571905477055,0.057955934400236275,0.08755364380167108,0.027976315873887492,-0.2904361238969243,0.03875874480934613,0.6,0
2023-02-19,24327.642578125,25093.0546875,24327.642578125,24640.02734375,25555105670,63.29766402676726,23450.823929207396,22781.24036789973,-0.012728023845912761,60.0,23198.126953125,-0.046429308609443366,-0.012728023845912761,0.09481375315855112,0.6329766402676725,0.03738967345303168,0.06788050980772109,0.029391883431033605,-0.023275009917838766,0.03431904353405451,0.6,0
2023-02-20,24829.1484375,25020.458984375,23927.91015625,24336.623046875,28987376573,66.12794406080306,23662.873853560104,22932.937261944193,0.020614650916729094,58.0,23175.375,-0.06660612794123338,0.020614650916729094,0.021446027375907173,0.6612794406080306,0.04928710650944157,0.08268505485786393,0.03182918015596714,0.09106173585610977,0.033726837419407414,0.58,0
2023-02-21,24436.353515625,25126.8515625,24200.36328125,24833.048828125,31252098714,62.08937489527961,23781.87072464701,23044.301428883515,-0.01581991113645098,60.0,23561.212890625,-0.03581306124256309,-0.01581991113645098,0.03440979448160464,0.6208937489527961,0.027520240041490895,0.060407649632490124,0.03200658080435592,0.15769279724748778,0.035054085068609006,0.6,0
2023-02-22,24188.84375,24472.33984375,23644.318359375,24437.41796875,30199996781,59.61858767693329,23844.4819593167,23129.08234155881,-0.01012875204423358,59.0,23522.87109375,-0.027532223661992938,-0.01012875204423358,-0.01533680384506153,0.5961858767693329,0.014441990866937093,0.04581943169171865,0.030930739369302573,0.12695129736452504,0.03542087945152096,0.59,0
2023-02-23,23947.4921875,24572.08984375,23693.919921875,24190.71875,30476264066,57.22713113853015,23860.329686729514,23189.705293110008,-0.00997780485063493,56.0,23147.353515625,-0.033412211416970525,-0.00997780485063493,-0.02815540552429885,0.5722713113853015,0.0036530300257737736,0.03267772853565076,0.028919056328790882,0.12969956444824504,0.03593097403621239,0.56,0
2023-02-24,23198.126953125,24103.705078125,23007.072265625,23946.0078125,26811744928,50.45929140573553,23758.45234309805,23190.329119777783,-0.03129201289670536,53.0,23646.55078125,0.019330173898569565,-0.03129201289670536,-0.04642930860944339,0.5045929140573553,-0.023584254642572633,0.00033625367311262977,0.024498282037564767,-0.019061965844920065,0.03798926956081857,0.53,1
2023-02-25,23175.375,23210.2109375,22861.55859375,23200.125,16100721565,50.264924218458184,23668.748136467584,23189.221407201654,-0.0009807668166905703,52.0,23475.466796875,0.01294873532251366,-0.0009807668166905703,-0.06660612794123344,0.5026492421845818,-0.020844918946406832,-0.0005971053084755651,0.02067886285811249,-0.5226807034579349,0.02161558561293635,0.52,1
2023-02-26,23561.212890625,23654.3671875,23084.220703125,23174.150390625,16644534842,53.53373963672078,23652.204252491803,23216.77633189968,0.016648614774302573,51.0,22362.6796875,-0.050868909367645335,0.016648614774302573,-0.035813061242563116,0.5353373963672078,-0.003847056320647857,0.014835675453015673,0.018754882864329803,-0.4761531985821474,0.020807702620274822,0.51,0
2023-02-27,23522.87109375,23857.890625,23205.87890625,23561.451171875,22660763494,53.15983272752529,23632.306843454604,23239.450017962667,-0.0016273269569350157,50.0,22353.349609375,-0.04971848375625119,-0.0016273269569350157,-0.027532223661992927,0.5315983272752529,-0.004630768821238251,0.012195687745117256,0.01690473850234331,-0.15911661190191365,0.015386414135699134,0.5,0
2023-02-28,23147.353515625,23585.384765625,23077.650390625,23521.837890625,20535363434,49.512360198701096,23557.698639173126,23232.628054826546,-0.01596393470118429,53.0,22435.513671875,-0.030752536926931695,-0.01596393470118429,-0.03341221141697048,0.49512360198701094,-0.017418727093561737,-0.003670464615553093,0.013991985047040245,-0.24846066844172732,0.015559874291865613,0.53,0
2023-03-01,23646.55078125,23880.6328125,23088.626953125,23150.9296875,24662841200,54.028086530960444,23571.368199492645,23263.28899752458,0.02156606219747892,50.0,22429.7578125,-0.051457524609247816,0.02156606219747892,0.019330173898569614,0.5402808653096044,0.0031895722437942364,0.016474961204591576,0.01324314898038903,-0.05017555884978398,0.01758980098738802,0.5,0
2023-03-02,23475.466796875,23739.138671875,23245.021484375,23647.01953125,20386398516,52.30153778069647,23556.61413755147,23279.00587155054,-0.007235050302163204,51.0,22219.76953125,-0.05348976770047254,-0.007235050302163204,0.012948735322513727,0.5230153778069647,-0.003444779466294956,0.008439403572837012,0.01192526294003815,-0.22761830820774898,0.015578686486153933,0.51,0
2023-03-03,22362.6796875,23479.34765625,22213.23828125,23476.6328125,26062404610,42.7354393479895,23372.93191446663,23211.129857917167,-0.047402129167592566,50.0,21718.080078125,-0.028824792841589102,-0.047402129167592566,-0.05086890936764532,0.42735439347989496,-0.04322317074570081,-0.0365535919884471,0.0069708823973630984,-0.000774309608331863,0.02037154337575441,0.5,0
2023-03-04,22353.349609375,22405.177734375,22198.98046875,22362.923828125,11166012913,42.66497818735826,23216.073098298686,23147.590580247375,-0.0004172164631153219,50.0,20363.021484375,-0.08903936813860129,-0.0004172164631153219,-0.04971848375625121,0.4266497818735826,-0.037160612187549846,-0.03431203641341951,0.002958516041395187,-0.8355538536723218,0.020523566425151966,0.5,0
2023-03-05,22435.513671875,22613.685546875,22307.142578125,22354.14453125,13317001733,43.54770141916695,23095.98703269504,23094.844142590162,0.0036756935285233716,47.0,20187.244140625,-0.10021029890964407,0.0036756935285233716,-0.030752536926931695,0.4354770141916695,-0.0285968882769575,-0.02854881663822373,4.9486807437215674e-05,-0.6385860347206219,0.020805067934776718,0.47,0
2023-03-06,22429.7578125,22584.29296875,22331.314453125,22436.81640625,17353192895,43.49717964109922,22993.49022958811,23045.57848850941,-0.00025655126328649747,48.0,20632.41015625,-0.08013228102036601,-0.00025655126328649747,-0.051457524609247796,0.4349717964109922,-0.024517044235533136,-0.026721858004842947,-0.0022602278761312267,-0.3549594273208975,0.018889839877283154,0.48,0
2023-03-07,22219.76953125,22527.41796875,22011.26171875,22428.322265625,22765452204,41.6009697316001,22874.456275997632,22984.407454638345,-0.00936203961743065,49.0,22163.94921875,-0.002512191335805442,-0.00936203961743065,-0.053489767700472535,0.416009697316001,-0.02862086586226753,-0.033267680487192086,-0.004783729093634892,-0.06366270924562117,0.01896625076834525,0.49,1
2023-03-08,21718.080078125,22268.896484375,21708.05078125,22216.44140625,22536575684,37.40545846810329,22696.55224555569,22890.60542674847,-0.022578517406286358,50.0,24197.533203125,0.11416539197207252,-0.022578517406286358,-0.02882479284158912,0.3740545846810329,-0.04311104862291537,-0.05122299418316534,-0.00847741584702788,-0.03857402083560879,0.018255757109458457,0.5,2
2023-03-09,20363.021484375,21802.716796875,20210.306640625,21720.080078125,30364664171,28.921326238122234,22337.54751306635,22703.376986572657,-0.06239311158608585,44.0,24746.07421875,0.21524569611333044,-0.06239311158608585,-0.08903936813860125,0.28921326238122236,-0.08839493357703443,-0.1030840259394804,-0.016113438706614747,0.2833137786494816,0.024839606731395493,0.44,2
2023-03-10,20187.244140625,20370.595703125,19628.25390625,20367.001953125,39578257695,28.03308120545016,22006.731609613835,22516.99677576172,-0.008632183779056501,34.0,24375.9609375,0.20749324512530104,-0.008632183779056501,-0.10021029890964406,0.2803308120545016,-0.08267867765488524,-0.10346640177364008,-0.022661333179971654,0.5056223483273512,0.024884563191400776,0.34,2
2023-03-11,20632.41015625,20792.525390625,20068.66015625,20187.876953125,30180288176,33.59540780536264,21795.297539865554,22377.397766908998,0.022051846825845045,33.0,25052.7890625,0.2142444277122405,0.022051846825845045,-0.08013228102036596,0.3359540780536264,-0.05335496712024823,-0.07797991655845848,-0.02601286499470623,0.22489012326438196,0.024960555446909068,0.33,2
2023-03-12,22163.94921875,22185.03125,20448.806640625,20628.029296875,29279035521,48.37796204518017,21852.013182770854,22361.586763341667,0.07422977009964415,33.0,27423.9296875,0.2373214455978009,0.07422977009964415,-0.0025121913358054915,0.4837796204518017,0.014274933543655832,-0.008838261196905006,-0.02278789899678224,0.19396800417008944,0.03735854118218452,0.33,2
2023-03-13,24197.533203125,24550.837890625,21918.19921875,22156.40625,49466362688,60.84269283706719,22212.862416671494,22497.582795918213,0.09175187888693825,49.0,26965.87890625,0.11440611238700484,0.09175187888693825,0.11416539197207243,0.6084269283706719,0.08934781790949842,0.0755614690977029,-0.01265559868495636,0.6813219177252741,0.04499102121497497,0.49,2
2023-03-14,24746.07421875,26514.716796875,24081.18359375,24201.765625,54622230164,63.40924891805472,22602.587309298957,22664.137716127974,0.022669294883089997,56.0,28038.67578125,0.13305551148817008,0.022669294883089997,0.21524569611333044,0.6340924891805472,0.0948336966967136,0.09186038880890246,-0.0027157621260489595,0.7328318907162136,0.045057381006107254,0.56,2
2023-03-15,24375.9609375,25240.615234375,23964.91015625,24770.92578125,43655701450,60.526582806376,22875.414021329885,22790.939436229604,-0.014956444322371198,50.0,27767.236328125,0.13912376210809638,-0.014956444322371198,0.2074932451253011,0.60526582806376,0.06559649214527652,0.06954612405098004,0.0037064985994388344,0.48392967314309565,0.04577868521383294,0.5,2
2023-03-16,25052.7890625,25190.326171875,24225.111328125,24373.45703125,33866061747,63.7702444695806,23210.39479689452,22958.483852990375,0.027766213062754286,52.0,28175.81640625,0.12465787086455257,0.027766213062754286,0.21424442771224061,0.637702444695806,0.07937798050087386,0.09122140742916862,0.01097245556445281,0.2169858696772933,0.04598913650482617,0.52,2
2023-03-17,27423.9296875,27787.8125,24955.169921875,25055.123046875,50730261335,72.34419126004158,23858.630933910747,23289.257618509608,0.0946457745317153,51.0,27307.4375,-0.004247829863460373,0.0946457745317153,0.237321445597801,0.7234419126004158,0.1494343394415738,0.17753558901354927,0.02444789459276797,0.5595140479955837,0.051978476847066635,0.51,1
2023-03-18,26965.87890625,27725.953125,26636.26171875,27448.1171875,35723036817,68.94959521046242,24336.6690835014,23561.599936120005,-0.01670259464889101,64.0,28333.97265625,0.050734254008791495,-0.01670259464889101,0.11440611238700482,0.6894959521046242,0.10803490871028942,0.1444842022341286,0.03289543789397831,0.17641352362299617,0.05144328059643179,0.64,2
2023-03-19,28038.67578125,28440.560546875,26907.716796875,26969.50390625,37769448859,72.2355532564489,24906.208575462726,23893.23518390741,0.039783493752593824,63.0,27493.28515625,-0.019451368861175433,0.039783493752593824,0.1330555114881702,0.7223555325644889,0.12577053614147204,0.17349850555753243,0.04239582391243424,0.20720435340330035,0.04183910995262663,0.63,0
2023-03-20,27767.236328125,28527.724609375,27242.880859375,28041.6015625,44774027664,70.21095080864595,25346.36669125692,24180.19823162723,-0.00968089417783835,66.0,27494.70703125,-0.009814779319573814,-0.00968089417783835,0.1391237621080963,0.7021095080864594,0.09551150531184982,0.1483460996529795,0.04822824231872369,0.33861594698149844,0.04195693152222892,0.66,1
2023-03-21,28175.81640625,28439.5625,27439.646484375,27768.392578125,36102192830,71.50555741429157,25781.6666474097,24476.169948265953,0.014714466837708162,68.0,27994.330078125,-0.006441209209637753,0.014714466837708162,0.12465787086455249,0.7150555741429158,0.09286248990737156,0.1511529976219239,0.05333745851181404,0.10557730540930807,0.042235922967654625,0.68,1
2023-03-22,27307.4375,28803.3359375,26759.99609375,28158.720703125,33382021890,65.0363090469562,26016.400624731283,24685.893470616626,-0.030820008681536337,62.0,27139.888671875,-0.006135648140730891,-0.030820008681536337,-0.004247829863460395,0.6503630904695621,0.04962396197272012,0.10619603590624638,0.05389746802959938,0.007436068023428233,0.0437200631112931,0.62,1
2023-03-23,28333.97265625,28729.84375,27183.36328125,27301.95703125,24220433689,68.64738813185932,26372.950168041854,24956.12155844132,0.03759177902540278,57.0,27268.130859375,-0.037617096967159425,0.03759177902540278,0.05073425400879139,0.6864738813185931,0.07435734249346404,0.13535160461125972,0.05677278844321454,-0.3106013874720656,0.036936078110806354,0.57,0
2023-03-24,27493.28515625,28388.4375,27039.265625,28324.111328125,25980310960,62.916405699421695,26545.309396996956,25144.059602723442,-0.02967065403073854,61.0,28348.44140625,0.03110418580900649,-0.02967065403073854,-0.019451368861175378,0.629164056994217,0.035711610856578924,0.09343063891210734,0.055728860669807645,-0.2626284432777333,0.03957875812574451,0.61,2
2023-03-25,27494.70703125,27791.826171875,27196.234375,27487.337890625,13383005987,62.92204379401503,26691.37057149742,25318.18163446615,5.17171735541222e-05,64.0,28033.5625,0.019598516475827377,5.17171735541222e-05,-0.009814779319573863,0.6292204379401504,0.030097235269380684,0.08596689241777544,0.05423726541095353,-0.9260794143258954,0.03874975054069163,0.64,1
2023-03-26,27994.330078125,28178.14453125,27445.046875,27495.5234375,13878363192,64.93919365808867,26891.825880209355,25516.41485251495,0.018171608313816145,64.0,28478.484375,0.01729472702235951,0.018171608313816145,-0.006441209209637755,0.6493919365808867,0.04099774417798141,0.09711063407349418,0.053902988944343866,-0.8845785018013368,0.038454784544711934,0.64,1
2023-03-27,27139.888671875,28037.92578125,26606.689453125,27994.068359375,18188895178,59.02515671697463,26929.989386619454,25636.672172467544,-0.03052194511765327,64.0,28411.03515625,0.046836834879587626,-0.03052194511765327,-0.006135648140730865,0.5902515671697462,0.007794258001447174,0.05863539890414615,0.05044793666866276,-0.607267251349224,0.027227606515666542,0.64,2
2023-03-28,27268.130859375,27460.71875,26677.818359375,27132.888671875,17783600385,59.61956040906759,26982.011151658768,25757.52096409032,0.004725228944394866,59.0,28199.30859375,0.03414893889050168,0.004725228944394866,-0.037617096967159425,0.5961956040906758,0.01060409122611472,0.058647332458379386,0.04753913194035886,-0.6226577098115528,0.026666403660061677,0.59,2
2023-03-29,28348.44140625,28619.54296875,27259.662109375,27267.03125,20684945906,64.31572640574893,27192.23119082665,25949.440996842888,0.0396180637553154,57.0,27790.220703125,-0.01969140719679667,0.0396180637553154,0.031104185809006424,0.6431572640574893,0.042519872948616255,0.09244902075921346,0.047892753995547155,-0.456819122503625,0.026640007993581842,0.57,0
2023-03-30,28033.5625,29159.90234375,27720.16015625,28350.140625,22435349951,62.05057194626724,27321.66677685332,26103.82036744712,-0.0111074503792854,60.0,28168.08984375,0.00479879586299458,-0.0111074503792854,0.019598516475827443,0.6205057194626724,0.026056086876434348,0.07392565936284856,0.04665395303305564,-0.34899443573082745,0.02670977349219647,0.6,1
2023-03-31,28478.484375,28639.896484375,27583.71484375,28032.26171875,19001327598,63.980930590174474,27499.63871502973,26279.721405043627,0.015871042968584437,63.0,28177.984375,-0.0105518255832391,0.015871042968584437,0.01729472702235957,0.6398093059017448,0.03559485526750894,0.08366766664179259,0.04642048106917818,-0.49739310108164597,0.026776853158466063,0.63,1
2023-04-01,28411.03515625,28802.45703125,28297.171875,28473.33203125,10876469901,63.4539804931701,27639.85355214054,26437.596497725583,-0.0023684272611504964,61.0,28044.140625,-0.01291380371155849,-0.0023684272611504964,0.04683683487958756,0.634539804931701,0.02790107417373555,0.07464516143493571,0.045475278152398824,-1.0254103736610305,0.02437812604894417,0.61,1
2023-04-02,28199.30859375,28518.958984375,27884.087890625,28462.845703125,12284641999,61.735144222394425,27725.923558541996,26568.093690023685,-0.00745226498561502,63.0,27925.859375,-0.00969701855777437,-0.00745226498561502,0.034148938890501634,0.6173514422239442,0.0170737336921698,0.061397513978913576,0.04357971189152643,-0.8403997454837874,0.021524551614470887,0.63,1
2023-04-03,27790.220703125,28475.623046875,27276.720703125,28183.080078125,19556501327,58.44116780586305,27735.81542693938,26658.621616920078,-0.014507018470504951,63.0,27947.794921875,0.00567013196596459,-0.014507018470504951,-0.01969140719679663,0.5844116780586305,0.00196155315241886,0.04244777177401793,0.040406958225312595,-0.3118736264865697,0.019677980477692425,0.63,1
2023-04-04,28168.08984375,28433.7421875,27681.3046875,27795.2734375,15284538859,60.535768089980145,27802.319183371786,26770.434078166738,0.0135971982612757,62.0,28333.05078125,0.00585630542983382,0.0135971982612757,0.004798795862994476,0.6053576808998015,0.013156120464834276,0.05220893174545704,0.03854569941570829,-0.5037757076639101,0.02004918490180215,0.62,1
2023-04-05,28177.984375,28739.23828125,27843.763671875,28169.7265625,17052315986,60.591777777299704,27860.113828237667,26874.69706311735,0.000351267384649967,62.0,29652.98046875,0.05234569208785005,0.000351267384649967,-0.010551825583239083,0.605917777772997,0.011409520747907242,0.04849495824350236,0.036667083643993736,-0.36053167463562563,0.019289163592938793,0.62,2
2023-04-06,28044.140625,28178.384765625,27738.759765625,28175.2265625,13837809380,59.364414189024785,27888.425643124177,26961.322512145696,-0.004749940528704033,63.0,30235.05859375,0.07812391180198626,-0.004749940528704033,-0.01291380371155848,0.5936441418902478,0.005583498468807013,0.04016190646310136,0.034386411518234405,-0.49098594611532337,0.016093146318609947,0.63,2
2023-04-07,27925.859375,28111.59375,27794.03125,28038.966796875,10861680497,58.24163186266813,27894.18467879738,27032.76968717194,-0.004217681389550476,64.0,30139.052734375,0.07925247096804877,-0.004217681389550476,-0.009697018557774384,0.5824163186266813,0.001135530454370759,0.03303729873642447,0.03186558394104222,-0.676601675165193,0.016258808256951522,0.64,2
2023-04-08,27947.794921875,28159.86328125,27883.38671875,27920.513671875,9373255556,58.39877403576353,27902.43240850163,27100.549334186984,0.0007854922772632111,61.0,30399.06640625,0.08770894058823821,0.0007854922772632111,0.005670131965964664,0.5839877403576353,0.0016257547983360432,0.03126304110076572,0.029589181548548282,-0.7552225086186759,0.00973996249409707,0.61,2
2023-04-09,28333.05078125,28532.830078125,27828.48046875,27952.3671875,12175322951,61.163040636181755,27968.68138892446,27191.84573767313,0.013784839213681899,61.0,30485.69921875,0.07597658487678852,0.013784839213681899,0.00585630542983373,0.6116304063618175,0.013027764421880583,0.04196864952038837,0.028568698820435445,-0.4084265414772837,0.010149861697185712,0.61,2
2023-04-10,29652.98046875,29771.46484375,28189.271484375,28336.02734375,19282400094,68.80981075926785,28227.804324282235,27374.152014049196,0.04658621825410658,62.0,30318.49609375,0.02244346485512167,0.04658621825410658,0.052345692087850004,0.6880981075926784,0.050488381175357366,0.08324745378528053,0.031184612030901393,0.09835512610864416,0.017266109421334466,0.62,1
2023-04-11,30235.05859375,30509.083984375,29609.30078125,29653.6796875,20121259843,71.47694018836444,28536.612673431122,27586.07101995296,0.019629666758571807,68.0,30315.35546875,0.0026557539073728954,0.019629666758571807,0.0781239118019863,0.7147694018836444,0.0595181334153303,0.09602627253011242,0.03445730465895758,0.1796173387640529,0.01773396897300262,0.68,1
2023-04-12,30139.052734375,30462.48046875,29725.57421875,30231.58203125,18651929926,70.40752510614412,28783.141913576335,27775.180776576814,-0.003175315803583212,65.0,29445.044921875,-0.023026862145154668,-0.003175315803583212,0.07925247096804866,0.7040752510614412,0.0471078114011978,0.08510734734053194,0.03628999375764819,0.12048864444242757,0.01741193563714174,0.65,0
2023-04-13,30399.06640625,30539.845703125,29878.623046875,29892.740234375,17487721001,71.64488188231223,29031.745681679975,27969.542675071123,0.00862713483952482,61.0,30397.552734375,-4.9793367163696564e-05,0.00862713483952482,0.0877089405882383,0.7164488188231224,0.047097433945656686,0.08686319112912333,0.037977131730351,0.08205463539312796,0.015719831748156693,0.61,1
2023-04-14,30485.69921875,31005.607421875,30044.498046875,30409.5625,22659995079,72.06401174532978,29255.43084122921,28155.924641269557,0.002849851088919886,68.0,28822.6796875,-0.054550808210663326,0.002849851088919886,0.0759765848767886,0.7206401174532978,0.042052649444731305,0.08274544726070099,0.03905061595270953,0.3127708902937127,0.01574723075511339,0.68,0
2023-04-15,30318.49609375,30601.740234375,30245.8828125,30490.75,11940685378,69.9159821193507,29418.979341617025,28316.11511923107,-0.005484641300179338,68.0,28245.98828125,-0.06835786993165656,-0.005484641300179338,0.02244346485512172,0.6991598211935071,0.030576069335637612,0.07071524346074565,0.03894828855378307,-0.32201592363455117,0.01616668216184225,0.68,0
2023-04-16,30315.35546875,30555.537109375,30157.83203125,30315.9765625,12854816417,69.87385198016389,29556.883361175947,28464.206996973215,-0.00010358775680330279,68.0,27276.91015625,-0.10022792955972833,-0.00010358775680330279,0.0026557539073728265,0.6987385198016389,0.025661437246470076,0.06503425414147768,0.038387732506263816,-0.23193003518864136,0.01584013102479665,0.68,0
2023-04-17,29445.044921875,30319.197265625,29275.37109375,30317.146484375,17872186762,59.22372059940472,29539.677447437338,28536.86165807705,-0.028708571396173888,69.0,27817.5,-0.055273983320225185,-0.028708571396173888,-0.023026862145154703,0.5922372059940472,-0.0032035734219076906,0.03182491735354853,0.03514106776616943,0.09732389428891956,0.019416310026922998,0.69,0
2023-04-18,30397.552734375,30470.302734375,29154.849609375,29449.091796875,19480529496,65.43348179839867,29671.65826081236,28674.690626691714,0.032348662229154,58.0,27591.384765625,-0.09231558847093146,0.032348662229154,-4.9793367163708524e-05,0.6543348179839867,0.024464236787242077,0.06008302339204907,0.034768208909379705,0.18721454654347103,0.021064075164315126,0.58,0
2023-04-19,28822.6796875,30411.0546875,28669.8984375,30394.1875,24571565421,51.47532462338398,29541.04617261046,28685.652779344182,-0.0518092051895368,63.0,27525.33984375,-0.045011076617995326,-0.0518092051895368,-0.05455080821066327,0.5147532462338398,-0.024317570911774444,0.004776844689917237,0.029819554738605314,0.4127989137647012,0.028264694170607438,0.63,0
2023-04-20,28245.98828125,29076.400390625,28037.2578125,28823.68359375,21340360360,47.48110887450455,29341.806497016543,28653.08503874461,-0.020008250880993006,52.0,28307.59765625,0.002181172575253704,-0.020008250880993006,-0.0683578699316566,0.4748110887450455,-0.037346651300354194,-0.014207781010112441,0.024036555133265525,0.2646428864220491,0.02415945070420242,0.52,1
2023-04-21,27276.91015625,28349.96875,27177.365234375,28249.23046875,20759504330,41.63471564751366,29024.130136898617,28551.146158559826,-0.034308522518338824,50.0,28422.701171875,0.04200589469487486,-0.034308522518338824,-0.10022792955972837,0.4163471564751366,-0.060198874950169845,-0.04462994218282201,0.0165661993291637,0.20732200634936834,0.02417410512816781,0.5,2
2023-04-22,27817.5,27872.142578125,27169.5703125,27265.89453125,13125734602,45.6546876986388,28838.49473122191,28496.801998666506,0.01981858797984626,53.0,29473.787109375,0.059541192032892966,0.01981858797984626,-0.05527398332022515,0.456546876986388,-0.03540388431288444,-0.023837832704816986,0.011990564154230166,-0.2535968004618526,0.0259232621287178,0.53,2
2023-04-23,27591.384765625,27820.244140625,27400.314453125,27816.14453125,12785446832,44.28086358522574,28646.631659591614,28429.734055478246,-0.008128524647254443,56.0,29340.26171875,0.06338489234885578,-0.008128524647254443,-0.09231558847093146,0.4428086358522574,-0.036836683157242756,-0.02948846753955836,0.007629251954665239,-0.2596454690990377,0.02528595327077396,0.56,2
2023-04-24,27525.33984375,27979.982421875,27070.849609375,27591.73046875,17703288330,43.865656569470254,28474.12522638521,28362.741891646525,-0.002393679129772508,53.0,29248.48828125,0.06260225840195263,-0.002393679129772508,-0.045011076617995305,0.4386565656947025,-0.033320966845929,-0.029524721238011198,0.003927100389807148,0.05852790446695173,0.025058118222319483,0.53,2
2023-04-25,28307.59765625,28371.078125,27207.931640625,27514.873046875,17733373139,49.86229931503456,28448.505600210563,28358.657133469,0.02841955147295372,53.0,29268.806640625,0.03395586570246366,0.02841955147295372,0.0021811725752536315,0.49862299315034564,-0.004953087727726513,-0.0018004899519287187,0.003168290597072021,0.05818845701742595,0.027856017989709055,0.53,2
2023-04-26,28422.701171875,29995.837890625,27324.548828125,28300.05859375,31854242019,50.6968969419974,28444.53568815894,28363.40113631389,0.004066170397882152,56.0,28091.568359375,-0.011650293562797068,0.004066170397882152,0.04200589469487492,0.506968969419974,-0.000767617250754693,0.002090723720900689,0.0028605367690257566,0.5914684612954931,0.02799306533473565,0.56,1
2023-04-27,29473.787109375,29871.546875,28402.88671875,28428.46484375,27153445027,57.632440460587205,28602.882060653716,28445.65194913323,0.036980508331842854,59.0,28680.537109375,-0.026913745324152243,0.036980508331842854,0.05954119203289299,0.5763244046058721,0.030448157177814794,0.036143842372827084,0.0055273864631981695,0.3866372384680278,0.029743142772330613,0.59,0
2023-04-28,29340.26171875,29572.791015625,28929.609375,29481.013671875,17544464887,56.54424976494611,28716.32508497622,28511.919339475215,-0.00453030993708059,64.0,29006.30859375,-0.011382077235752333,-0.00453030993708059,0.0633848923488558,0.5654424976494611,0.02172759334376706,0.029052494481770275,0.007169133128754446,-0.0720350389683003,0.02756153380802406,0.64,1
2023-04-29,29248.48828125,29452.455078125,29088.04296875,29336.56640625,10662634333,55.76489231510483,28798.19634594142,28566.480001828902,-0.0031279011203009244,64.0,28847.7109375,-0.013702497711887621,-0.0031279011203009244,0.06260225840195255,0.5576489231510483,0.0156361158837659,0.02387442482859048,0.008111476951226715,-0.5660085784806959,0.02169452447217692,0.64,1
2023-04-30,29268.806640625,29952.029296875,29114.021484375,29245.515625,14652199272,55.90978510750755,28870.59792973889,28618.504197295282,0.000694680667924441,60.0,29534.384765625,0.009073759933600385,0.000694680667924441,0.03395586570246367,0.5590978510750755,0.013792880627384818,0.022723145795690458,0.008808766898007026,-0.2357590737423701,0.020340578595416967,0.6,1
2023-05-01,28091.568359375,29329.935546875,27680.79296875,29227.103515625,18655599976,46.42201590951124,28750.747226605985,28579.47191300489,-0.04022160164248023,63.0,28904.623046875,0.028943015110391986,-0.04022160164248023,-0.01165029356279712,0.4642201590951124,-0.02292736470588075,-0.01707181837071925,0.0059929488593228886,0.009755715759871457,0.02161582558244991,0.63,1
2023-05-02,28680.537109375,28881.298828125,27924.123046875,28087.17578125,16432924527,50.91028946852821,28739.94567010891,28586.95822384712,0.020966033026897257,55.0,28454.978515625,-0.007864517770006133,0.020966033026897257,-0.02691374532415225,0.5091028946852821,-0.0020671076214211492,0.0032734817323032406,0.005351651793934931,-0.11108003616692537,0.021716903308265374,0.55,1
2023-05-03,29006.30859375,29259.533203125,28178.388671875,28680.494140625,19122972518,53.243430993417235,28780.92458143831,28618.021214210297,0.01135862564681589,64.0,27694.2734375,-0.04523275176534199,0.01135862564681589,-0.011382077235752353,0.5324343099341724,0.007831020566206881,0.013567932479793487,0.005692335120190739,0.036080851307392935,0.02145290047442028,0.64,0
2023-05-04,28847.7109375,29353.185546875,28694.0390625,29031.3046875,15548678514,51.948949739574005,28791.199405447802,28635.035267787312,-0.005467695268338013,64.0,27658.775390625,-0.041214207583086505,-0.005467695268338013,-0.013702497711887585,0.51948949739574,0.0019628057607599114,0.007427113943593966,0.005453603817843433,-0.15136886604612163,0.021595687936463697,0.64,0
2023-05-05,29534.384765625,29668.908203125,28845.509765625,28851.48046875,17936566518,56.84149182086445,28905.535614705834,28701.65374910862,0.023803407820215394,61.0,27621.755859375,-0.06475939558003267,0.023803407820215394,0.009073759933600378,0.5684149182086444,0.02175531909532369,0.029013346192368505,0.00710348843935682,-0.024939848156603005,0.021080611805801185,0.61,0
2023-05-06,28904.623046875,29820.126953125,28468.966796875,29538.859375,15913866714,51.647606774121776,28905.395219654936,28716.68851190613,-0.021323001096775096,60.0,27000.7890625,-0.06586607205662319,-0.021323001096775096,0.02894301511039199,0.5164760677412178,-2.671379422658493e-05,0.0065444361696145315,0.006571325508878401,-0.1528734222124522,0.02260599797496587,0.6,0
2023-05-07,28454.978515625,29157.517578125,28441.3671875,28901.623046875,11301355486,48.257091171328625,28836.10034211187,28697.302586255675,-0.015556145829018653,64.0,26804.990234375,-0.057985926095286626,-0.015556145829018653,-0.007864517770006185,0.48257091171328625,-0.013216829667161423,-0.008444141044347986,0.004836613317192651,-0.47726443099235366,0.019432904712204234,0.64,0
2023-05-08,27694.2734375,28663.271484375,27310.134765625,28450.45703125,19122903752,43.10191199959846,28660.434664479275,28623.00413079229,-0.026733637409259936,60.0,26784.078125,-0.03286583107349302,-0.026733637409259936,-0.04523275176534203,0.4310191199959846,-0.0337106271516775,-0.032447002734180996,0.0013077080769001714,0.04968188064653558,0.02080403106092967,0.6,0
2023-05-09,27658.775390625,27821.400390625,27375.6015625,27695.068359375,14128593256,42.87175366880507,28506.333237732462,28551.579779668788,-0.0012817829272578907,51.0,26930.638671875,-0.026325703450949006,-0.0012817829272578907,-0.04121420758308647,0.4287175366880507,-0.029732264758120186,-0.031269877041253724,-0.0015847298918479913,-0.22388877734441148,0.020836184519532903,0.51,0
2023-05-10,27621.755859375,28322.6875,26883.669921875,27654.63671875,20656025026,42.61618016718317,28370.244410292853,28482.7039337211,-0.0013384371045779275,52.0,27192.693359375,-0.015533498383824628,-0.0013384371045779275,-0.06475939558003263,0.42616180167183165,-0.02638287284709817,-0.030227048539686163,-0.003948344359788969,0.15785551491605512,0.0207802101565675,0.52,0
2023-05-11,27000.7890625,27621.94140625,26781.826171875,27621.0859375,16724343943,38.47309512355769,28159.558972170875,28372.932461778793,-0.022481076150133283,52.0,27036.650390625,0.0013281585231450122,-0.022481076150133283,-0.0658660720566232,0.38473095123557693,-0.04115014410616469,-0.04836100044037428,-0.0075203185252478155,-0.04178250788746991,0.01807535749752127,0.52,1
2023-05-12,26804.990234375,27055.646484375,25878.4296875,26987.662109375,19313599897,37.24359845508149,27951.16378174074,28256.788593082216,-0.007251596524522896,49.0,27398.802734375,0.022153057874965708,-0.007251596524522896,-0.05798592609528663,0.3724359845508149,-0.04100629069743722,-0.05137874581624047,-0.010815978267831206,0.08457463777261374,0.015843321386907555,0.49,1
2023-05-13,26784.078125,27030.482421875,26710.873046875,26807.76953125,9999171605,37.107202690892784,27771.612142242164,28147.698928779828,-0.0007801573211611013,48.0,26832.208984375,0.0017969951831224356,-0.0007801573211611013,-0.03286583107349306,0.3710720269089278,-0.03555911742480622,-0.04844519643435519,-0.013361191175493614,-0.5658518004850764,0.014738694638959134,0.48,1
2023-05-14,26930.638671875,27150.9765625,26661.35546875,26788.974609375,10014858959,38.79886109400617,27642.231608339524,28057.54631715725,0.005471927993601522,48.0,26890.12890625,-0.001504225953144823,0.005471927993601522,-0.02632570345094898,0.3879886109400617,-0.025742962672009484,-0.04016415521670691,-0.01480224621651105,-0.5422101259664476,0.01532860899741045,0.48,1
2023-05-15,27192.693359375,27646.34765625,26766.09765625,26931.384765625,14413231792,41.81256453949621,27573.071877729595,27993.483135099304,0.009730726801279843,50.0,27129.5859375,-0.002320749218953075,0.009730726801279843,-0.015533498383824673,0.41812564539496205,-0.013795289840803804,-0.028606292823926682,-0.015018183172875066,-0.16844824929467317,0.012618676231089648,0.5,1
2023-05-16,27036.650390625,27299.3046875,26878.947265625,27171.513671875,12732238816,40.53264431013024,27490.54549509812,27922.606635508615,-0.005738415341494774,54.0,26753.826171875,-0.010460771384907567,-0.005738415341494774,0.001328158523145051,0.4053264431013024,-0.016510952994877925,-0.03172899494837855,-0.01547352459068252,-0.23477415917274347,0.011743619293113374,0.54,1
2023-05-17,27398.802734375,27465.927734375,26600.14453125,27035.470703125,15140006925,44.759030413865275,27476.43122421764,27883.806346535755,0.013394867282656264,50.0,26851.27734375,-0.019983551687755518,0.013394867282656264,0.022153057874965798,0.44759030413865275,-0.002825275568328456,-0.01739373764590113,-0.014609738615141699,-0.023551693650005284,0.01280945679401759,0.5,0
2023-05-18,26832.208984375,27466.52734375,26415.1015625,27401.650390625,15222938600,39.97253746569303,27377.320110395696,27805.910245634957,-0.02067950762275983,51.0,27225.7265625,0.014665865876125,-0.02067950762275983,0.001796995183122485,0.3997253746569303,-0.01991104767824614,-0.035017780488333816,-0.015413634419917721,-0.01057240925183551,0.011694437458289209,0.51,1
2023-05-19,26890.12890625,27128.619140625,26700.2109375,26826.75390625,11258983301,40.67100244372105,27302.367617450207,27738.0745908657,0.0021585968530852817,48.0,26334.818359375,-0.020651092778730812,0.0021585968530852817,-0.001504225953144811,0.4067100244372105,-0.015099009616174275,-0.030569738423550596,-0.015707902579473743,-0.31414573558137004,0.011803813339210479,0.48,0
2023-05-20,27129.5859375,27155.158203125,26843.27734375,26888.841796875,7044911360,43.59320542952195,27275.78582053479,27693.001357283054,0.008905016115201336,48.0,26476.20703125,-0.024083629870180357,0.008905016115201336,-0.0023207492189530887,0.43593205429521953,-0.005360061264475968,-0.02034504720214736,-0.015065739222900776,-0.758021282563599,0.012370892899973736,0.48,0
2023-05-21,26753.826171875,27265.91796875,26706.921875,27118.423828125,8647416921,40.24350097646947,27195.48433612559,27623.432825030603,-0.013850552916312875,52.0,26719.291015625,-0.0012908492425769416,-0.013850552916312875,-0.01046077138490753,0.4024350097646947,-0.016240128647530883,-0.031480759783324985,-0.015492226893582539,-0.5192149008580379,0.010985599291313394,0.52,1
2023-05-22,26851.27734375,27045.734375,26549.734375,26749.892578125,11056770492,41.4989888780232,27142.529414221655,27566.236122713522,0.0036425134576618667,49.0,26868.353515625,0.0006359538004986088,0.0036425134576618667,-0.019983551687755563,0.41498988878023196,-0.010730469000396536,-0.02593603188265603,-0.015370495507826987,-0.2547640476321889,0.010820698604101026,0.49,1
2023-05-23,27225.7265625,27434.68359375,26816.1796875,26855.9609375,13697203143,46.17823479584422,27155.328975495246,27541.013192327333,0.013945303754316907,50.0,28085.646484375,0.031584829146834636,0.013945303754316907,0.01466586587612495,0.4617823479584422,0.002592404130632442,-0.011447895094693461,-0.014003995210297271,-0.021414369591794984,0.011639613240438298,0.5,2
2023-05-24,26334.818359375,27224.603515625,26106.576171875,27224.603515625,16299104428,38.32393753914442,27029.096573015206,27451.665426923457,-0.03272302765106416,50.0,27745.884765625,0.05358177857899182,-0.03272302765106416,-0.020651092778730784,0.38323937539144415,-0.02568632702039131,-0.040684127909161316,-0.015393195543386362,0.14982641773193311,0.01579032106812058,0.5,2
2023-05-25,26476.20703125,26591.51953125,25890.59375,26329.4609375,13851122697,40.06617887730913,26944.036643512867,27379.409249466164,0.005368887301425707,51.0,27702.349609375,0.04631111158323312,0.005368887301425707,-0.024083629870180312,0.4006617887730913,-0.017363011283444862,-0.03298837494946216,-0.01590146091124245,0.0017479803016013514,0.015483814727261737,0.51,2
2023-05-26,26719.291015625,26916.669921875,26343.94921875,26474.181640625,12711619225,43.045035983371484,26909.46039306858,27330.51160251497,0.009181223884829448,49.0,27219.658203125,0.01872681379185524,0.009181223884829448,-0.0012908492425769413,0.4304503598337148,-0.007067008206993464,-0.022364037518921687,-0.015405902954544137,-0.07245452130456619,0.01585756200348755,0.49,1
2023-05-27,26868.353515625,26888.8828125,26621.140625,26720.181640625,7892015141,44.8550429409871,26903.13625807726,27296.277670152747,0.005578834405180588,48.0,26819.97265625,-0.0018006633471926233,0.005578834405180588,0.0006359538004985232,0.448550429409871,-0.0012928880156793943,-0.015677015001780426,-0.014402748126546627,-0.5365679914449423,0.015246470445920585,0.48,1
2023-05-28,28085.646484375,28193.44921875,26802.751953125,26871.158203125,14545229578,56.900695243857264,27085.06090827691,27354.74943416921,0.0453058267244435,50.0,27249.58984375,-0.029768110949132922,0.0453058267244435,0.03158482914683458,0.5690069524385727,0.03694234173910682,0.026719201064690168,-0.009858928759019392,0.09194795738402906,0.01979183006345268,0.5,0
2023-05-29,27745.884765625,28432.0390625,27563.876953125,28075.591796875,15181308984,53.3948866295155,27186.726117099694,27383.722421684455,-0.0120973437068298,52.0,27075.12890625,-0.02417496738853376,-0.0120973437068298,0.05358177857899182,0.5339488662951549,0.020567340330603923,0.013225460671985045,-0.00719391986053608,0.13079044798895076,0.020500079290957745,0.52,0
2023-05-30,27702.349609375,28044.759765625,27588.501953125,27745.123046875,13251081851,52.9447504891247,27266.052808218974,27407.32443558746,-0.0015690671469931194,51.0,27119.06640625,-0.02105536935854733,-0.0015690671469931194,0.04631111158323309,0.529447504891247,0.016001465420198535,0.0107644646043763,-0.005154520927444062,0.022994384439305234,0.020450856885165684,0.51,0
2023-05-31,27219.658203125,27831.677734375,26866.453125,27700.529296875,15656371534,48.10271522360586,27258.915176666054,27393.42323318283,-0.01742420455507676,51.0,25760.09765625,-0.05362156041722201,-0.01742420455507676,0.018726813791855257,0.48102715223605863,-0.0014401517186809487,-0.006343311990570921,-0.004910231750584693,0.1939251629925217,0.020792384635661527,0.51,0
2023-06-01,26819.97265625,27346.10546875,26671.720703125,27218.412109375,14678970415,44.47560721064639,27191.385558140508,27350.94541266929,-0.014683709247646393,52.0,27238.783203125,0.01561562169517732,-0.014683709247646393,-0.0018006633471926436,0.4447560721064639,-0.013659212072748339,-0.01941332368618376,-0.005833796679469594,0.14759509550761699,0.0214218818159593,0.52,1
2023-06-02,27249.58984375,27303.861328125,26574.64453125,26824.556640625,14837415000,48.93298323243383,27200.34006361889,27343.437592749342,0.01601855426947596,50.0,26345.998046875,-0.03315983110410922,0.01601855426947596,-0.029768110949132898,0.48932983232433824,0.0018106310441678986,-0.0034321854624536074,-0.00523334085720073,0.13941012681545312,0.02158034061786423,0.5,0
2023-06-03,27075.12890625,27317.052734375,26958.00390625,27252.32421875,8385597470,47.27334649586631,27181.07680863906,27323.562875230873,-0.0064023326039167605,53.0,26508.216796875,-0.02093848237391529,-0.0064023326039167605,-0.024174967388533752,0.47273346495866314,-0.003897855229759939,-0.009092297740060928,-0.005214768924625801,-0.42489453570115904,0.018489500553567597,0.53,0
2023-06-04,27119.06640625,27407.01953125,26968.224609375,27075.123046875,9360912318,47.753949669331924,27171.53674673305,27308.414988639695,0.001622799291266075,52.0,26480.375,-0.0235513788226428,0.001622799291266075,-0.02105536935854735,0.47753949669331924,-0.0019310773980922846,-0.006933708253242243,-0.005012310013729704,-0.29497397813758996,0.01847248549003747,0.52,0
2023-06-05,25760.09765625,27129.982421875,25445.16796875,27123.109375,21513292646,36.632099357484016,26954.39227127412,27193.72481587009,-0.05011119223804861,53.0,25851.240234375,0.0035381301476893542,-0.05011119223804861,-0.05362156041722199,0.36632099357484016,-0.04430797782433793,-0.05271904343105782,-0.008801021052338487,0.5028286940766048,0.024606065436476966,0.53,1
2023-06-06,27238.783203125,27313.8203125,25434.8671875,25732.109375,21929670693,50.21806625317186,26998.1447223281,27197.06247418527,0.057402171630208665,44.0,25940.16796875,-0.04767522927477961,0.057402171630208665,0.015615621695177273,0.5021806625317187,0.008913148783808333,0.0015340159982104584,-0.007313942527652717,0.49624200802331586,0.03125944547550907,0.44,0
2023-06-07,26345.998046875,27332.181640625,26146.98828125,27235.650390625,19530045082,44.073954975837964,26897.814464566083,27134.020664754877,-0.03277624957004588,53.0,25902.5,-0.016833602055459234,-0.03277624957004588,-0.03315983110410925,0.44073954975837965,-0.02051528827436966,-0.029041866946886374,-0.008705167697303673,0.36435406427323175,0.028845211121346265,0.53,0
2023-06-08,26508.216796875,26797.513671875,26246.6640625,26347.654296875,11904824295,45.38156168062653,26837.876361844377,27087.664822689698,0.0061572444403654725,50.0,25918.728515625,-0.022237945530892655,0.0061572444403654725,-0.020938482373915268,0.4538156168062653,-0.012283369985192194,-0.021391582833280243,-0.00922148374473708,-0.13303372666514335,0.028993847907806253,0.5,0
2023-06-09,26480.375,26770.2890625,26339.314453125,26505.923828125,11015551640,45.18628492064636,26782.87615232986,27042.68039137935,-0.0010503081775867784,50.0,25124.67578125,-0.05119637538176857,-0.0010503081775867784,-0.0235513788226428,0.4518628492064636,-0.011294573092499816,-0.020793256557460227,-0.009607192604040415,-0.22516313445109773,0.02899949522342503,0.5,0
2023-06-10,25851.240234375,26531.044921875,25501.8359375,26481.76171875,19872933189,40.903174720096196,26639.547549567575,26954.425564934583,-0.02375852931180167,49.0,25576.39453125,-0.01063181884633648,-0.02375852931180167,0.0035381301476893334,0.40903174720096197,-0.02959161801550081,-0.04092779970034799,-0.011681867031758886,0.32501294238454004,0.02938883818101238,0.49,1
2023-06-11,25940.16796875,26203.439453125,25668.986328125,25854.03125,10732609603,41.74374379929226,26531.95069098026,26879.295372624612,0.0034399794195076883,47.0,26327.462890625,0.01493031665568135,0.0034399794195076883,-0.04767522927477963,0.4174374379929226,-0.022304531209287992,-0.03493869131819105,-0.012922387913416378,-0.28992954362969814,0.02926731256674491,0.47,1
2023-06-12,25902.5,26087.919921875,25675.197265625,25934.28515625,11677889997,41.47464510240963,26435.11212313714,26806.940159837606,-0.001452109670044499,47.0,26510.67578125,0.02347942404208088,-0.001452109670044499,-0.01683360205545925,0.4147464510240963,-0.02014790482658768,-0.03373903005881462,-0.013870588529814487,-0.1984543811399611,0.02852142023740724,0.47,1
2023-06-13,25918.728515625,26376.3515625,25728.365234375,25902.94140625,14143474486,41.649170450513886,26355.668491212196,26741.146704710747,0.0006265231396582749,45.0,26336.212890625,0.01610744040736108,0.0006265231396582749,-0.022237945530892644,0.41649170450513884,-0.01657859582400223,-0.03075478393530784,-0.01441517141187687,0.000698636298263626,0.028561192916670104,0.45,1
2023-06-14,25124.67578125,26041.80078125,24902.15234375,25920.2578125,14265717766,35.993391151260084,26166.28499737186,26621.40811778773,-0.030636253390914137,46.0,26851.029296875,0.06871147435515726,-0.030636253390914137,-0.05119637538176858,0.35993391151260085,-0.039807302268032196,-0.056222883850296945,-0.017096132496153382,0.007838959681919146,0.02965754999555264,0.46,2
2023-06-15,25576.39453125,25735.30859375,24797.16796875,25121.673828125,15837384409,40.90935085905266,26075.532617968496,26543.99970397012,0.017979087727655774,41.0,28327.48828125,0.10756378294988497,0.017979087727655774,-0.01063181884633646,0.40909350859052657,-0.019142009255624703,-0.036452877618718404,-0.0176486999407085,0.10137169110973666,0.026346581838592044,0.41,2
2023-06-16,26327.462890625,26463.173828125,25245.357421875,25575.283203125,16324646965,48.053287535735365,26114.291121454113,26527.959940018627,0.029365685552642073,47.0,30027.296875,0.14053135312527518,0.029365685552642073,0.014930316655681342,0.4805328753573537,0.008163031046083402,-0.007557952056885031,-0.01559369131662769,0.10263732583717887,0.020312005543437962,0.47,2
2023-06-17,26510.67578125,26769.39453125,26174.4921875,26328.6796875,11090276850,49.652328068966845,26175.273376807327,26526.67963196169,0.006959002900740696,47.0,29912.28125,0.12831077928069368,0.006959002900740696,0.02347942404208081,0.49652328068966844,0.012813711613031575,-0.0006033114937011863,-0.013247276328204993,-0.2721748513455908,0.0175897501022205,0.47,2
2023-06-18,26336.212890625,26675.92578125,26325.890625,26510.45703125,9565695129,48.13291692727394,26200.033302010044,26512.57098445527,-0.006580854145875503,49.0,30695.46875,0.16552326173391393,-0.006580854145875503,0.016107440407361118,0.4813291692727394,0.0051976876153247975,-0.006651866917533944,-0.011788282721750032,-0.4005869071757384,0.017616920543551975,0.49,2
2023-06-19,26851.029296875,26984.611328125,26312.83203125,26335.44140625,12826986222,52.72973894963259,26300.186531989268,26537.641970560435,0.019547852547670663,47.0,30548.6953125,0.13771040114485836,0.019547852547670663,0.06871147435515734,0.5272973894963259,0.020944443272892244,0.011809162496887238,-0.008947872566620219,-0.10573276569331903,0.018716695257887807,0.47,2
2023-06-20,28327.48828125,28388.96875,26668.791015625,26841.6640625,22211859147,62.88826713135037,26612.07910879861,26670.22317875966,0.05498705349618893,49.0,30480.26171875,0.07599591662085069,0.05498705349618893,0.107563782949885,0.6288826713135037,0.06445979532220125,0.062139153893927546,-0.002180111863756551,0.4206130155107518,0.022968320968554817,0.49,2
2023-06-21,30027.296875,30737.330078125,28283.41015625,28311.310546875,33346760979,70.69611449835168,27137.497226675747,26918.895304407095,0.06000562340273241,59.0,30271.130859375,0.008120410751259141,0.06000562340273241,0.1405313531252752,0.7069611449835168,0.10648733094972451,0.11547285040645794,0.00812076126440675,0.764916366779453,0.02779021500091464,0.59,1
2023-06-22,29912.28125,30495.998046875,29679.158203125,29995.935546875,20653160491,69.6286593863104,27564.387076417937,27140.627596673236,-0.0038303689299371557,65.0,30688.1640625,0.025938603813442013,-0.0038303689299371557,0.12831077928069368,0.696286593863104,0.08517853733053804,0.10212194406537978,0.015613473868107741,0.26725958039797887,0.027957092135247566,0.65,1
2023-06-23,30695.46875,31389.5390625,29845.21484375,29896.3828125,24115570085,72.65630389886527,28046.091949276717,27403.94916358633,0.02618280743799839,65.0,30086.24609375,-0.019847315615598802,0.02618280743799839,0.16552326173391396,0.7265630389886527,0.09446509715203333,0.12011114043326843,0.02343249076463949,0.37369821449018803,0.027679907746563384,0.65,0
2023-06-24,30548.6953125,30804.1484375,30290.146484375,30708.73828125,12147822496,71.22335808788002,28431.10785131107,27636.89332276512,-0.0047815994828226405,62.0,30445.3515625,-0.003382918613801275,-0.0047815994828226405,0.13771040114485844,0.7122335808788002,0.07448135585371785,0.10535923686242854,0.02873747491335199,-0.3203708401067587,0.023601780385695527,0.62,1
2023-06-25,30480.26171875,31041.271484375,30327.943359375,30545.150390625,12703464114,70.52495548099402,28746.36229245552,27847.513203949184,-0.002240147837737516,64.0,30477.251953125,-9.874474349242664e-05,-0.002240147837737516,0.07599591662085059,0.7052495548099402,0.060317177131992805,0.09454160217176777,0.03227753522992738,-0.2489723717978786,0.024635982205942278,0.64,1
2023-06-26,30271.130859375,30636.029296875,29955.744140625,30480.5234375,16493186997,68.32017264736078,28980.942071981593,28027.040437684427,-0.006861189753050945,55.0,30590.078125,0.010536351189080922,-0.006861189753050945,0.008120410751259133,0.6832017264736078,0.04451852476668616,0.08006876169034349,0.034035046847635586,0.028922633390639323,0.025423647785196957,0.55,1
2023-06-27,30688.1640625,31006.787109375,30236.650390625,30274.3203125,16428827944,70.31324438402635,29243.591608984425,28224.160706189286,0.013776598074988877,59.0,30620.76953125,-0.0021961082817708883,0.013776598074988877,0.02593860381344193,0.7031324438402635,0.04939791503146851,0.08730120912932526,0.03611908653041329,0.03473736704448893,0.025294846336747525,0.59,1
2023-06-28,30086.24609375,30703.279296875,29921.822265625,30696.560546875,14571500779,64.04985209220484,29373.230760486822,28362.09295711971,-0.01961401038928634,62.0,31156.439453125,0.03557085041584227,-0.01961401038928634,-0.019847315615598826,0.6404985209220484,0.02427432443768951,0.06079075825740432,0.03565102917107854,-0.09360022224649117,0.026821239040989153,0.62,2
2023-06-29,30445.3515625,30796.25,30057.203125,30086.1875,13180860821,65.99598318900993,29538.172422335003,28516.4084093701,0.011935868224670187,54.0,30777.58203125,0.010912354487612923,0.011935868224670187,-0.0033829186138012446,0.6599598318900993,0.030712094411062596,0.06764327139093984,0.03583073991285546,-0.20064527108592062,0.026745286434513987,0.54,1
2023-06-30,30477.251953125,31256.86328125,29600.275390625,30441.353515625,26387306197,66.17117627921748,29682.646196302692,28661.65607927787,0.0010477918298796851,56.0,30514.166015625,0.0012112004900171126,0.0010477918298796851,-9.874474349247375e-05,0.6617117627921748,0.02677004440801123,0.06334581186883304,0.03562216063861667,0.4734546457143484,0.022415400284473093,0.56,1
2023-07-01,30590.078125,30641.2890625,30328.865234375,30471.84765625,9086606733,66.82225301453906,29822.251108409968,28804.502156738767,0.0037019798257575953,59.0,29909.337890625,-0.022253628499845485,0.0037019798257575953,0.010536351189081028,0.6682225301453906,0.02574678262210406,0.061989475066955846,0.03533298184197564,-0.5876067631462905,0.012778554419956815,0.59,0
2023-07-02,30620.76953125,30766.140625,30264.01953125,30587.26953125,10533418042,67.00826547922851,29945.100096539205,28939.040480776635,0.0010033124506771962,63.0,30342.265625,-0.009095261501046637,0.0010033124506771962,-0.002196108281770859,0.6700826547922851,0.022563605816394716,0.058112813090347215,0.03476478829458318,-0.43635001139689095,0.012626895414781413,0.63,1
2023-07-03,31156.439453125,31375.61328125,30586.513671875,30624.515625,15271884873,70.1535045183987,30131.459997552407,29103.292256506145,0.01749367929268808,62.0,30292.541015625,-0.027727765196011535,0.01749367929268808,0.03557085041584229,0.701535045183987,0.03401691971301268,0.07054690508974515,0.0353282278851601,-0.06834564669437883,0.011004325641149969,0.62,0
2023-07-04,30777.58203125,31325.197265625,30659.35546875,31156.865234375,12810828427,65.40432895459008,30230.863387352038,29227.313721301987,-0.012159843310882601,64.0,30171.234375,-0.019700951674317537,-0.012159843310882601,0.010912354487612852,0.6540432895459009,0.018084784311079183,0.05304176513553882,0.034336021285412466,-0.23960986720925367,0.011701034097584148,0.64,0
2023-07-05,30514.166015625,30877.330078125,30225.61328125,30778.724609375,12481622280,62.24894710027363,30274.44840708634,29322.636113474062,-0.0085586975402272,61.0,30414.470703125,-0.0032671812970064555,-0.0085586975402272,0.0012112004900171058,0.6224894710027363,0.007918149500703908,0.04063515631882142,0.0324599838134918,-0.25528305080120955,0.012049362843858009,0.61,1
2023-07-06,29909.337890625,31460.052734375,29892.2265625,30507.150390625,21129219509,55.614456107715505,30218.27755839998,29366.095504374134,-0.019821224171432172,56.0,30620.951171875,0.023792344847361306,-0.019821224171432172,-0.022253628499845468,0.556144561077155,-0.01022360282375201,0.01849896545388363,0.02901924955937396,0.2563162864295419,0.013500079081981196,0.56,1
2023-07-07,30342.265625,30434.64453125,29777.28515625,29907.998046875,13384770155,58.984185693582155,30237.35264556921,29438.404402198274,0.014474667943441766,55.0,30391.646484375,0.0016274611785849463,0.014474667943441766,-0.00909526150104667,0.5898418569358216,0.003469648307526718,0.030703471915557667,0.027139658537718825,-0.207214612561458,0.013587186608416449,0.55,1
2023-07-08,30292.541015625,30374.4375,30080.16015625,30346.921875,7509378699,58.43544080956622,30245.843164039332,29501.67378097062,-0.0016387902600796256,58.0,31476.048828125,0.03906928150694069,-0.0016387902600796256,-0.0277277651960115,0.5843544080956622,0.0015439427934742511,0.02680753778670386,0.025224649577296976,-0.7789158968984675,0.011948525842413746,0.58,2
2023-07-09,30171.234375,30427.58984375,30085.591796875,30291.611328125,7903327692,57.04125127282356,30234.364888802513,29551.270862009835,-0.004004505286051452,55.0,30334.068359375,0.005396994446800787,-0.004004505286051452,-0.019700951674317513,0.5704125127282356,-0.002088038364116418,0.020979250465575472,0.023115554995329912,-0.7126260106553274,0.011337792187889202,0.55,1
2023-07-10,30414.470703125,31026.083984375,29985.39453125,30172.423828125,14828209155,59.14603857603616,30262.073475621357,29615.21159098133,0.008061862007427312,56.0,30295.806640625,-0.0039015659242693187,0.008061862007427312,-0.0032671812970064273,0.5914603857603616,0.005035914925869633,0.026988127695399156,0.021842217221808236,-0.06020651376786806,0.011679782678563103,0.56,1
2023-07-11,30620.951171875,30788.314453125,30358.09765625,30417.6328125,12151839152,60.897483643928815,30317.285428891148,29689.710819195676,0.006788889103658935,57.0,30249.1328125,-0.01214261298703585,0.006788889103658935,0.02379234484736137,0.6089748364392882,0.010016257679009488,0.031365760291516054,0.02113778114974818,-0.18959389284535835,0.01183254019501666,0.57,1
2023-07-12,30391.646484375,30959.96484375,30228.8359375,30622.24609375,14805659717,57.92742380349197,30328.72559127328,29741.706053653405,-0.007488490028050299,64.0,30145.888671875,-0.00808636059340679,-0.007488490028050299,0.0016274611785849213,0.5792742380349197,0.0020746303009786526,0.021852829476194602,0.019737251674833534,0.028040709610537205,0.012067978984628502,0.64,1
2023-07-13,31476.048828125,31814.515625,30268.3515625,30387.48828125,23686079548,66.29843802792118,30505.236858481236,29870.17588879945,0.03568093437476372,57.0,29856.5625,-0.051451385685929225,0.03568093437476372,0.03906928150694067,0.6629843802792118,0.03182443637948196,0.0537617503594181,0.021260704056313084,0.49941149048630074,0.01588036225545229,0.57,0
2023-07-14,30334.068359375,31582.25390625,29966.38671875,31474.720703125,20917902660,54.09255091905364,30478.90324323412,29904.53829402727,-0.036280934592069825,60.0,29913.923828125,-0.013850582990466256,-0.036280934592069825,0.005396994446800862,0.5409255091905364,-0.004751971640950425,0.014363373917513966,0.019206614847538495,0.34508031253150917,0.019535200229627,0.6,1
2023-07-15,30295.806640625,30407.78125,30263.462890625,30331.783203125,8011667756,53.735591726985156,30450.734535140407,29933.52113451599,-0.001261344778969442,56.0,29792.015625,-0.016629067567042237,-0.001261344778969442,-0.003901565924269268,0.5373559172698515,-0.005087821258847436,0.01210300333465475,0.017278735712385807,-0.5986629438652415,0.01936862352391976,0.56,0
2023-07-16,30249.1328125,30437.560546875,30089.669921875,30297.47265625,8516564470,53.273755441969115,30419.71888550342,29956.89977732962,-0.001540603578530031,57.0,29908.744140625,-0.01125284066769476,-0.001540603578530031,-0.012142612987035895,0.5327375544196912,-0.005607746529331381,0.009755116094874783,0.015449499501415165,-0.5098105879995848,0.018173346930356205,0.57,1
2023-07-17,30145.888671875,30336.400390625,29685.783203125,30249.626953125,13240156074,52.20491209402282,30377.591160329815,29970.898954703353,-0.0034131272874816654,54.0,29771.802734375,-0.012409185928196185,-0.0034131272874816654,-0.008086360593406838,0.5220491209402283,-0.007627414801651411,0.0058386542704680355,0.013569569809738447,-0.05726193611353579,0.01760155914777898,0.54,1
2023-07-18,29856.5625,30233.65625,29556.427734375,30147.0703125,13138897269,49.22441760559256,30297.43290489446,29962.42958768829,-0.009597533349379406,56.0,30084.5390625,0.007635727070053694,-0.009597533349379406,-0.05145138568592922,0.49224417605592563,-0.014551411212903043,-0.003533327875780534,0.011180779456677392,-0.05981710936020569,0.01783665105290458,0.56,1
2023-07-19,29913.923828125,30184.181640625,29794.26953125,29862.046875,12128602812,49.835903035934656,30238.43150846839,29958.83656846138,0.0019212301525000086,50.0,29176.916015625,-0.024637617476550067,0.0019212301525000086,-0.013850582990466265,0.4983590303593466,-0.010731630714791218,-0.0014991483475582656,0.009332636778737635,-0.13604867814903532,0.017835453572454824,0.5,0
2023-07-20,29792.015625,30195.53125,29638.095703125,29915.25,14655207121,48.49911236668306,30169.752141780948,29946.479461538314,-0.0040752996439197275,56.0,29227.390625,-0.018952225559595717,-0.0040752996439197275,-0.01662906756704219,0.48499112366683056,-0.012520371894531923,-0.005157996509629781,0.007455723819869808,0.09631072084395666,0.01758316292056757,0.56,0
2023-07-21,29908.744140625,30045.998046875,29733.8515625,29805.111328125,10972789818,49.885277962149864,30129.597064680034,29943.684252581774,0.0039181140710413676,50.0,29354.97265625,-0.018515370681272205,0.0039181140710413676,-0.011252840667694719,0.49885277962149865,-0.007330098825448106,-0.0011668608198659447,0.006208748747483561,-0.20012724814318522,0.017447970914817715,0.5,0
2023-07-22,29771.802734375,29991.615234375,29664.12109375,29908.697265625,7873300598,48.24471592190243,30074.551783094645,29930.95228827016,-0.004578641136054662,52.0,29210.689453125,-0.01884713822190316,-0.004578641136054662,-0.012409185928196176,0.4824471592190243,-0.010066618811251038,-0.005317223199661769,0.004797692149633326,-0.5220959564215776,0.01737433627154017,0.52,0
2023-07-23,30084.5390625,30330.640625,29741.52734375,29790.111328125,9220145050,52.11751673164903,30076.088287618546,29942.32908636126,0.010504447141318263,54.0,29319.24609375,-0.025438081905131398,0.010504447141318263,0.007635727070053777,0.5211751673164904,0.00028097985351815957,0.004749462733128373,0.004467227678631502,-0.3411177960714964,0.012444642438169043,0.54,0
2023-07-24,29176.916015625,30093.39453125,28934.294921875,30081.662109375,15395817395,42.23892224961805,29937.75409192723,29885.63182186228,-0.03016908602087709,55.0,29356.91796875,0.006169327595438951,-0.03016908602087709,-0.024637617476550022,0.4223892224961805,-0.02541399979323733,-0.023714265452431604,0.0017440578260359274,0.1616700859062614,0.010740535499869691,0.55,1
2023-07-25,29227.390625,29353.16015625,29062.43359375,29178.970703125,10266772793,42.88725301003061,29828.467404707655,29836.873214687294,0.0017299501204297574,50.0,29275.30859375,0.0016394884293575215,0.0017299501204297574,-0.018952225559595748,0.4288725301003061,-0.020151111740081884,-0.02042716022224722,-0.00028172556551608885,-0.235021902429721,0.010860976615860891,0.5,1
2023-07-26,29354.97265625,29675.552734375,29113.912109375,29225.759765625,13497554655,44.580518384675706,29755.622058791094,29801.17687702527,0.004365152978824893,51.0,29230.111328125,-0.004253498362513911,0.004365152978824893,-0.01851537068127218,0.44580518384675705,-0.013464662299766172,-0.01497270468936629,-0.0015286248064013686,0.06839655623575396,0.011138202093682981,0.51,1
2023-07-27,29210.689453125,29560.966796875,29099.3515625,29353.798828125,10770779217,43.026904729978725,29671.786273304002,29757.437067847473,-0.004915119656712763,51.0,29675.732421875,0.01592030100817251,-0.004915119656712763,-0.018847138221903204,0.43026904729978727,-0.015539907706663914,-0.018373477980508812,-0.0028782987711000185,-0.14685233335547088,0.011155412872586168,0.51,1
2023-07-28,29319.24609375,29521.513671875,29125.845703125,29212.1640625,11218474952,44.59149158806416,29617.549322603387,29724.978477173587,0.0037163327075591113,52.0,29151.958984375,-0.005705709786673563,0.0037163327075591113,-0.025438081905131416,0.4459149158806416,-0.01007184036748543,-0.013649543387732166,-0.003614103695741888,-0.12088445250108425,0.01108669291945301,0.52,1
2023-07-29,29356.91796875,29396.84375,29264.166015625,29319.4453125,6481775959,45.15437362398836,29577.452191241326,29697.714735808877,0.001284885528077373,52.0,29178.6796875,-0.006071423486611639,0.001284885528077373,0.006169327595438867,0.45154373623988364,-0.007456160221827046,-0.011475521604628725,-0.004049555517567915,-0.6638217118909255,0.011065031966874962,0.52,1
2023-07-30,29275.30859375,29443.169921875,29059.501953125,29357.09375,8678454527,44.1089903546053,29530.968560858044,29666.425391952664,-0.002779902682116475,52.0,29074.091796875,-0.0068732596355263655,-0.002779902682116475,0.0016394884293575718,0.441089903546053,-0.008657351233881005,-0.01318381952106562,-0.004565997733294913,-0.34724425740766496,0.011043281587967444,0.52,1
2023-07-31,29230.111328125,29489.873046875,29131.578125,29278.314453125,11656781982,43.50822636140361,29484.682832745268,29634.105831669134,-0.0015438698273756435,50.0,29042.126953125,-0.006431189155927806,-0.0015438698273756435,-0.0042534983625138745,0.43508226361403607,-0.008634025540120271,-0.01363275496952554,-0.005042264469616087,-0.05018205984782029,0.010868648212406668,0.5,1
2023-08-01,29675.732421875,29675.732421875,28657.0234375,29230.873046875,18272392391,50.64563567525652,29514.075077226767,29637.189282795494,0.015245275282999904,53.0,29041.85546875,-0.021360111491561622,0.015245275282999904,0.015920301008172544,0.5064563567525652,0.005477296653384478,0.0013004991368017471,-0.004154044582095229,0.38527793188494297,0.012129204290563179,0.53,0
2023-08-02,29151.958984375,29987.998046875,28946.509765625,29704.146484375,19212655598,43.662833730149,29458.364909095726,29601.24629772731,-0.01764989082843693,53.0,29180.578125,0.0009817227254037856,-0.01764989082843693,-0.005705709786673507,0.43662833730149003,-0.010401321514831197,-0.015177986387242215,-0.004826870706540309,0.4536141566337914,0.012611903631145392,0.53,1
2023-08-03,29178.6796875,29375.70703125,28959.48828125,29161.8125,12780357746,44.086373749531695,29415.336413465615,29569.9450673401,0.0009166006009861949,52.0,29765.4921875,0.02011100249513303,0.0009166006009861949,-0.006071423486611605,0.44086373749531693,-0.008045351670949441,-0.013231860219864,-0.005228574267635344,0.07985589306338141,0.008276759406460896,0.52,1
2023-08-04,29074.091796875,29302.078125,28885.3359375,29174.3828125,12036639988,42.73220447064738,29362.837241682442,29533.2151954538,-0.0035843942133476636,54.0,29561.494140625,0.016764146827189557,-0.0035843942133476636,-0.006873259635526319,0.42732204470647384,-0.009833703821970907,-0.01554600119019467,-0.00576902828370629,0.0029898470492775316,0.008326439042909155,0.54,1
2023-08-05,29042.126953125,29102.46484375,28957.796875,29075.388671875,6598366353,42.30451245920353,29313.49719728899,29496.83828861463,-0.0010994270766331304,50.0,29429.591796875,0.013341476138279462,-0.0010994270766331304,-0.0064311891559277745,0.4230451245920353,-0.009257518553231092,-0.015415595767941714,-0.0062156184175307105,-0.5901192576653355,0.008149505143648155,0.5,1
2023-08-06,29041.85546875,29160.822265625,28963.833984375,29043.701171875,7269806994,42.30064006361849,29271.706162129147,29463.135857513545,-9.347950838400898e-06,49.0,29397.71484375,0.012253327800729416,-9.347950838400898e-06,-0.021360111491561584,0.4230064006361849,-0.00785231623008431,-0.014298559080774598,-0.006497261401847032,-0.46781647264014475,0.008037262313101312,0.49,1
2023-08-07,29180.578125,29244.28125,28724.140625,29038.513671875,13618163710,45.06763618149869,29257.686464109276,29442.205655105136,0.004776645775930843,49.0,29415.96484375,0.008066554327391347,0.004776645775930843,0.0009817227254038663,0.45067636181498694,-0.00263548996616203,-0.008886138938431376,-0.006267166025445636,0.15779569547499656,0.008106500795069476,0.49,1
2023-08-08,29765.4921875,30176.796875,29113.814453125,29180.01953125,17570561357,54.890440464991244,29335.810421554,29466.152805652906,0.020044635853149417,54.0,29282.9140625,-0.01621267076519764,0.020044635853149417,0.02011100249513298,0.5489044046499124,0.014647005137117253,0.010158753462707448,-0.004423461215265934,0.3894898395351405,0.010397934511169242,0.54,0
2023-08-09,29561.494140625,30093.435546875,29376.80078125,29766.6953125,18379521213,51.43588589513935,29370.53099371877,29473.215126761952,-0.006853508270246889,50.0,29408.443359375,-0.005177369605268678,-0.006853508270246889,0.01676414682718952,0.5143588589513935,0.006501862255982704,0.0029952284975822696,-0.0034839813912919126,0.4189778791642097,0.01065781133242137,0.5,1
2023-08-10,29429.591796875,29688.564453125,29354.447265625,29563.97265625,11865344789,49.27642320691072,29379.617271127423,29469.983768992548,-0.004461964714047806,53.0,29170.34765625,-0.008808961483880589,-0.004461964714047806,0.013341476138279518,0.4927642320691072,0.001700993082598412,-0.0013706139926703553,-0.0030663911651083176,-0.022322176935047598,0.010775241138091193,0.53,1
2023-08-11,29397.71484375,29517.7734375,29253.517578125,29424.90234375,10195168197,48.74381485721628,29382.40151306936,29464.630515270877,-0.001083159880198692,51.0,28701.779296875,-0.023673117130835662,-0.001083159880198692,0.012253327800729519,0.4874381485721628,0.0005211735560086694,-0.002271050759866,-0.002790769840432916,-0.18355299200492214,0.009492484528745522,0.51,0
2023-08-12,29415.96484375,29465.11328125,29357.587890625,29399.787109375,6194358008,49.08312844731257,29387.565102404842,29461.025650713775,0.0006207965516027425,54.0,26664.55078125,-0.09353472092840742,0.0006207965516027425,0.00806655432739145,0.4908312844731257,0.0009663863353834845,-0.0015295057102903131,-0.0024934823783757665,-0.6694002284211427,0.007448724463843098,0.54,0
2023-08-13,29282.9140625,29441.43359375,29265.806640625,29416.59375,7329897180,46.65807648492338,29371.464942419483,29447.832199734978,-0.004523080645381872,54.0,26049.556640625,-0.1104178844692124,-0.004523080645381872,-0.016212670765197612,0.4665807648492338,-0.0030148608553601797,-0.005600348987198522,-0.0025933065903636088,-0.4671735221562252,0.007645567524569309,0.54,0
2023-08-14,29408.443359375,29660.25390625,29124.10546875,29283.263671875,14013695304,49.20782850176655,29377.15392964341,29444.91450785646,0.004286776125049352,50.0,26096.205078125,-0.11262882026001912,0.004286776125049352,-0.005177369605268711,0.4920782850176655,0.0010650939776715163,-0.0012386230047205515,-0.002301265917921791,0.16500728098636264,0.0075967863011290005,0.5,0
2023-08-15,29170.34765625,29439.12109375,29088.853515625,29408.048828125,12640195779,44.830639028746795,29345.337579890576,29424.576222552278,-0.008096168172366025,53.0,26189.583984375,-0.10218471534864774,-0.008096168172366025,-0.00880896148388055,0.44830639028746794,-0.005963125255048718,-0.00864000773976914,-0.0026929408281832767,0.06546838877534765,0.008132338100533053,0.53,0
2023-08-16,28701.779296875,29221.9765625,28701.779296875,29169.07421875,14949271904,37.719582826960526,29246.328613272795,29371.03570953915,-0.016063173634291772,52.0,26124.140625,-0.08980762639184703,-0.016063173634291772,-0.02367311713083564,0.37719582826960524,-0.018619407707491265,-0.022786272138397456,-0.004245920964436767,0.2157561071114134,0.00967564552730746,0.52,0
2023-08-17,26664.55078125,28745.947265625,25409.111328125,28699.802734375,31120851211,21.644393993077898,28849.13202373083,29170.555344480694,-0.07097917151940503,50.0,26031.65625,-0.023735428226116573,-0.07097917151940503,-0.09353472092840742,0.21644393993077898,-0.07572433169510362,-0.08590870258165484,-0.011018759051862892,0.8696101288927374,0.023832508268935914,0.5,0
2023-08-18,26049.556640625,26808.1953125,25668.921875,26636.078125,24026236529,19.01049805576295,28418.42811863762,28939.3702553062,-0.02306411031148714,37.0,26431.640625,0.014667581089619373,-0.02306411031148714,-0.11041788446921241,0.1901049805576295,-0.08335687913924583,-0.09985751552943123,-0.018001156627555193,0.5457884429759872,0.02187134584558252,0.37,1
2023-08-19,26096.205078125,26249.44921875,25802.408203125,26047.83203125,10631443812,19.807642401789195,28061.163035481834,28728.765427366852,0.0017907574452629138,39.0,26162.373046875,0.002535539882213178,0.0017907574452629138,-0.11262882026001908,0.19807642401789194,-0.07002410965191463,-0.0916349975392291,-0.023238116290547728,-0.27653231011943147,0.022308671677312115,0.39,1
2023-08-20,26189.583984375,26260.681640625,26004.314453125,26096.861328125,9036580420,21.473811684477823,27773.227796850013,28540.67791307116,0.00357825614760654,37.0,26047.66796875,-0.005418796102666949,0.00357825614760654,-0.1021847153486477,0.21473811684477823,-0.0570205171706627,-0.08237694759238345,-0.02688969472128988,-0.4296777512627034,0.022757210600872397,0.37,1
2023-08-21,26124.140625,26220.201171875,25846.087890625,26188.69140625,13371557893,21.142269171431025,27519.52207810386,28361.675150991814,-0.002498831574187843,38.0,26008.462890625,-0.004428001519188729,-0.002498831574187843,-0.08980762639184703,0.21142269171431025,-0.0507051484812705,-0.07889289028520474,-0.029693347392370284,-0.0200258336202629,0.02269052992337964,0.38,1
2023-08-22,26031.65625,26135.5078125,25520.728515625,26130.748046875,14503820706,20.656888525423454,27290.619643010956,28189.081158325753,-0.0035401882238949023,37.0,26089.693359375,0.0022294820128857533,-0.0035401882238949023,-0.02373542822611663,0.20656888525423456,-0.046131726193083034,-0.07653406282412822,-0.031872678299393,0.07866558877306792,0.02248085151872905,0.37,1
2023-08-23,26431.640625,26786.8984375,25804.998046875,26040.474609375,16985265785,28.321324060445946,27158.469024855425,28058.9003780794,0.015365306423789304,37.0,26106.150390625,-0.012314416611246583,0.015365306423789304,0.014667581089619297,0.28321324060445946,-0.026762495308193968,-0.05799442355733486,-0.03209075698231656,0.2210391817813758,0.02403320543659271,0.37,1
2023-08-24,26162.373046875,26554.91015625,25914.92578125,26431.51953125,12871532023,26.467735041825208,27005.223489781514,27918.41687206426,-0.01018731988472621,41.0,27727.392578125,0.059819479236304825,-0.01018731988472621,0.0025355398822131114,0.2646773504182521,-0.03121064497857018,-0.06289911900220935,-0.0327093540607063,-0.05934998614031788,0.023512607062405433,0.41,2
2023-08-25,26047.66796875,26248.103515625,25786.8125,26163.6796875,12406045118,25.696206197307816,26857.907255776667,27779.842879226166,-0.004384352975912553,39.0,27297.265625,0.047973494508190585,-0.004384352975912553,-0.005418796102666934,0.25696206197307814,-0.03016762547098295,-0.06235366117824559,-0.03318721518540069,-0.11722151291071504,0.023599161410549702,0.39,2
2023-08-26,26008.462890625,26107.384765625,25983.87890625,26047.234375,6034817316,25.423425387084592,26727.223507291797,27648.629546737193,-0.0015051281432193475,38.0,25931.47265625,-0.0029601993281483724,-0.0015051281432193475,-0.004428001519188762,0.2542342538708459,-0.026892453549120177,-0.05932180665011477,-0.03332555915250168,-0.833423151092227,0.023700813326797025,0.38,1
2023-08-27,26089.693359375,26165.373046875,25965.09765625,26008.2421875,6913768611,27.14903066456735,26629.141946073825,27533.152792117773,0.0031232321991347956,38.0,25800.724609375,-0.011075973412932535,0.0031232321991347956,0.002229482012885864,0.2714903066456735,-0.020257828351782914,-0.0524262311563537,-0.03283353900185193,-0.6730190170803072,0.0099576508301835,0.38,1
2023-08-28,26106.150390625,26198.578125,25880.599609375,26089.615234375,11002805166,27.514966205724548,26548.681706774005,27427.448910525716,0.0006307866874213364,39.0,25868.798828125,-0.009091787143968784,0.0006307866874213364,-0.012314416611246548,0.2751496620572455,-0.016668673836113368,-0.048174313411760594,-0.03203969886584934,-0.18385352577055503,0.006714325463420298,0.39,1
2023-08-29,27727.392578125,28089.337890625,25912.62890625,26102.486328125,29368391712,52.71396336081959,26730.021840828,27449.666959977516,0.062101924766441385,39.0,25969.56640625,-0.06339673544571961,0.062101924766441385,0.05981947923630493,0.5271396336081959,0.03731275429687808,0.01011763161106538,-0.02621689801186955,0.757205027636985,0.0207279204824142,0.39,0
2023-08-30,27297.265625,27760.16015625,27069.20703125,27726.083984375,16343655235,47.95111188711956,26817.290115316002,27438.377972201404,-0.015512708305083889,49.0,25812.416015625,-0.05439554385312174,-0.015512708305083889,0.04797349450819066,0.4795111188711956,0.017897986993468562,-0.005142882255808612,-0.022635735155869807,0.1549990357452347,0.02185190634777574,0.49,0
2023-08-31,25931.47265625,27456.078125,25752.9296875,27301.9296875,20181001451,36.63274576194042,26681.010506228926,27326.755356205,-0.0500340578984273,52.0,25779.982421875,-0.005841944897737532,-0.0500340578984273,-0.002960199328148394,0.3663274576194042,-0.02809255855597892,-0.051059215840572825,-0.023630498445892045,0.3308509849690475,0.027855167657690496,0.52,1
2023-09-01,25800.724609375,26125.869140625,25362.609375,25934.021484375,17202862221,35.76248820199318,26545.581906712934,27213.716041625004,-0.005042060225742162,40.0,25753.236328125,-0.0018405793623619614,-0.005042060225742162,-0.011075973412932538,0.3576248820199318,-0.028059558082227265,-0.051922031893356646,-0.02455137453077405,0.13391809238620045,0.027878053766297223,0.4,1
2023-09-02,25868.798828125,25970.28515625,25753.09375,25800.91015625,10100387473,36.60689648720738,26441.46143308402,27114.092544328705,0.0026384615075991658,39.0,26240.1953125,0.014356928083232507,0.0026384615075991658,-0.009091787143968744,0.3660689648720738,-0.021657751649176826,-0.04592791420800013,-0.024807435843371972,-0.4077480938769541,0.027356670050751715,0.39,1
2023-09-03,25969.56640625,26087.1484375,25817.03125,25869.47265625,8962524523,37.90803055659498,26368.862198186478,27029.31283039695,0.0038953327054152,40.0,25905.654296875,-0.0024610387549488895,0.0038953327054152,-0.06339673544571955,0.3790803055659498,-0.015142700846756285,-0.039207301746686185,-0.024434606841641004,-0.5104981985272636,0.027240138661187206,0.4,1
2023-09-04,25812.416015625,26081.525390625,25657.025390625,25968.169921875,10680635106,36.6448306599264,26283.25509317702,26939.17232559903,-0.006051329012069284,40.0,25895.677734375,0.0032256460882855477,-0.006051329012069284,-0.05439554385312173,0.366448306599264,-0.017914032180673334,-0.041825943884078676,-0.024348084064881315,-0.32853489291657056,0.02727225173010966,0.4,1
2023-09-05,25779.982421875,25858.375,25589.98828125,25814.95703125,11094740040,36.37542099057048,26205.828528361322,26853.306406804655,-0.0012565113521479931,40.0,25832.2265625,0.0020265390321084725,-0.0012565113521479931,-0.005841944897737483,0.36375420990570484,-0.01625005315231487,-0.03996990049082649,-0.02411166314622848,-0.277419305489173,0.027271423472515433,0.4,1
2023-09-06,25753.236328125,25953.015625,25404.359375,25783.931640625,12752705327,36.139464382341174,26136.198959094196,26771.819734309865,-0.0010374752516241204,42.0,25162.654296875,-0.022932342317110176,-0.0010374752516241204,-0.001840579362361927,0.36139464382341174,-0.014652575593282369,-0.03804684987025675,-0.023742158042438954,-0.07336908916340452,0.027240865802014923,0.42,0
2023-09-07,26240.1953125,26409.302734375,25608.201171875,25748.3125,11088307100,43.34518833297824,26152.198398079705,26732.440147509133,0.018908652030005024,41.0,25833.34375,-0.01550489840699428,0.018908652030005024,0.014356928083232523,0.4334518833297824,0.0033647998948629354,-0.018413763662910476,-0.021705528796760243,-0.1649364734777041,0.027963577246064453,0.41,0
2023-09-08,25905.654296875,26414.005859375,25677.48046875,26245.208984375,10817356400,40.005496462712586,26114.268536355903,26671.196751165862,-0.012749181613965876,46.0,26228.32421875,0.012455578931813495,-0.012749181613965876,-0.002461038754948852,0.40005496462712586,-0.007988515519417039,-0.028702966028601562,-0.02088126078503072,-0.19038629887692315,0.017988192620888997,0.46,1
2023-09-09,25895.677734375,25921.9765625,25810.494140625,25905.42578125,5481314132,39.90674851254535,26080.639182204995,26613.750898070244,-0.0003851113886439439,41.0,26539.673828125,0.024868864231158267,-0.0003851113886439439,0.003225646088285572,0.3990674851254535,-0.007091906242704171,-0.02698128371477737,-0.02003143855622036,-0.8565159284554282,0.01779265920872519,0.41,1
2023-09-10,25832.2265625,25978.130859375,25640.26171875,25895.2109375,7899553047,39.2432847913864,26042.421856096535,26555.860206546524,-0.0024502611024840304,40.0,26608.693359375,0.030058067003878693,-0.0024502611024840304,0.0020265390321083654,0.392432847913864,-0.008071265213274614,-0.027249489883522382,-0.01933427674556809,-0.4696308764659827,0.008244973849222875,0.4,1
2023-09-11,25162.654296875,25883.947265625,24930.296875,25831.71484375,14600006467,33.00707920780431,25907.073000831686,26452.659768793077,-0.02592003689674205,40.0,26568.28125,0.05586163274116784,-0.02592003689674205,-0.022932342317110166,0.3300707920780431,-0.028734187915894216,-0.04876656953188241,-0.02062502495892815,0.14420434103994478,0.011546599300732903,0.4,2
2023-09-12,25833.34375,26451.939453125,25133.078125,25160.658203125,18657279324,42.81054684266923,25895.730039165275,26406.784508141736,0.026654161568650414,30.0,26534.1875,0.02712942454458688,0.026654161568650414,-0.015504898406994316,0.42810546842669234,-0.0024091342113514713,-0.021715660154114302,-0.019353150279197817,0.3828262300001424,0.014768417928830897,0.3,1
2023-09-13,26228.32421875,26376.11328125,25781.123046875,25837.5546875,13072077070,47.66747135659797,25946.898374486005,26393.56522744605,0.01528956036711282,41.0,26754.28125,0.0200530169927519,0.01528956036711282,0.012455578931813482,0.47667471356597974,0.010846222935868344,-0.006260655098016876,-0.016923323890156716,0.026280471004017956,0.015525829629860129,0.41,1
2023-09-14,26539.673828125,26774.623046875,26171.451171875,26228.27734375,13811359124,51.18665074011776,26038.094598122774,26404.388086755604,0.011870739692642074,45.0,27211.1171875,0.025299608568039315,0.011870739692642074,0.024868864231158305,0.5118665074011777,0.019263284727385033,0.005123608277718628,-0.01387244754278405,0.07579019799355503,0.01564253780023041,0.45,1
2023-09-15,26608.693359375,26840.498046875,26240.701171875,26533.818359375,11479735788,51.95790921299325,26125.87902293081,26419.52181065334,0.0026006171627044328,45.0,27132.0078125,0.019667048135628255,0.0026006171627044328,0.030058067003878586,0.5195790921299325,0.01848030973504944,0.007160294197504413,-0.011114614027727066,-0.13015865383889724,0.015576279736038718,0.45,1
2023-09-16,26568.28125,26754.76953125,26473.890625,26606.19921875,7402031417,51.44536446587393,26193.940904018375,26430.541028382722,-0.001518755875352329,43.0,26567.6328125,-2.4406452713233003e-05,-0.001518755875352329,0.055861632741167844,0.5144536446587393,0.014291104471576332,0.005211403787359625,-0.008951770003885695,-0.5708528973545923,0.015591831733098352,0.43,1
2023-09-17,26534.1875,26617.998046875,26445.07421875,26567.927734375,6774210670,50.98838226053626,26246.286534169394,26438.218544798816,-0.0012832501161511578,46.0,26579.568359375,0.001710278838385385,-0.0012832501161511578,0.027129424544586778,0.5098838226053626,0.010969207604123232,0.0036299327444686558,-0.007259642335742056,-0.6432131055919472,0.014612500385156834,0.46,1
2023-09-18,26754.28125,27414.734375,26415.515625,26532.994140625,15615339655,53.8390425764749,26324.439567374102,26461.63059703594,0.008294723552398242,46.0,26579.390625,-0.006536921076883723,0.008294723552398242,0.02005301699275197,0.538390425764749,0.016328616665352902,0.011059433842933286,-0.005184526673772116,0.24674778661635133,0.013875400981366762,0.46,1
2023-09-19,27211.1171875,27488.763671875,26681.60546875,26760.8515625,13807690550,59.150031465141645,26460.851508931933,26517.1481222555,0.017075246134672373,46.0,26256.826171875,-0.03506989474373267,0.017075246134672373,0.025299608568039256,0.5915003146514164,0.02835379951075323,0.02617057694307867,-0.002123026694424879,0.13416671763955507,0.01444491289542668,0.46,0
2023-09-20,27132.0078125,27379.505859375,26864.08203125,27210.228515625,13281116604,57.907554949491605,26564.10632486548,26562.693284495836,-0.00290724465500225,47.0,26298.48046875,-0.030721181768419852,-0.00290724465500225,0.01966704813562825,0.579075549494916,0.02137852787853567,0.021432861566656802,5.3196426827328835e-05,0.1242735625129278,0.01447201446463275,0.47,0
2023-09-21,26567.6328125,27152.939453125,26389.30078125,27129.83984375,13371443708,49.86086105551441,26564.648861424637,26563.059175459108,-0.02080107760178318,47.0,26217.25,-0.013188333901360825,-0.02080107760178318,-2.4406452713288118e-05,0.4986086105551441,0.000112327894523645,0.00017218035809363208,5.98457412239739e-05,0.14751957473317243,0.0132992059349201,0.47,1
2023-09-22,26579.568359375,26726.078125,26495.533203125,26564.056640625,10578746709,50.01903906013739,26566.944168801616,26564.282077971395,0.0004492514240630463,43.0,26352.716796875,-0.008534809874742987,0.0004492514240630463,0.0017102788383853706,0.5001903906013738,0.00047518414211178417,0.0005754449285975127,0.00010021316677821801,-0.08882574941639562,0.01106848121779809,0.43,1
2023-09-23,26579.390625,26634.185546875,26520.51953125,26578.556640625,7404700301,50.01650861814525,26568.85900821675,26565.401229603143,-6.686879658768241e-06,47.0,27021.546875,0.016635304256528642,-6.686879658768241e-06,-0.0065369210768837505,0.5001650861814525,0.0003963895017091712,0.0005266020744782995,0.00013016097832374562,-0.43879776565535344,0.010189129061168735,0.47,1
2023-09-24,26256.826171875,26716.05859375,26221.05078125,26579.373046875,8192867686,45.51606326668071,26520.853956471867,26542.543817919577,-0.01213588594546644,44.0,26911.720703125,0.024941877093717073,-0.01213588594546644,-0.03506989474373268,0.4551606326668071,-0.009955478244788374,-0.010764516317824824,-0.0008171734252941931,-0.3267577613545244,0.010269858659408104,0.44,1
2023-09-25,26298.48046875,26421.5078125,26011.46875,26253.775390625,11997833257,46.18940862393025,26486.642650668502,26524.465051314422,0.0015864178176880905,47.0,26967.916015625,0.025455293801878703,0.0015864178176880905,-0.03072118176841987,0.4618940862393025,-0.007104040493171149,-0.008519854486310319,-0.0014259439567489984,0.05073702211788786,0.01023504302045125,0.47,1
2023-09-26,26217.25,26389.884765625,26090.712890625,26294.7578125,9985498161,45.02091186563872,26445.197627488735,26501.70838084669,-0.0030887894396227633,46.0,27983.75,0.06737930179557353,-0.0030887894396227633,-0.013188333901360871,0.45020911865638724,-0.008619622764769685,-0.010733586558226316,-0.0021323437925532263,-0.120648680987172,0.010253783773774405,0.46,2
2023-09-27,26352.716796875,26817.841796875,26111.46484375,26209.498046875,11718380997,47.41028782579309,26430.969807394315,26490.671967219154,0.005167086436411061,44.0,27530.78515625,0.04470386747808482,0.005167086436411061,-0.008534809874742977,0.4741028782579309,-0.0029606560443885543,-0.005207688597513305,-0.0022537049984506785,0.036583629020733206,0.010454596418873256,0.44,2
2023-09-28,27021.546875,27259.5,26327.322265625,26355.8125,14079002707,57.281501517828566,26521.82781779519,26529.99603446218,0.02537992888096885,46.0,27429.978515625,0.01511503551274764,0.02537992888096885,0.016635304256528594,0.5728150151782857,0.018841803085287934,0.018528115869271167,-0.00030788608699294784,0.20577735992317783,0.013130081511614825,0.46,1
2023-09-29,26911.720703125,27225.9375,26721.763671875,27024.841796875,10396435377,55.441248678075105,26581.81133861516,26558.27193584461,-0.004064392478456136,48.0,27799.39453125,0.0329846551960508,-0.004064392478456136,0.02494187709371709,0.5544124867807511,0.012411094199234807,0.013308424890527526,0.0008863303616821749,-0.11866121020702829,0.011912524493314838,0.48,2
2023-09-30,26967.916015625,27091.794921875,26888.96875,26911.689453125,5331172801,56.21634213805996,26641.212058155135,26588.615941754266,0.0020881352448591795,47.0,27415.912109375,0.016612188108656025,0.0020881352448591795,0.02545529380187861,0.5621634213805996,0.012263104124418334,0.014265506512322279,0.001978144199611176,-0.7755222289555809,0.01193034774748065,0.47,1
2023-10-01,27983.75,28047.23828125,26965.09375,26967.396484375,9503917434,67.292244786586,26847.7563569005,26691.95920532802,0.037668241913332734,48.0,27946.59765625,-0.0013276399249564478,0.037668241913332734,0.0673793017955735,0.67292244786586,0.04231242372726318,0.0483962523970185,0.0058368570989491,-0.17513568659238865,0.014865303807347803,0.48,1
2023-10-02,27530.78515625,28494.458984375,27347.787109375,27976.798828125,19793041322,60.00324005600226,26952.837710646578,26754.09446095187,-0.016186709920936293,50.0,27968.83984375,0.015911449129177975,-0.016186709920936293,0.04470386747808486,0.6000324005600226,0.02144291639373952,0.029030722621979477,0.007428517155935843,0.5534879315673438,0.01632793389217285,0.5,1
2023-10-03,27429.978515625,27667.19140625,27216.001953125,27508.251953125,11407814187,58.48494345512839,27026.243988335566,26804.159946483214,-0.003661597010505724,50.0,27935.08984375,0.018414572502755418,-0.003661597010505724,0.015115035512747621,0.5848494345512839,0.014938610317574375,0.02334781505524841,0.00828543189921871,0.009795282057775948,0.016459031134933702,0.5,1
2023-10-04,27799.39453125,27826.658203125,27248.10546875,27429.07421875,11143355314,62.2542482586929,27145.190225707018,26877.88102683631,0.013467601347721292,49.0,27583.677734375,-0.0077597660133391505,0.013467601347721292,0.03298465519605087,0.622542482586929,0.02410019233991001,0.03428519917524753,0.009945322646670363,-0.0017807687758950215,0.015772425805495663,0.49,1
2023-10-05,27415.912109375,28091.861328125,27375.6015625,27798.646484375,11877253670,56.51765350141904,27186.839746271322,26917.735181098436,-0.01379463216164356,48.0,27391.01953125,-0.0009079609690055822,-0.01379463216164356,0.016612188108656056,0.5651765350141904,0.008425854760669482,0.018507386484223343,0.009997295959797148,0.060222063857431236,0.01693962252056792,0.48,1
2023-10-06,27946.59765625,28252.537109375,27215.552734375,27412.123046875,13492391599,61.76800756739135,27303.725578575733,26993.94721629485,0.01935684447622399,50.0,26873.3203125,-0.038404579940341015,0.01935684447622399,-0.0013276399249564363,0.6176800756739135,0.023545214583415852,0.035291261123163276,0.011475845299641296,0.16085682273349985,0.017334627539490426,0.5,0
2023-10-07,27968.83984375,28028.091796875,27870.423828125,27946.78125,6553044316,61.975244412181766,27406.050850141004,27066.16148499523,0.0007958817661306572,49.0,26756.798828125,-0.04333540548682595,0.0007958817661306572,0.01591144912917808,0.6197524441218176,0.020535209420955214,0.033350808139350985,0.01255772324177551,-0.5603763022940298,0.01742801383093513,0.49,0
2023-10-08,27935.08984375,28102.169921875,27740.662109375,27971.677734375,7916875290,61.431106059172556,27487.441464542386,27130.526548606693,-0.001206700034343422,50.0,26862.375,-0.03840026467607734,-0.001206700034343422,0.018414572502755355,0.6143110605917256,0.016285560072408334,0.02965527755983155,0.013155473237729032,-0.33719409474875434,0.016141287550022292,0.5,0
2023-10-09,27583.677734375,27989.470703125,27302.5625,27934.47265625,12007668568,55.925229231369855,27502.247044516633,27164.09330310805,-0.012579594744121514,50.0,26861.70703125,-0.026173837661439697,-0.012579594744121514,-0.007759766013339164,0.5592522923136986,0.0029608740597288907,0.015446288841120426,0.012448556174333714,0.0875022311337273,0.016792980845784622,0.5,0
2023-10-10,27391.01953125,27715.84765625,27301.654296875,27589.201171875,9973350678,53.1145755422624,27485.13511939869,27180.90265334079,-0.006984500217130485,50.0,27159.65234375,-0.008446826421924042,-0.006984500217130485,-0.0009079609690055834,0.531145755422624,-0.003424235963906952,0.007730312734238298,0.011192875745813735,-0.08297944152436545,0.01706624967956304,0.5,1
2023-10-11,26873.3203125,27474.115234375,26561.099609375,27392.076171875,13648094333,46.37058669633248,27391.0097644912,27158.11877624147,-0.018900326735168282,47.0,28519.466796875,0.06125579069622084,-0.018900326735168282,-0.038404579940340966,0.46370586696332483,-0.018899976906375793,-0.010486678627778079,0.008575372623138566,0.22942816498040203,0.012607557549190934,0.47,2
2023-10-12,26756.798828125,26921.439453125,26558.3203125,26873.29296875,9392909295,44.986081852553276,27293.438851204093,27128.391372677288,-0.0043359541366684295,45.0,28415.748046875,0.06200103492971741,-0.0043359541366684295,-0.043335405486825906,0.4498608185255328,-0.019661869140224497,-0.013697551743762526,0.0060839390091163015,-0.13873702530013365,0.0118667677565649,0.45,2
2023-10-13,26862.375,27092.697265625,26686.322265625,26752.87890625,15165312851,46.543471300809024,27227.121335634234,27108.686456182673,0.003945769916393171,44.0,28328.341796875,0.0545732384748184,0.003945769916393171,-0.03840026467607738,0.46543471300809025,-0.013396434060653384,-0.00908607123332228,0.004368890379214507,0.3049906599902412,0.012046754041663894,0.44,2
2023-10-14,26861.70703125,26969.0,26814.5859375,26866.203125,5388116782,46.53449547164025,27170.90375034435,27090.39168396544,-2.4866332556272575e-05,47.0,28719.806640625,0.0691728045136279,-2.4866332556272575e-05,-0.02617383766143966,0.46534495471640247,-0.011379699473206939,-0.008441541022487176,0.0029719786748807486,-0.7171998829629723,0.010811169872624718,0.47,2
2023-10-15,27159.65234375,27289.169921875,26817.89453125,26858.01171875,7098201980,51.06742505969179,27169.17276471445,27095.522103208743,0.011091823470242623,45.0,29682.94921875,0.09290608153092442,0.011091823470242623,-0.00844682642192407,0.510674250596918,-0.00035041261826029846,0.0023668206243445677,0.0027181857291831424,-0.41911110415194625,0.011008128887881479,0.45,2
2023-10-16,28519.466796875,29448.138671875,27130.47265625,27162.62890625,27833876539,65.46039572348775,27376.910308123766,27200.99948792476,0.05006744695824206,47.0,29918.412109375,0.04905229548868313,0.05006744695824206,0.06125579069622078,0.6546039572348775,0.04173431099024327,0.04847128170917192,0.006467071927893642,0.8678613908837698,0.018805035177028435,0.47,2
2023-10-17,28415.748046875,28618.751953125,28110.185546875,28522.09765625,14872527508,63.91611918723691,27536.73149870088,27290.980862661818,-0.0036367703063566736,52.0,29993.896484375,0.05553781075538343,-0.0036367703063566736,0.062001034929717314,0.6391611918723691,0.03192160072503847,0.041213879042069745,0.009004829737552011,0.227718108464873,0.01889350116940452,0.52,2
2023-10-18,28328.341796875,28889.009765625,28174.251953125,28413.53125,12724128586,62.57636031103859,27658.517698419975,27367.822413344278,-0.0030759792019486865,50.0,33086.234375,0.16795520938856576,-0.0030759792019486865,0.05457323847481832,0.6257636031103859,0.024217642671909623,0.03509666823409319,0.01062179082739001,0.0774386897233138,0.018935135634404115,0.5,2
2023-10-19,28719.806640625,28892.474609375,28177.98828125,28332.416015625,14448058195,66.01249723837506,27821.792920297674,27467.969393142852,0.013818840741083749,52.0,33901.52734375,0.18042324476500152,0.013818840741083749,0.06917280451362795,0.6601249723837506,0.03227734901556878,0.04557443724961541,0.012881313579850895,0.1874420098928378,0.018582224251887932,0.52,2
2023-10-20,29682.94921875,30104.0859375,28601.669921875,28732.8125,21536125230,72.66304081243203,28108.124658521112,27632.041972817457,0.033535830870205396,53.0,34502.8203125,0.1623784435377265,0.033535830870205396,0.09290608153092439,0.7266304081243203,0.05602737924927603,0.07422206610536008,0.017229370387175535,0.5211617315142679,0.02021902142539954,0.53,2
2023-10-21,29918.412109375,30287.482421875,29481.751953125,29683.380859375,11541146996,74.00237259513233,28386.63042019094,27801.40272367357,0.007932597562652743,63.0,34156.6484375,0.1416598017512079,0.007932597562652743,0.04905229548868317,0.7400237259513233,0.05396137782152999,0.0761475745214375,0.02105029384071444,-0.11058473056771322,0.017858441795129045,0.63,2
2023-10-22,29993.896484375,30199.43359375,29720.3125,29918.654296875,10446520040,74.43479337261503,28633.902122373103,27963.809668910715,0.002523007395046406,53.0,33909.80078125,0.13055670505880917,0.002523007395046406,0.05553781075538344,0.7443479337261504,0.047495949248889335,0.07259693294656033,0.023962845599230898,-0.1733079361591787,0.01733081205066433,0.53,2
2023-10-23,33086.234375,34370.4375,30097.828125,30140.685546875,38363572311,85.25495146557824,29318.876315084934,28343.24853602844,0.10309890521346299,53.0,34089.57421875,0.03032499354197058,0.10309890521346299,0.16795520938856567,0.8525495146557824,0.1284959907544858,0.16734093951660212,0.03442187573581501,1.0245342536503546,0.03338332498997706,0.53,2
2023-10-24,33901.52734375,35150.43359375,32880.76171875,33077.3046875,44934999645,86.83677503094623,30023.899550264177,28754.972892155965,0.02464145540134477,66.0,34538.48046875,0.018788331231850152,0.02464145540134477,0.1804232447650016,0.8683677503094622,0.1291513711266632,0.1789796314848191,0.04412894642145049,1.066915108889322,0.03251340153062516,0.66,1
2023-10-25,34502.8203125,35133.7578125,33709.109375,33916.04296875,25254318008,87.87029568688813,30712.964282915844,29180.739367737006,0.017736456610143003,72.0,34502.36328125,-1.3246199755862349e-05,0.017736456610143003,0.16237844353772646,0.8787029568688812,0.12339597033596239,0.1823833480603041,0.052508090897549486,0.4483434177957898,0.03228740918688666,0.72,1
2023-10-26,34156.6484375,34832.91015625,33762.32421875,34504.2890625,19427195376,83.79136378804625,31242.761845159563,29549.32522475649,-0.010033147199696724,71.0,34667.78125,0.014964372556495796,-0.010033147199696724,0.14165980175120785,0.8379136378804626,0.09326597330869091,0.15591974360495664,0.05730880849300446,0.16779006960980267,0.03262524827253478,0.71,1
2023-10-27,33909.80078125,34238.2109375,33416.88671875,34156.5,16418032871,80.90724149152871,31653.075527635017,29872.32341412638,-0.007226928505637331,70.0,35437.25390625,0.04504459152837566,-0.007226928505637331,0.13055670505880923,0.809072414915287,0.07129560764623721,0.13515779509853365,0.05961210612317269,-0.03008955387616703,0.03291625295777141,0.7,2
2023-10-28,34089.57421875,34399.390625,33874.8046875,33907.72265625,10160330825,81.40911657924246,32027.921480114244,30184.712362617014,0.005301518539129857,65.0,34938.2421875,0.024895235220720777,0.005301518539129857,0.03032499354197049,0.8140911657924247,0.06437048185958028,0.12936554800399747,0.06106432605201828,-0.5165867389584425,0.03241469008532587,0.65,1
2023-10-29,34538.48046875,34743.26171875,33947.56640625,34089.37109375,11160323986,82.63649680717799,32414.161324519744,30507.21370381205,0.013168432293093613,72.0,34732.32421875,0.005612399485130433,0.013168432293093613,0.018788331231850197,0.82636496807178,0.06553676101510941,0.13214142740391344,0.06250808871704372,-0.42022210762971446,0.03242718764277524,0.72,1
2023-10-30,34502.36328125,34843.93359375,34110.97265625,34531.7421875,17184860315,82.16647640068018,32735.42316401671,30803.150709548194,-0.0010457086417764438,68.0,35082.1953125,0.01680557434641309,-0.0010457086417764438,-1.324619975584529e-05,0.8216647640068018,0.053976394573556075,0.1200920193710946,0.06272970166878289,-0.009559838754659116,0.03255652246892762,0.68,1
2023-10-31,34667.78125,34719.25390625,34083.30859375,34500.078125,15758270810,82.65312939292686,33032.709023398755,31089.41963847055,0.004794395311462418,66.0,35049.35546875,0.011006594739892678,0.004794395311462418,0.014964372556495853,0.8265312939292686,0.04949858110162997,0.11509901610069062,0.06250645420616174,-0.10228607031482624,0.03265372570472505,0.66,1
2023-11-01,35437.25390625,35527.9296875,34170.69140625,34657.2734375,22446272005,84.7393087106056,33402.639005375866,31411.481436083843,0.022195613001625203,66.0,35037.37109375,-0.011284249438681067,0.022195613001625203,0.0450445915283757,0.847393087106056,0.060911801027059065,0.12816245162959938,0.06338948302529546,0.21476466373709646,0.032390246729230195,0.66,1
2023-11-02,34938.2421875,35919.84375,34401.57421875,35441.578125,20998158544,78.1734433196306,33638.88564877958,31672.72297322578,-0.014081557224217889,72.0,35443.5625,0.014463243736995748,-0.014081557224217889,0.02489523522072079,0.781734433196306,0.038626622542936806,0.10310194096777514,0.06207747522105622,0.13209756860407368,0.01367775389222624,0.72,1
2023-11-03,34732.32421875,34942.47265625,34133.44140625,34942.47265625,17158456701,75.57129465541625,33807.10696723656,31899.36010252387,-0.005893770145759425,65.0,35655.27734375,0.026573318825054336,-0.005893770145759425,0.0056123994851304815,0.7557129465541625,0.02736753702143435,0.08880943401751762,0.059805176611105404,-0.101330203962174,0.012277633918181215,0.65,1
2023-11-04,35082.1953125,35256.03125,34616.69140625,34736.32421875,9561294264,76.9737668545823,34003.2744049694,32135.125673633214,0.010073356782761111,68.0,36693.125,0.04591872524368553,0.010073356782761111,0.016805574346413055,0.7697376685458229,0.03172991208672893,0.09170867009506822,0.058134166030942236,-0.6925631408532374,0.011430304059180439,0.68,2
2023-11-05,35049.35546875,35340.33984375,34594.2421875,35090.01171875,12412743996,76.52964594878034,34164.20995324334,32350.99454734557,-0.0009360829177728069,70.0,37313.96875,0.06461212341747993,-0.0009360829177728069,0.011006594739892739,0.7652964594878034,0.02590856093900773,0.08340890161677672,0.056048212157562505,-0.3903807807472255,0.01073112982800055,0.7,2
2023-11-06,35037.37109375,35286.02734375,34765.36328125,35044.7890625,12693436420,76.35650352164319,34298.54243639821,32549.985402634786,-0.0003419285416157436,74.0,37138.05078125,0.05995540252946435,-0.0003419285416157436,-0.011284249438681115,0.7635650352164319,0.021541109471979514,0.07641741341345942,0.05371913419112895,-0.36206101194309626,0.01023761843504964,0.74,2
2023-11-07,35443.5625,35892.41796875,34545.81640625,35047.79296875,18834737789,78.16004279709018,34474.69936926002,32764.32444688406,0.011593090279608864,68.0,37054.51953125,0.045451329314032694,0.011593090279608864,0.014463243736995812,0.7816004279709019,0.02810359911662874,0.08177302899864114,0.052202355801620026,0.01593727506199429,0.010560911051088643,0.68,2
2023-11-08,35655.27734375,35994.41796875,35147.80078125,35419.4765625,17295394918,79.0567749122833,34656.326749950786,32978.469105911165,0.005973294692089626,66.0,36502.35546875,0.023757440359624182,0.005973294692089626,0.026573318825054315,0.790567749122833,0.0288244798996371,0.08116835955126356,0.050877366036947924,-0.07697619390200741,0.010098239625329665,0.66,1
2023-11-09,36693.125,37926.2578125,35592.1015625,35633.6328125,37762672382,82.78770213604882,34969.68032688143,33253.62880176959,0.029107827327892632,69.0,35537.640625,-0.03149048697814645,0.029107827327892632,0.045918725243685454,0.8278770213604882,0.049283969913609615,0.10343220641373652,0.05160494018086004,0.661386919801106,0.012815101868419162,0.69,0
2023-11-10,37313.96875,37493.80078125,36362.75390625,36702.25,22711265155,84.55969687251824,35330.34008428429,33554.39472386073,0.01691989303173269,70.0,37880.58203125,0.015185017842681234,0.01691989303173269,0.0646121234174799,0.8455969687251824,0.05614519025244458,0.11204416163900621,0.052927354972094776,0.12467466310301184,0.0132291967041371,0.7,1
2023-11-11,37138.05078125,37407.09375,36773.66796875,37310.0703125,13924272142,81.98416962727845,35608.449422279016,33819.850728111785,-0.0047145338500075296,70.0,36154.76953125,-0.026476382828805656,-0.0047145338500075296,0.05995540252946441,0.8198416962727845,0.04295613495638384,0.09811397690114743,0.05288606116408756,-0.37318856034899917,0.012621949987944286,0.7,0
2023-11-12,37054.51953125,37227.69140625,36779.1171875,37133.9921875,11545715999,80.72685426367893,35830.92174673609,34059.45582464054,-0.002249209321512735,73.0,36596.68359375,-0.012355738066280503,-0.002249209321512735,0.04545132931403262,0.8072685426367893,0.03414921316182373,0.08793633468573092,0.05201098723409325,-0.491901916060757,0.011124104004397891,0.73,1
2023-11-13,36502.35546875,37405.1171875,36399.60546875,37070.3046875,19057712790,72.78107450193248,35934.21924243053,34240.411353833835,-0.014901395821212304,72.0,36585.703125,0.0022833500791847442,-0.014901395821212304,0.023757440359624127,0.7278107450193247,0.015810451383026614,0.06606065831224006,0.049468094033486176,0.08023950230039069,0.01247290765984168,0.72,1
2023-11-14,35537.640625,36753.3515625,34948.5,36491.7890625,23857403554,61.40841826017884,35873.207147441215,34336.502410957255,-0.026428838121854925,69.0,37386.546875,0.052026702321350295,-0.026428838121854925,-0.03149048697814649,0.6140841826017884,-0.00935423813828562,0.03498137928164291,0.04475425942024813,0.30884126139787477,0.015750768686965747,0.69,2
2023-11-15,37880.58203125,37964.89453125,35383.78125,35548.11328125,27365821679,72.60456899136993,36182.03405264257,34599.02682727524,0.06592844558740318,60.0,37476.95703125,-0.010655195310014643,0.06592844558740318,0.015185017842681336,0.7260456899136993,0.04694451329453031,0.09484530360801458,0.04575294077691838,0.423636469123443,0.025698813530909404,0.6,1
2023-11-16,36154.76953125,37934.625,35545.47265625,37879.98046875,26007385366,59.02136373424663,36177.83951088987,34714.267027569666,-0.04555929205565723,70.0,35813.8125,-0.009430485539544025,-0.04555929205565723,-0.02647638282880571,0.5902136373424662,-0.0006376826242739941,0.04149597923344617,0.042160546905911866,0.34631109460178366,0.030815631858757894,0.7,1
2023-11-17,36596.68359375,36704.484375,35901.234375,36164.82421875,22445028430,61.03174384098065,36242.27706209912,34853.705291731174,0.012222842746045792,63.0,37432.33984375,0.02283420703570839,0.012222842746045792,-0.012355738066280542,0.6103174384098066,0.009778815250587769,0.05000840764073189,0.039840004348042024,0.1661533596030798,0.03083449443184176,0.63,1
2023-11-18,36585.703125,36839.28125,36233.3125,36625.37109375,11886022717,60.951728282066576,36295.11184100695,34982.00142752886,-0.000300039994658885,69.0,37289.62109375,0.01924024710813864,-0.000300039994658885,0.002283350079184787,0.6095172828206658,0.008006347666484892,0.04584362334995262,0.03753674346501912,-0.4714596347696866,0.03084533446010805,0.69,1
2023-11-19,37386.546875,37509.35546875,36414.59765625,36585.765625,12915986553,64.5973075821824,36463.024923159726,35160.11590511932,0.021889527372586093,66.0,37720.28125,0.008926589987457888,0.021889527372586093,0.052026702321350315,0.645973075821824,0.025327628571311767,0.06332262885278239,0.03705644832219401,-0.3770865672414645,0.0302451726802736,0.66,1
2023-11-20,37476.95703125,37756.8203125,36882.53125,37374.07421875,20888209068,64.99463945168542,36619.01447825054,35331.73376631418,0.0024182537251242753,69.0,37796.79296875,0.008534202422926337,0.0024182537251242753,-0.010655195310014687,0.6499463945168542,0.023428881558487324,0.06071661467632561,0.03643412237991184,0.09010404459450923,0.02980980186891832,0.69,1
2023-11-21,35813.8125,37631.140625,35813.8125,37469.16015625,25172163756,53.1723760341291,36495.13725082738,35367.44330214276,-0.04437779006078835,71.0,37479.12109375,0.04649905937129704,-0.04437779006078835,-0.009430485539544065,0.531723760341291,-0.01866891871497023,0.01262090657907966,0.03188508536087187,0.26954316685417995,0.03308801279853307,0.71,2
2023-11-22,37432.33984375,37856.98046875,35670.97265625,35756.5546875,24397247860,60.66997268774563,36639.32226512316,35520.398601521076,0.045192824521265385,62.0,37254.16796875,-0.0047598380369414444,0.045192824521265385,0.022834207035708376,0.6066997268774563,0.021643893216379384,0.05382657057646445,0.03150087576872429,0.22947315184698297,0.03645871300143943,0.62,1
2023-11-23,37289.62109375,37643.91796875,36923.86328125,37420.43359375,14214948217,59.761344951887054,36739.36823875806,35651.45211946396,-0.003812712499291715,66.0,37831.0859375,0.014520524153053228,-0.003812712499291715,0.019240247108138542,0.5976134495188705,0.014977199700768162,0.045949572230514546,0.030515338215358456,-0.3030856850713489,0.03606731022756965,0.66,1
2023-11-24,37720.28125,38415.33984375,37261.60546875,37296.31640625,22922957823,61.62882361228103,36890.27793279528,35804.698721725894,0.011549062275727495,66.0,37858.4921875,0.003664101457355915,0.011549062275727495,0.008926589987457989,0.6162882361228104,0.022499242719633994,0.05350086990431091,0.030319462244508877,0.1406377818861509,0.03462806615190448,0.66,1
2023-11-25,37796.79296875,37892.4296875,37617.41796875,37721.4140625,9099571165,61.96654295985852,37029.74178448062,35952.261258542494,0.0020283973558654633,73.0,37712.74609375,-0.002223650960796835,0.0020283973558654633,0.00853420242292624,0.6196654295985852,0.020714462140561274,0.051305026322071345,0.029969756789139712,-0.7749210233503858,0.02763611062318356,0.73,1
2023-11-26,37479.12109375,37820.30078125,37162.75,37796.828125,13744796068,59.620261047809436,37098.87706282976,36065.36198707638,-0.008404730932136117,73.0,38688.75,0.03227474046747903,-0.008404730932136117,0.04649905937129706,0.5962026104780943,0.010249475483483428,0.03919991451022242,0.02865672265049568,-0.36514617411981976,0.022904243044739998,0.73,2
2023-11-27,37254.16796875,37559.35546875,36750.12890625,37454.19140625,19002925720,57.947044456974446,37122.76797143287,36153.42168942257,-0.006002091789647501,66.0,39476.33203125,0.059648736870570374,-0.006002091789647501,-0.004759838036941466,0.5794704445697445,0.0035396066752955146,0.030446531141185895,0.02681202045929454,-0.041638080208739645,0.02288822981649641,0.66,2
2023-11-28,37831.0859375,38368.48046875,36891.08984375,37247.9921875,21696137014,60.97214420241469,37231.73996621243,36277.69311520608,0.01548599794884531,68.0,39978.390625,0.056760323799520854,0.01548599794884531,0.014520524153053271,0.6097214420241469,0.016097715869080265,0.04281950391279987,0.026298443177646735,0.07985753793605266,0.0232520754800496,0.68,2
2023-11-29,37858.4921875,38366.11328125,37612.6328125,37826.10546875,20728546658,61.11524523645854,37328.16338487205,36394.789342783406,0.0007244373065387055,72.0,41980.09765625,0.10886871691395197,0.0007244373065387055,0.0036641014573559616,0.6111524523645854,0.01420720320900859,0.04021737372706702,0.025645815209910605,0.07768515043544211,0.022347647834755353,0.72,2
2023-11-30,37712.74609375,38141.75390625,37531.140625,37861.1171875,18115982627,59.85827705438564,37387.32995546866,36492.41576878093,-0.0038497596002547985,74.0,44080.6484375,0.16885278860149963,-0.0038497596002547985,-0.002223650960796797,0.5985827705438563,0.008703914900286769,0.033440656072242225,0.024523292520779894,-0.04497990582818035,0.022406238113789088,0.74,2
2023-12-01,38688.75,38954.109375,37629.359375,37718.0078125,23512784002,65.04323539329027,37587.5484238581,36655.10719331568,0.025879947957747618,71.0,43746.4453125,0.13072780362508482,0.025879947957747618,0.032274740467479024,0.6504323539329028,0.029296977917371514,0.055480476321050576,0.02543823499478015,0.19078430533621996,0.017013763273035602,0.71,2
2023-12-02,39476.33203125,39678.9375,38652.59375,38689.27734375,15534035612,68.57106684631714,37878.130517303005,36864.08681094044,0.020356874575942596,74.0,43292.6640625,0.09667392675259039,0.020356874575942596,0.059648736870570485,0.6857106684631714,0.042193252204380194,0.07086151987723466,0.027507631249979125,-0.23393809080108102,0.012050419525424842,0.74,2
2023-12-03,39978.390625,40135.60546875,39298.1640625,39472.20703125,15769696322,70.6074397277761,38201.247456948695,37094.77598235226,0.012717964611113297,73.0,44166.6015625,0.10476186940053943,0.012717964611113297,0.056760323799520895,0.706074397277761,0.04652055328962956,0.07773640805971205,0.02982822905098126,-0.2104704251195514,0.011777629838214815,0.73,2
2023-12-04,41980.09765625,42371.75,39978.62890625,39978.62890625,39856129827,77.00474054054885,38782.60902607197,37456.65166190024,0.05006972516793251,74.0,43725.984375,0.04158843871793786,0.05006972516793251,0.10886871691395195,0.7700474054054885,0.08244645500844161,0.120764825302067,0.035399783625626347,0.6764392440285721,0.018044978422237574,0.74,2
2023-12-05,44080.6484375,44408.6640625,41421.1484375,41986.265625,36312154535,81.5442456556193,39597.692012445514,37947.318089722445,0.05003682455553493,75.0,43779.69921875,-0.006827241191261117,0.05003682455553493,0.16885278860149966,0.8154424565561931,0.11321256864277585,0.16162750509208434,0.0434911874093693,0.5614810200044422,0.021481338357206788,0.75,1
2023-12-06,43746.4453125,44265.76953125,43478.08203125,44080.0234375,29909761586,78.87628959256074,40235.961750915434,38376.88306918745,-0.007581629055975703,72.0,41243.83203125,-0.057207237373750906,-0.007581629055975703,0.13072780362508474,0.7887628959256073,0.08724741273283221,0.13991658034426835,0.04844266998902347,0.3581365396073313,0.021380045282458827,0.72,0
2023-12-07,43292.6640625,44042.58984375,42880.6484375,43769.1328125,27635760671,75.27500952917886,40706.22364500537,38741.014994618,-0.010372985662227885,72.0,41450.22265625,-0.0425578200405994,-0.010372985662227885,0.09667392675259046,0.7527500952917886,0.06353918850470386,0.11748915376931457,0.05072682403030426,0.26672436944285344,0.02191295701249579,0.72,0
2023-12-08,44166.6015625,44705.515625,43125.296875,43293.13671875,24421116687,77.41381738419798,41238.589478466085,39142.910295942595,0.02018673414826888,72.0,42890.7421875,-0.02888742465717078,0.02018673414826888,0.10476186940053944,0.7741381738419798,0.07100175154057742,0.12834230333348873,0.0535391764863411,0.11388023017642754,0.021966630313182203,0.72,0
2023-12-09,43725.984375,44361.2578125,43627.59765625,44180.01953125,17368210171,73.94096369840108,41621.265616394376,39482.39726476166,-0.009976252913108663,73.0,43023.97265625,-0.01605479507858421,-0.009976252913108663,0.04158843871793794,0.7394096369840107,0.05056835075617183,0.10748048254977083,0.05417270732802404,-0.23708962666052893,0.02301894775667858,0.73,0
2023-12-10,43779.69921875,44034.625,43593.28515625,43728.3828125,13000481418,74.09354229052535,41953.33232444909,39800.71592802006,0.0012284421841561866,74.0,41929.7578125,-0.042255690177462564,0.0012284421841561866,-0.006827241191261102,0.7409354229052535,0.04353329743097811,0.09997265621869644,0.05408486622004638,-0.5086680557154277,0.02261558784720482,0.74,0
2023-12-11,41243.83203125,43808.375,40234.578125,43792.01953125,40632672038,57.096854210917286,41844.17843318769,39907.613417148204,-0.05792335792051162,74.0,42240.1171875,0.024155979383659733,-0.05792335792051162,-0.057207237373750885,0.5709685421091728,-0.014347190563109291,0.03348279938803911,0.04852620465666213,0.595788525656676,0.031873000558049355,0.74,1
2023-12-12,41450.22265625,42048.3046875,40667.5625,41238.734375,24779520132,57.94247529009154,41783.56985212036,40021.88076819279,0.005004157345118276,67.0,41364.6640625,-0.0020641286889950925,0.005004157345118276,-0.04255782004059938,0.5794247529009153,-0.007977949156812936,0.03568902461956225,0.044018148325694506,0.10038040486995409,0.03151919781369661,0.67,1
2023-12-13,42890.7421875,43429.78125,40676.8671875,41468.46484375,26797884674,63.36929951575503,41953.90405756338,40234.3890214748,0.03475299863154757,65.0,42623.5390625,-0.006229855473983222,0.03475299863154757,-0.028887424657170757,0.6336929951575503,0.02233017763141243,0.06602195859386328,0.04273744619735109,0.15100187606230522,0.03283514388498144,0.65,1
2023-12-14,43023.97265625,43390.859375,41767.08984375,42884.26171875,25578530178,63.834104057396445,42118.52999582286,40441.024846272965,0.0031062756659134827,72.0,42270.52734375,-0.01751222088485008,0.0031062756659134827,-0.016054795078584205,0.6383410405739645,0.02149748959702391,0.0638694944006859,0.04148028285451555,0.09868634924799116,0.029238246424660237,0.72,0
2023-12-15,41929.7578125,43087.82421875,41692.96875,43028.25,19639442462,57.39290025900917,42089.48812146549,40551.30136228978,-0.025432678020983368,70.0,43652.25,0.04108042300655728,-0.025432678020983368,-0.04225569017746256,0.5739290025900917,-0.0037950166679272535,0.03399290291315049,0.03793187166629708,-0.1880122790512144,0.025159576993413535,0.7,2
2023-12-16,42240.1171875,42664.9453125,41723.11328125,41937.7421875,14386729590,58.66687115043711,42112.661823932336,40676.39883082387,0.007401888090740938,67.0,43869.15234375,0.03856606621186354,0.007401888090740938,0.024155979383659654,0.586668711504371,0.0030265330674308366,0.03844289075785068,0.03530949234424585,-0.500599237829698,0.025413830487813552,0.67,2
2023-12-17,41364.6640625,42359.49609375,41274.54296875,42236.109375,16678702876,53.781854815834755,41997.58524525043,40727.38144057766,-0.02072563201266564,73.0,43997.90234375,0.06365912405988128,-0.02072563201266564,-0.0020641286889950816,0.5378185481583475,-0.01507041843130763,0.015647522609627096,0.031187956596866906,-0.34786439307109035,0.025943725513222254,0.73,2
2023-12-18,42623.5390625,42720.296875,40530.2578125,41348.203125,25224642008,59.06079663943359,42093.8858325196,40867.83756072006,0.030433584522719714,65.0,43739.54296875,0.026182807218649174,0.030433584522719714,-0.006229855473983248,0.5906079663943359,0.012582664192318793,0.042960469811288204,0.03000032164603561,0.05838207577947564,0.027188106273918395,0.65,1
2023-12-19,42270.52734375,43354.296875,41826.3359375,42641.51171875,23171001281,57.091561915744315,42121.06144963197,40971.74050761116,-0.008282083715112631,73.0,43016.1171875,0.0176385271394122,-0.008282083715112631,-0.01751222088485005,0.5709156191574432,0.003548483560813498,0.03169957683143987,0.028051552796672263,-0.031657091188530016,0.027146526887142714,0.73,1
2023-12-20,43652.25,44275.5859375,42223.81640625,42261.30078125,27868908174,62.37899641835908,42356.62891891936,41170.29676630663,0.032687613405284255,74.0,43613.140625,-0.0008959303357787972,0.032687613405284255,0.04108042300655734,0.6237899641835908,0.03058838992028301,0.060285045983068386,0.028815244139401397,0.13276837294966629,0.029423930490413513,0.74,1
2023-12-21,43869.15234375,44240.66796875,43330.05078125,43648.125,22452766169,63.146722788165114,42589.32483043177,41370.211994265395,0.0049688697318006625,70.0,42520.40234375,-0.030744838410176285,0.0049688697318006625,0.03856606621186365,0.6314672278816511,0.030050429735945183,0.060404339959171605,0.029468372952388133,-0.08115528920588201,0.021221256133461062,0.7,0
2023-12-22,43997.90234375,44367.95703125,43441.96875,43868.98828125,21028503216,63.62128279799412,42806.02906324996,41564.855723856854,0.002934864092908329,74.0,43442.85546875,-0.01261530312657839,0.002934864092908329,0.06365912405988117,0.6362128279799412,0.02784358434039591,0.058536149771756696,0.02986112468762192,-0.15790898551350976,0.02124636130677719,0.74,1
2023-12-23,43739.54296875,44015.69921875,43351.35546875,44012.19921875,13507796558,61.89878444299863,42949.64658717305,41725.94366792301,-0.005872083923035065,70.0,42627.85546875,-0.025416074895758565,-0.005872083923035065,0.026182807218649184,0.6189878444299863,0.018391219587191143,0.0482577294560973,0.029327147852878044,-0.5959176068761055,0.018935090523730064,0.7,0
2023-12-24,43016.1171875,43945.5234375,42786.91796875,43728.3671875,18830554085,57.22671140168874,42959.87283337719,41821.51207678057,-0.01653939964043194,71.0,42099.40234375,-0.021310962115762205,-0.01653939964043194,0.017638527139412163,0.5722671140168873,0.0013092299956509734,0.028564369182210392,0.02721950259729211,-0.21986965128833041,0.019820093866727777,0.71,0
2023-12-25,43613.140625,43765.09375,42765.76953125,43010.57421875,21115795370,59.91567057267883,43060.37557054993,41954.2253025746,0.013879063861056418,73.0,42156.90234375,-0.03338989718193449,0.013879063861056418,-0.0008959303357788384,0.5991567057267883,0.01283697708452225,0.03954107865086942,0.026365646368101237,-0.07240695694521775,0.017995086793900293,0.73,0
2023-12-26,42520.40234375,43603.17578125,41676.48828125,43599.84765625,30026850982,53.309826807474956,42977.30276642686,41996.16434266167,-0.025055253200995553,71.0,42265.1875,-0.006002173772645724,-0.025055253200995553,-0.03074483841017628,0.5330982680747496,-0.010631202827223074,0.012482997180668365,0.023362572252068725,0.27940584442579075,0.020131380922566892,0.71,1
2023-12-27,43442.85546875,43683.16015625,42167.58203125,42518.46875,25260941032,57.5632876296944,43048.92625909196,42103.32664829784,0.021694364920222586,73.0,44167.33203125,0.016676541048760984,0.021694364920222586,-0.012615303126578437,0.575632876296944,0.009150732524364491,0.031815272737037104,0.022459023694089586,0.11181612065678816,0.019542217191852906,0.73,1
2023-12-28,42627.85546875,43804.78125,42318.55078125,43468.19921875,22992093014,52.97173919551651,42984.14613750089,42142.180634998,-0.01876027694786908,73.0,44957.96875,0.05466175240643245,-0.01876027694786908,-0.02541607489575859,0.5297173919551651,-0.00828888557216323,0.01152467258300005,0.0199791631523607,0.020875297802201973,0.018622336183669527,0.73,2
2023-12-29,42099.40234375,43124.32421875,41424.0625,42614.64453125,26000021055,50.17693580566477,42848.03170769306,42139.01187268333,-0.012396896798793966,65.0,42848.17578125,0.01778584482948513,-0.012396896798793966,-0.021310962115762222,0.5017693580566477,-0.017471732868622025,-0.0009399728938354057,0.01682573471708171,0.12483641444585013,0.018873503404752207,0.65,1
2023-12-30,42156.90234375,42584.125,41556.2265625,42091.75390625,16013925945,50.483066466387186,42741.70411324028,42140.33709276235,0.0013658151137276864,68.0,44179.921875,0.04798786008407765,0.0013658151137276864,-0.033389897181934525,0.5048306646638718,-0.01368222867157809,0.0003930972586001502,0.014270579258873983,-0.3663463712486656,0.015002803996947329,0.68,2
2023-12-31,42265.1875,42860.9375,41998.25390625,42152.09765625,16397498810,51.09251563095441,42668.39386504947,42149.58527107625,0.002568622223877659,67.0,44162.69140625,0.044895196697045295,0.002568622223877659,-0.006002173772645669,0.510925156309544,-0.009449766642839141,0.002742665869196026,0.012308747301702061,-0.28879170063201287,0.014873065382672478,0.67,2
2024-01-01,44167.33203125,44175.4375,42214.9765625,42280.234375,18426978443,60.329163219657254,42898.999736772625,42299.04799405208,0.0450049945064126,65.0,43989.1953125,-0.00403322343817285,0.0450049945064126,0.01667654104876104,0.6032916321965726,0.02956554470406858,0.04416846538628083,0.014183575545362315,-0.15748664370026869,0.021435040304278,0.65,1
2024-01-02,44957.96875,45899.70703125,44176.94921875,44187.140625,39335274536,63.421475745847715,43215.764200346064,42496.005087085265,0.017900939051301412,71.0,43943.09765625,-0.022573775505593766,0.017900939051301412,0.05466175240643234,0.6342147574584771,0.040314097919850855,0.05793400245198432,0.016937100600064037,0.5721713998709124,0.02195094412934802,0.71,0
2024-01-03,42848.17578125,45503.2421875,40813.53515625,44961.6015625,46342323118,51.814679105002725,43159.21213586975,42522.09180517154,-0.04692812036242189,70.0,46970.50390625,0.09620778597542759,-0.04692812036242189,0.017785844829485198,0.5181467910500273,-0.007206719938273487,0.007668577961134071,0.014983278189073523,0.690394276037565,0.026569035282009355,0.7,2
2024-01-04,44179.921875,44770.0234375,42675.17578125,42855.81640625,30448091210,57.14598742186245,43316.244403428245,42644.89403256624,0.03108057856532498,68.0,46139.73046875,0.044359711619567005,0.03108057856532498,0.04798786008407774,0.5714598742186245,0.01993888167053104,0.03599558346332188,0.015742807810691817,0.24736893456414472,0.02808619212720132,0.68,2
2024-01-05,44162.69140625,44353.28515625,42784.71875,44192.98046875,32336029347,57.05802521345402,43446.46701924698,42757.32346765393,-0.0003900067727314882,72.0,46627.77734375,0.05581829048469486,-0.0003900067727314882,0.044895196697045225,0.5705802521345402,0.016485215856233637,0.03286847315546404,0.0161175559109632,0.27047517996639125,0.026519983681293845,0.72,2
2024-01-06,43989.1953125,44227.6328125,43475.15625,44178.953125,16092503468,56.121293237665746,43529.96367974744,42848.57323393882,-0.003928567037593367,70.0,46368.5859375,0.054090342141900255,-0.003928567037593367,-0.004033223438172806,0.5612129323766575,0.010549782125506946,0.02661983801266299,0.015902290190351387,-0.4261647014811972,0.025862340851551317,0.7,2
2024-01-07,43943.09765625,44495.5703125,43662.23046875,43998.46484375,19330573863,55.85889267726299,43593.52275305552,42929.649117072986,-0.0010479313368322307,71.0,42853.16796875,-0.024803205637119668,-0.0010479313368322307,-0.022573775505593807,0.55858892677263,0.00801896431207716,0.023607193630053924,0.01546422227146782,-0.23079957583416053,0.0249054985827344,0.71,0
2024-01-08,46970.50390625,47218.0,43244.08203125,43948.70703125,42746192015,66.82826574453964,44113.058315085436,43228.97169404906,0.06889378335779228,71.0,42842.3828125,-0.08788751983562823,0.06889378335779228,0.09620778597542756,0.6682826574453964,0.06477550413201327,0.08655149696091424,0.02045125262968206,0.5233822066308393,0.0315773460588535,0.71,0
2024-01-09,46139.73046875,47893.69921875,45244.71484375,46987.640625,39821290992,62.25614794482563,44424.85403103383,43444.58345513802,-0.017687130611972357,76.0,41796.26953125,-0.094137111191878,-0.017687130611972357,0.04435971161956709,0.6225614794482562,0.038601734887372174,0.06203643352674937,0.02256370064885216,0.42918238668756176,0.032804497996420066,0.76,0
2024-01-10,46627.77734375,47647.22265625,44483.15234375,46121.5390625,50114613298,63.822050684067385,44763.765309913244,43680.375595035206,0.010577584004972662,73.0,42511.96875,-0.088269457139408,0.010577584004972662,0.05581829048469489,0.6382205068406739,0.0416410912024856,0.0674765660451373,0.024802664815024578,0.6071185749706578,0.03271284210257576,0.73,0
2024-01-11,46368.5859375,48969.37109375,45678.64453125,46656.07421875,45833734549,62.342777266454654,45010.66079108044,43879.502287069634,-0.005558733892443213,76.0,43154.9453125,-0.06930641855957503,-0.005558733892443213,0.05409034214190034,0.6234277726645465,0.030168967141416703,0.05672543034208122,0.025778745087182475,0.47341058960508375,0.03060025234893994,0.76,0
2024-01-12,42853.16796875,46498.13671875,41903.76953125,46354.79296875,43332698900,46.57496909839837,44678.73881841421,43803.477522749665,-0.07581464687080208,71.0,42742.65234375,-0.0025789371063673003,-0.07581464687080208,-0.024803205637119685,0.4657496909839837,-0.04085994587008812,-0.021694842687001614,0.01998154815927511,0.3663810494934636,0.039395823482061484,0.71,1
2024-01-13,42842.3828125,43234.66015625,42464.14453125,42799.4453125,20601860469,46.536081676519146,44396.222509812025,43732.28532199043,-0.0002516769882185965,64.0,41262.05859375,-0.03688693566990194,-0.0002516769882185965,-0.08788751983562826,0.4653608167651915,-0.03499936727654274,-0.02034886818601611,0.015181854388198301,-0.3800890042915082,0.03640685765812862,0.64,0
2024-01-14,41796.26953125,43065.59765625,41724.61328125,42842.26171875,17521429522,42.80299801336703,43996.229743879405,43588.876744898545,-0.0244177193838242,60.0,41618.40625,-0.004255482205583352,-0.0244177193838242,-0.09413711119187795,0.42802998013367033,-0.05000338041319219,-0.04112533626731607,0.009345342881049046,-0.5360627856271657,0.03545974433040483,0.6,1
2024-01-15,42511.96875,43319.72265625,41705.41796875,41715.06640625,22320220558,45.99489755935969,43767.88189866718,43509.10578231346,0.01712351907901466,52.0,41665.5859375,-0.01990928290047729,0.01712351907901466,-0.08826945713940804,0.45994897559359693,-0.028694857831478182,-0.022917893033756576,0.00594763123030928,-0.28104458814813016,0.036136705803490564,0.52,0
2024-01-16,43154.9453125,43566.2734375,42085.99609375,42499.3359375,24062872740,48.76134820132128,43673.583962333774,43482.871673438385,0.015124600939588229,64.0,41545.78515625,-0.03728796652614226,0.015124600939588229,-0.06930641855957509,0.4876134820132128,-0.011875339799936602,-0.00754150653620933,0.0043859175246672155,-0.20383918070890206,0.03659407418066677,0.64,0
2024-01-17,42742.65234375,43189.890625,42189.30859375,43132.1015625,20851232595,47.095397787782076,43530.36371332089,43428.04061197999,-0.009553782672285682,60.0,39507.3671875,-0.0756921945374566,-0.009553782672285682,-0.0025789371063672517,0.4709539778778208,-0.018095676267686267,-0.015782159604062818,0.002356152842702075,-0.3434614765505657,0.03668615173055519,0.6,0
2024-01-18,41262.05859375,42876.34765625,40631.171875,42742.3125,25218357242,41.59893553051846,43181.39369492537,43267.5974995185,-0.034639725632667706,63.0,39845.55078125,-0.03432954779223157,-0.034639725632667706,-0.03688693566990198,0.4159893553051846,-0.04444819717342585,-0.04635198212220637,-0.00199234091040279,-0.1519719444793862,0.02798407979055852,0.63,0
2024-01-19,41618.40625,42134.16015625,40297.45703125,41278.4609375,25752407154,43.31370419131682,42940.934088013775,43145.435184739355,0.00863620644230223,51.0,40077.07421875,-0.03703486438167007,0.00863620644230223,-0.004255482205583361,0.4331370419131682,-0.030798767332425925,-0.03539259549013585,-0.004739808414261026,-0.14746606868589188,0.028672545924766497,0.51,0
2024-01-20,41665.5859375,41877.89453125,41446.82421875,41624.58984375,11586690904,43.55003172001751,42744.72668024243,43035.81672198088,0.0011336255217606617,52.0,39933.80859375,-0.04156373430935865,0.0011336255217606617,-0.019909282900477332,0.43550031720017507,-0.025246172488482155,-0.03183931173730992,-0.006763901882447132,-0.9380445721736771,0.0280732193008767,0.52,0
2024-01-21,41545.78515625,41855.3671875,41497.0078125,41671.48828125,9344043642,43.05913424086588,42560.27413808975,42925.444013408225,-0.0028752933279206916,56.0,41816.87109375,0.006524992522838837,-0.0028752933279206916,-0.0372879665261423,0.4305913424086588,-0.023836523668719134,-0.03214081738391039,-0.008507072756298362,-1.1377028488460228,0.02814185884705738,0.56,1
2024-01-22,39507.3671875,41651.20703125,39450.1171875,41553.65234375,31338708143,35.68788059496211,42090.59614569133,42672.25313741502,-0.049064374667218136,55.0,42120.0546875,0.06613165305600636,-0.049064374667218136,-0.07569219453745657,0.35687880594962107,-0.06137306654554864,-0.07416730351039391,-0.013630801023105432,0.08622342427578544,0.021807720018701123,0.55,2
2024-01-23,39845.55078125,40127.3515625,38521.89453125,39518.71484375,29244553045,37.596541171734124,41745.20455116189,42462.867777699095,0.008560013431039293,50.0,42035.59375,0.05496330018809934,0.008560013431039293,-0.03432954779223152,0.3759654117173412,-0.04550591595697473,-0.06163778221836613,-0.016900959923251135,0.04724927343626871,0.02232208898283408,0.5,2
2024-01-24,40077.07421875,40483.78515625,39508.796875,39877.59375,22359526178,38.93274102178306,41488.569115406215,42286.142328888054,0.005810521700930993,48.0,43288.24609375,0.08012490775830282,0.005810521700930993,-0.03703486438167003,0.38932741021783057,-0.034021296148583624,-0.05224094676115476,-0.018861337770624043,-0.20658719383406204,0.02174006827333397,0.48,2
2024-01-25,39933.80859375,40254.48046875,39545.6640625,40075.55078125,18491782013,38.38502393110154,41249.37518899757,42111.8953855445,-0.0035747525934159974,52.0,42952.609375,0.07559511320246247,-0.0035747525934159974,-0.04156373430935867,0.3838502393110154,-0.03189300660239991,-0.051721414385498266,-0.02048162849594759,-0.37101071248631573,0.020455556016060784,0.52,2
2024-01-26,41816.87109375,42209.38671875,39825.69140625,39936.81640625,25598119893,48.61717039276266,41336.68225126717,42090.04173430047,0.04715459322091098,49.0,42582.60546875,0.018311613350584892,0.04715459322091098,0.0065249925228387795,0.4861717039276266,0.011616530798576719,-0.006490148959102826,-0.017898758280853855,-0.06339829177655815,0.025917123316399476,0.49,1
2024-01-27,42120.0546875,42195.6328125,41431.28125,41815.625,11422941934,50.05529192236527,41457.20108761069,42092.264916018954,0.007250269707417489,55.0,43075.7734375,0.022690349219409475,0.007250269707417489,0.06613165305600632,0.5005529192236527,0.0159888652031408,0.000660210885218282,-0.015087423536731093,-0.8556904184258436,0.02597823910135569,0.55,1
2024-01-28,42035.59375,42797.17578125,41696.91015625,42126.125,16858971687,49.638488758722474,41546.184574132116,42088.0670518694,-0.002005242826170095,54.0,43185.859375,0.0273640865367817,-0.002005242826170095,0.05496330018809936,0.49638488758722477,0.011779882578498047,-0.0012467501015129834,-0.012874967079611221,-0.4170764876276373,0.023207278112578795,0.54,1
2024-01-29,43288.24609375,43305.8671875,41818.33203125,42030.9140625,20668476578,55.550163328671715,41814.194038688714,42176.969203119814,0.029799801358818767,55.0,42992.25,-0.006837793638230499,0.029799801358818767,0.08012490775830283,0.5555016332867172,0.03525243255190835,0.026347955095549658,-0.008601262046213254,-0.17519970698456291,0.024780948833865286,0.55,1
2024-01-30,42952.609375,43838.9453125,42711.37109375,43300.2265625,23842814518,53.73023575224377,41989.334859659684,42234.424030666494,-0.007753530092744043,61.0,42583.58203125,-0.008591500007093574,-0.007753530092744043,0.07559511320246237,0.5373023575224377,0.022940932943087855,0.017004738689274657,-0.005803066494498688,0.02249010314285175,0.025061659790935595,0.61,1
2024-01-31,42582.60546875,43717.40625,42298.9453125,42946.25,24673628793,51.71865481332148,42080.60726105819,42260.21524830231,-0.00861423582021903,60.0,42658.66796875,0.001786234054086235,-0.00861423582021903,0.018311613350584954,0.5171865481332147,0.011929443046710952,0.007628693288793453,-0.004250049039949744,0.10318777494534243,0.025284270436604514,0.6,1
2024-02-01,43075.7734375,43243.16796875,41879.19140625,42569.76171875,21423953779,54.18093905393306,42233.709749741545,42320.62696602066,0.011581441842771323,63.0,43084.671875,0.00020657638365823017,0.011581441842771323,0.02269034921940949,0.5418093905393306,0.0199381890141348,0.01784346134771697,-0.002053779031886749,0.012438161026220237,0.017570042414233118,0.63,1
2024-02-02,43185.859375,43422.48828125,42584.3359375,43077.640625,18603843039,54.7358646027607,42380.19430747362,42384.71825557469,0.0025556346111748063,63.0,44318.22265625,0.026220695793436437,0.0025556346111748063,0.027364086536781684,0.547358646027607,0.01901041466872888,0.018901650226728517,-0.00010673535857408378,-0.12397070762422376,0.017682186899189798,0.63,1
2024-02-03,42992.25,43359.94140625,42890.80859375,43184.96484375,11169245236,53.50845319904618,42474.35672170844,42429.7206070136,-0.0044831659668692625,60.0,45301.56640625,0.053714713843774166,-0.0044831659668692625,-0.006837793638230449,0.5350845319904618,0.012193081149757923,0.013257909430905102,0.0010520011458068357,-0.6189782446217642,0.018131972092815783,0.6,2
2024-02-04,42583.58203125,43097.64453125,42374.83203125,42994.94140625,14802225490,50.91321290642542,42491.16061548406,42441.11774954963,-0.009505619472114146,60.0,47147.19921875,0.10716846657359602,-0.009505619472114146,-0.008591500007093522,0.5091321290642542,0.0021750739313122214,0.0033567514065266923,0.0011791128176628085,-0.3190755415891159,0.01861383842245502,0.6,2
2024-02-05,42658.66796875,43494.25,42264.81640625,42577.62109375,18715487317,51.37981265265819,42516.93097752497,42457.23258060151,0.0017632602500394778,60.0,47771.27734375,0.11984925030348555,0.0017632602500394778,0.0017862340540861776,0.5137981265265819,0.0033336599788906796,0.004744430475210226,0.0014060830933841917,-0.07128636511772192,0.011975783370878906,0.6,2
2024-02-06,43084.671875,43344.1484375,42529.01953125,42657.390625,16798476726,54.048625125251455,42604.27573098266,42503.70956537177,0.009986338686479135,64.0,48293.91796875,0.12090717805309965,0.009986338686479135,0.00020657638365828568,0.5404862512525146,0.01127577304800842,0.013668508362421727,0.0023660562016645237,-0.16921605334994108,0.01213772839312147,0.64,2
2024-02-07,44318.22265625,44341.94921875,42775.95703125,43090.01953125,21126587775,60.76458134455087,42867.959873331485,42638.117942473866,0.028630850081180936,62.0,49958.22265625,0.12726142119340195,0.028630850081180936,0.026220695793436333,0.6076458134455087,0.033830926109006176,0.03940381974745888,0.005390527113971588,0.07036434576841284,0.014548204108969379,0.62,2
2024-02-08,45301.56640625,45575.83984375,44332.125,44332.125,26154524080,65.13865863019316,43242.36087839588,42835.4104212721,0.022188248784866804,66.0,49742.44140625,0.0980291710042794,0.022188248784866804,0.05371471384377413,0.6513865863019316,0.04762009950485635,0.057572834267818784,0.009500328189260943,0.2828336544772658,0.013272753590715983,0.66,2
2024-02-09,47147.19921875,48152.49609375,45260.82421875,45297.3828125,39316770844,71.54959225539324,43843.10523845036,43154.80218404824,0.040741037427910465,72.0,51826.6953125,0.09925289669993818,0.040741037427910465,0.10716846657359613,0.7154959225539324,0.07536176925264759,0.09251338976540402,0.015949628304785524,0.6224855238484323,0.016668331186499505,0.72,2
2024-02-10,47771.27734375,48146.171875,46905.3203125,47153.52734375,16398681570,73.33523004729787,44447.43940849645,43496.76330698911,0.013236801662479536,74.0,51938.5546875,0.0872339526063607,0.013236801662479536,0.11984925030348559,0.7333523004729787,0.07478131427787438,0.09827200259919233,0.02185624927532448,-0.26854542737964565,0.015417426693148219,0.74,2
2024-02-11,48293.91796875,48535.9375,47617.40625,47768.96875,19315867136,74.76372594262902,45039.205340843146,43852.10809674917,0.010940478338881565,71.0,52160.203125,0.08005739270836948,0.010940478338881565,0.1209071780530997,0.7476372594262902,0.07226398874660789,0.10129068053469714,0.02707047153753539,-0.07639463043071744,0.015419165654789057,0.71,2
2024-02-12,49958.22265625,50280.4765625,47745.76171875,48296.38671875,34511985805,78.68053052394887,45795.97723552112,44304.41287893442,0.034461993507690414,70.0,51662.99609375,0.034123980935633326,0.034461993507690414,0.127261421193402,0.7868053052394888,0.09088670385442699,0.1276127909146454,0.03366627068645567,0.49143213540636416,0.016594781408834084,0.7,2
2024-02-13,49742.44140625,50358.390625,48406.49609375,49941.359375,35593051468,77.01163720188168,46403.12556947941,44707.22980688372,-0.004319233922406296,79.0,52122.546875,0.04784858566372953,-0.004319233922406296,0.09802917100427933,0.7701163720188169,0.07196316618307597,0.11262633853889548,0.03793336715160489,0.4914167633323305,0.016573687857901444,0.79,2
2024-02-14,51826.6953125,52021.37109375,49296.83203125,49733.4453125,39105608050,81.16694873003429,47237.5209145595,45234.597622114554,0.041900916949929146,74.0,51779.14453125,-0.0009174959152475868,0.041900916949929146,0.0992528966999382,0.8116694873003429,0.09715104241480277,0.14573132153081558,0.04427856989415879,0.5392833086165717,0.016160105357742267,0.74,1
2024-02-15,51938.5546875,52820.06640625,51371.62890625,51836.78515625,38564360533,81.36166804653882,47960.75687962727,45731.18703436533,0.0021583350882306007,72.0,52284.875,0.006667885053477404,0.0021583350882306007,0.0872339526063608,0.8136166804653883,0.08293859535737269,0.13573598359627237,0.048753815281166846,0.497314134906558,0.016111103316374734,0.72,1
2024-02-16,52160.203125,52537.96875,51641.3671875,51937.7265625,28180567298,81.76400940355533,48606.82553276153,46207.410448486415,0.004267512618200353,72.0,51839.1796875,-0.006154566475339047,0.004267512618200353,0.08005739270836942,0.8176400940355534,0.07310449825289345,0.12882766246227884,0.05192706236914235,0.14851617140184953,0.016599836659906397,0.72,1
2024-02-17,51662.99609375,52191.9140625,50669.66796875,52161.67578125,20009091006,77.71144531975021,49077.00561906745,46611.52790369112,-0.009532306269177337,76.0,51304.97265625,-0.006929978215942307,-0.009532306269177337,0.03412398093563329,0.7771144531975022,0.052692507255940546,0.10837379543739134,0.05289416215813625,-0.20039287451431267,0.018522652190714653,0.76,1
2024-02-18,52122.546875,52356.96484375,51233.70703125,51661.96875,17595377311,78.75933773226714,49545.55042767246,47019.751531195485,0.008895163192163213,72.0,50731.94921875,-0.02667938808870801,0.008895163192163213,0.047848585663729626,0.7875933773226714,0.05201267167451262,0.1085245067792211,0.053717827385821426,-0.3226387732849371,0.01847458736602086,0.72,0
2024-02-19,51779.14453125,52483.32421875,51711.8203125,52134.8125,21362184346,75.88813984518548,49889.18028976131,47372.299160829156,-0.006588364620277343,75.0,51571.1015625,-0.004017891192166006,-0.006588364620277343,-0.0009174959152475903,0.7588813984518548,0.03788324904341156,0.09302578613420431,0.05312980736669193,-0.12353443450857499,0.016939833510359048,0.75,1
2024-02-20,52284.875,52945.05078125,50792.3125,51777.7265625,33353758256,77.20603681785825,50257.748706721104,47736.1936674344,0.009767068832988945,72.0,51733.23828125,-0.010550598404414278,0.009767068832988945,0.006667885053477374,0.7720603681785825,0.04033460203536343,0.09528789338033672,0.052822708422328724,0.3042174360216316,0.01689121312012489,0.72,1
2024-02-21,51839.1796875,52368.81640625,50671.7578125,52273.53515625,28624907020,73.39852127190018,50501.04578068709,48040.118557809634,-0.008524364120598982,78.0,54522.40234375,0.05176051535585943,-0.008524364120598982,-0.006154566475339074,0.7339852127190017,0.026497152407973346,0.07908101069981166,0.051226501864604534,0.13679716181744545,0.017766588413001296,0.78,2
2024-02-22,51304.97265625,52009.61328125,50926.29296875,51854.64453125,25413900611,69.0058134046932,50624.726838466,48281.95960213855,-0.010305082651198116,74.0,57085.37109375,0.11266741093947019,-0.010305082651198116,-0.006929978215942323,0.690058134046932,0.013437026928649676,0.06261164789130791,0.04852262119501205,0.004269277497857833,0.01566320993736253,0.74,2
2024-02-23,50731.94921875,51497.93359375,50561.77734375,51283.90625,21427078270,64.54364488876774,50641.22258927892,48463.44031448014,-0.011168964874795462,76.0,62504.7890625,0.23205967886207063,-0.011168964874795462,-0.026679388088708067,0.6454364488876775,0.0017915568549145,0.04680866421264085,0.04493660088237883,-0.18643677804845504,0.016149983988179788,0.76,2
2024-02-24,51571.1015625,51684.1953125,50585.4453125,50736.37109375,15174077879,67.82485410425994,50784.28089285139,48693.63744396309,0.016540904827679226,72.0,61198.3828125,0.18667976751151058,0.016540904827679226,-0.004017891192166001,0.6782485410425995,0.015493389998151308,0.05909322592398869,0.04293463291367838,-0.5322235385703027,0.010037993216328154,0.72,2
2024-02-25,51733.23828125,51950.02734375,51306.171875,51565.21484375,15413239245,68.43271240594791,50930.274337220406,48918.793061539895,0.003143945229742817,74.0,62440.6328125,0.2069732127155618,0.003143945229742817,-0.010550598404414302,0.6843271240594792,0.01576594578527102,0.05753300610196033,0.0411187838005338,-0.5101742579495429,0.010071222512349733,0.74,2
2024-02-26,54522.40234375,54938.17578125,50931.03125,51730.5390625,34074411896,76.61670043496144,51482.90941514803,49333.87523059249,0.053914352844811164,72.0,62029.84765625,0.1376946904350885,0.053914352844811164,0.05176051535585935,0.7661670043496145,0.059038872572101386,0.10517169163998785,0.043561025249095,0.2500518963641327,0.019971446172099894,0.72,2
2024-02-27,57085.37109375,57537.83984375,54484.19921875,54519.36328125,49756832031,81.39095645262222,52344.82659647141,49908.0601093449,0.04700762695380023,79.0,63167.37109375,0.10654218205942238,0.04700762695380023,0.11266741093947008,0.8139095645262222,0.09056376351809625,0.14381065841229135,0.04882510924663741,0.5761113198478854,0.023254931566316684,0.79,2
2024-02-28,62504.7890625,63913.1328125,56738.42578125,57071.09765625,83239156760,87.29703326481615,53907.89774509119,50841.15114291194,0.09493531994124749,82.0,68330.4140625,0.0932028583309804,0.09493531994124749,0.23205967886207057,0.8729703326481615,0.15947368895852798,0.22941333265256225,0.06032016453677014,0.9935039009277584,0.03542357466160347,0.82,2
2024-02-29,61198.3828125,63585.64453125,60498.73046875,62499.18359375,65496611844,80.65195325594627,55029.510832384854,51608.35348880735,-0.020900898468654838,80.0,63801.19921875,0.042530803701537764,-0.020900898468654838,0.1866797675115106,0.8065195325594626,0.11210115966512935,0.18582319867601482,0.0662907671394608,0.7121915144201351,0.03682789128880732,0.8,2
2024-03-01,62440.6328125,63155.1015625,60802.52734375,61168.0625,40186368423,82.05107232730512,56169.68344471026,52410.74454982162,0.020298739001094468,80.0,66106.8046875,0.058714521456068085,0.020298739001094468,0.20697321271556168,0.8205107232730512,0.11164295369338251,0.19137084101417368,0.07172076884569711,0.18737237502577392,0.03673452543242481,0.8,2
2024-03-02,62029.84765625,62458.69921875,61657.2890625,62431.65234375,23888473685,79.99115432794244,57071.24716956253,53123.27070585335,-0.006578811548619723,80.0,66925.484375,0.07892388751105897,-0.006578811548619723,0.13769469043508842,0.7999115432794244,0.08688438982164048,0.167658670711615,0.07431727021420342,-0.33959763559910067,0.03658035747371847,0.8,2
2024-03-03,63167.37109375,63230.2109375,61435.0234375,62031.578125,26253811450,81.38483374344884,58009.1123886683,53867.27814199384,0.01833832389535761,83.0,68300.09375,0.08125591689785946,0.01833832389535761,0.10654218205942234,0.8138483374344884,0.08892152444120716,0.17264828059886694,0.07688961442894149,-0.23279836536082327,0.035151325376240966,0.83,2
2024-03-04,68330.4140625,68537.03125,62386.51953125,63137.00390625,70670471105,86.112891303462,59597.00495387317,54938.62154351281,0.08173591649219114,82.0,68498.8828125,0.0024655016702504707,0.08173591649219114,0.0932028583309803,0.86112891303462,0.14654107392454208,0.24375916509628004,0.08479250624573464,0.7058414852784144,0.03772511076860939,0.82,1
2024-03-05,63801.19921875,69170.625,59323.91015625,68341.0546875,102802940877,69.44877489848402,60243.804071546525,55595.10877871556,-0.06628402455760396,90.0,69019.7890625,0.08179454160191321,-0.06628402455760396,0.04253080370153772,0.6944877489848402,0.05904997537968648,0.147604539685263,0.08361698348921487,0.9932723193046886,0.04870758290418711,0.9,2
2024-03-06,66106.8046875,67637.9296875,62848.671875,63776.05078125,68750229073,72.37899565625789,61145.804166308604,56373.752920107,0.03613733749494208,75.0,72123.90625,0.09102091064519054,0.03613733749494208,0.058714521456068036,0.7237899565625788,0.08113394841775445,0.17265218764460655,0.08465023169496222,0.5520632973938916,0.04836239699727726,0.75,2
2024-03-07,66925.484375,68029.921875,65655.53125,66099.7421875,46989543159,73.35619173393847,62034.985736876515,57155.36265750648,0.012384196927533564,82.0,71481.2890625,0.06807279364573146,0.012384196927533564,0.07892388751105894,0.7335619173393847,0.07883452506730149,0.17093972049550743,0.08537471992978718,0.14802765931236758,0.04746039331692165,0.82,2
2024-03-08,68300.09375,70083.0546875,66230.453125,66938.09375,59202881172,74.95817576176394,62998.84850812628,57980.89829398748,0.020539401213709896,81.0,73083.5,0.07003513446861118,0.020539401213709896,0.08125591689785949,0.7495817576176393,0.08414828790386397,0.17797577753435068,0.08654488567416951,0.3318470829345696,0.046623319146677465,0.81,2
2024-03-09,68498.8828125,68673.0546875,68053.125,68299.2578125,21609650379,75.1904911173175,63845.007631876084,58760.00825832174,0.0029105240064184468,84.0,71396.59375,0.042303039385792905,0.0029105240064184468,0.002465501670250392,0.751904911173175,0.07289332953733352,0.16573984318320822,0.08653843871497746,-0.6806964828396165,0.038326943410533144,0.84,2
2024-03-10,69019.7890625,70005.203125,68239.9765625,68500.2578125,35683977532,75.82342521384712,64641.12785197207,59519.9920215942,0.007604594828588107,79.0,69403.7734375,0.005563395371322967,0.007604594828588107,0.08179454160191324,0.7582342521384712,0.06773800761266169,0.15960682651736957,0.08604060008139625,-0.19577185590903526,0.03681530326375801,0.79,1
2024-03-11,72123.90625,72850.7109375,67194.8828125,69020.546875,65716656765,79.22476146153932,65792.32452859175,60453.615297772405,0.04497430707429584,82.0,65315.1171875,-0.09440405292107983,0.04497430707429584,0.09102091064519047,0.7922476146153932,0.09623587199228223,0.19304537693476242,0.08831083475360102,0.37827310790047086,0.038182129750651835,0.82,0
2024-03-12,71481.2890625,72825.65625,68728.8515625,72125.125,62554434520,76.8153997633103,66667.54984150072,61270.48002108556,-0.008909905479502545,81.0,68390.625,-0.043237385657632216,-0.008909905479502545,0.06807279364573149,0.768153997633103,0.07220513176866028,0.16665136355877253,0.08808597253616779,0.291966737309071,0.0383365096238882,0.81,0
2024-03-13,73083.5,73637.4765625,71334.09375,71482.1171875,48212536929,78.56566219551755,67654.61909665445,62145.51853804218,0.022414410239567806,81.0,67548.59375,-0.07573400630785335,0.022414410239567806,0.0700351344686112,0.7856566219551755,0.08024405392911316,0.17600595697439014,0.0886483963479987,0.007439949226003329,0.03839823995122414,0.81,0
2024-03-14,71396.59375,73750.0703125,68563.0234375,73079.375,59594605698,72.37091534725258,68230.30750486146,62830.783368557575,-0.0230819028918976,88.0,61912.7734375,-0.13283295202721068,-0.0230819028918976,0.04230303938579283,0.7237091534725257,0.04640586215902576,0.1363314274023364,0.0859375587382214,0.18028236322607918,0.03204373553668569,0.88,0
2024-03-15,69403.7734375,72357.1328125,65630.6953125,71387.875,78320453976,65.77308867864849,68410.84072526738,63317.67152181257,-0.027911980219644583,83.0,67913.671875,-0.0214700366953661,-0.027911980219644583,0.005563395371322999,0.657730886786485,0.014514259753365177,0.09612011574984725,0.0804383528490975,0.39201112282709194,0.02381832956582508,0.83,0
2024-03-16,65315.1171875,70046.2734375,64801.39453125,69392.484375,46842198371,54.745460996678005,67934.57556561085,63465.630460011635,-0.05891115205258901,81.0,65491.390625,0.002698815298669252,-0.05891115205258901,-0.09440405292107978,0.5474546099667801,-0.03855854483967436,0.029141548174703713,0.07041520068748097,-0.15127516142487646,0.02985523132717516,0.81,1
2024-03-17,68390.625,68845.71875,64545.31640625,65316.34375,44716864318,60.156846584919826,68004.73701705533,63830.44487038114,0.04708722796395115,79.0,63778.76171875,-0.06743414439113549,0.04708722796395115,-0.043237385657632244,0.6015684658491982,0.005674427986507524,0.07144208596507662,0.06539656985237707,-0.20742664926759072,0.03336808245755539,0.79,0
2024-03-18,67548.59375,68897.1328125,66594.2265625,68371.3046875,49261579492,58.10814180098352,67934.56112981605,64105.86330590847,-0.0123120859035869,77.0,64062.203125,-0.051613074846580356,-0.0123120859035869,-0.07573400630785332,0.5810814180098351,-0.005681458353407276,0.0537038309220339,0.05972461217217084,-0.11018277003245248,0.03302892288339639,0.77,0
2024-03-19,61912.7734375,68106.9296875,61536.1796875,67556.1328125,74215844794,46.655391991524645,67008.13225407511,63943.412204544875,-0.08343356981432348,79.0,67234.171875,0.08594992829503706,-0.08343356981432348,-0.13283295202721068,0.4665539199152465,-0.07604090197970315,-0.03175680960767591,0.0479286285149545,0.3078873324571879,0.04205734982207826,0.79,2
2024-03-20,67913.671875,68115.2578125,60807.78515625,61930.15625,66792634382,56.48905134611652,67147.44604190972,64237.50551346748,0.09692504638897836,74.0,69958.8125,0.030113827872011226,0.09692504638897836,-0.021470036695366068,0.5648905134611651,0.011411094215140416,0.057227725954610786,0.04529971245275344,0.20131522497541182,0.05386225084192012,0.74,1
2024-03-21,65491.390625,68199.9921875,64580.91796875,67911.5859375,44480350565,52.298181315902475,66892.66828546207,64330.38589209952,-0.03566706353999505,78.0,69987.8359375,0.0686570443777319,-0.03566706353999505,0.0026988152986693326,0.5229818131590247,-0.020948150169196045,0.018047532543140843,0.03983004855062178,-0.20915360711928077,0.05234338298463156,0.78,2
2024-03-22,63778.76171875,66623.75,62355.37109375,65489.9296875,41401116964,49.50187376677483,66413.60573673714,64289.52484222178,-0.02615044343853401,75.0,69455.34375,0.08900426847862696,-0.02615044343853401,-0.06743414439113549,0.4950187376677483,-0.03967325653769849,-0.007944733216263211,0.03303929994393706,-0.2967376180268099,0.05264582769453613,0.75,2
2024-03-23,64062.203125,65976.3984375,63038.4921875,63802.72265625,24738964812,49.97856721559052,66051.85148877758,64272.68619650164,0.004444134671348854,73.0,70744.953125,0.1043165809792777,0.004444134671348854,-0.0516130748465804,0.49978567215590525,-0.030122522214470093,-0.003274844789560083,0.02768151445913558,-0.8103052920248072,0.05171089640332998,0.73,2
2024-03-24,67234.171875,67622.7578125,63825.8515625,64070.75390625,27206630673,55.08804134677853,66233.7469328118,64492.05550602004,0.04951388799118828,74.0,69892.828125,0.039543228924465726,0.04951388799118828,0.08594992829503711,0.5508804134677853,0.015104459411046767,0.042518669120787944,0.02700629423463141,-0.6753739362629401,0.05496052949973229,0.74,2
2024-03-25,69958.8125,71162.59375,66414.8359375,67234.09375,42700139523,58.96539443727469,66806.83394314845,64897.00046853708,0.04052464020923141,75.0,69645.3046875,-0.0044813198122824055,0.04052464020923141,0.030113827872011223,0.5896539443727469,0.04718048095998428,0.07799762693064616,0.029428686392636516,-0.16677192977573949,0.05599212221921334,0.75,1
2024-03-26,69987.8359375,71535.7421875,69335.609375,69931.328125,36010437368,59.00599368850595,67296.21886535638,65274.09939216396,0.00041486463910467286,81.0,71333.6484375,0.019229234365837903,0.00041486463910467286,0.0686570443777319,0.5900599368850595,0.03999655727358031,0.07221450145204011,0.030978895029154074,-0.3041791421919436,0.051782098196884944,0.81,1
2024-03-27,69455.34375,71727.6875,68381.9296875,69991.8984375,40827113309,57.87462277459679,67628.39192453232,65583.82119644812,-0.007608353371227561,83.0,69702.1484375,0.003553429789194586,-0.007608353371227561,0.08900426847862697,0.5787462277459678,0.027014568489317492,0.05903167096585027,0.031174925321291402,-0.17230921747243033,0.05007089521508917,0.83,1
2024-03-28,70744.953125,71546.0234375,68895.5078125,69452.7734375,34374900617,59.88089447487641,68107.86287845043,65966.12726522973,0.018567460837021654,80.0,65446.97265625,-0.07488845825353709,0.018567460837021654,0.10431658097927765,0.5988089447487641,0.03871932160396652,0.07244363217740624,0.032467202517580285,-0.3184022376975862,0.04999673868642425,0.8,0
2024-03-29,69892.828125,70913.09375,69076.65625,70744.796875,25230851763,57.918033411627086,68382.47291638113,66256.99399558309,-0.01204502883045766,79.0,65980.8125,-0.055971631567169465,-0.01204502883045766,0.03954322892446571,0.5791803341162709,0.022086876127831,0.05487472205061539,0.0320793140862945,-0.6314849620226312,0.03993042490551881,0.79,0
2024-03-30,69645.3046875,70355.4921875,69601.0625,69893.4453125,17130241883,57.33016225014243,68576.75472732249,66507.97997276213,-0.0035414711944022903,75.0,68508.84375,-0.01631783998360442,-0.0035414711944022903,-0.004481319812282392,0.5733016225014242,0.01558180996499936,0.04717215461998303,0.031105662138702916,-0.9989601043317465,0.02697547508423159,0.75,0
2024-03-31,71333.6484375,71377.78125,69624.8671875,69647.78125,20050941373,60.290821851627655,69000.89222119596,66865.43689607605,0.02424203264779501,75.0,67837.640625,-0.04900923882455104,0.02424203264779501,0.01922923436583801,0.6029082185162765,0.0338076239481937,0.06682393399101771,0.03193660916982988,-0.7911982246955271,0.023955511552546296,0.75,0
2024-04-01,69702.1484375,71342.09375,68110.6953125,71333.484375,34873527352,56.2305884319967,69108.77779293504,67075.56367692226,-0.022871394296192005,79.0,68896.109375,-0.011564049036777583,-0.022871394296192005,0.0035534297891945954,0.562305884319967,0.0085860387567962,0.03915859392891585,0.03031229265259716,-0.2059565517131906,0.02344030262703889,0.79,1
2024-04-02,65446.97265625,69708.3828125,64586.59375,69705.0234375,50705240709,47.28622300292675,68545.42315652197,66954.92730502061,-0.061047985989492126,79.0,69362.5546875,0.05982831401256683,-0.061047985989492126,-0.07488845825353707,0.47286223002926747,-0.045202879456980316,-0.022521936912887064,0.023754724491831247,0.1654402293838916,0.032358348184876276,0.79,2
2024-04-03,65980.8125,66914.3203125,64559.8984375,65446.671875,34488018367,48.39525657181995,68150.8676709032,66882.77065279687,0.008156830210526378,71.0,71631.359375,0.0856392436058589,0.008156830210526378,-0.055971631567169444,0.4839525657181995,-0.03184193019203041,-0.013485657726100109,0.018959995313132305,-0.1903303691374658,0.02805494350413197,0.71,2
2024-04-04,68508.84375,69291.2578125,65113.796875,65975.6953125,34439527442,53.39563932170159,68205.94091384117,67003.22051184895,0.038314642609167615,70.0,69139.015625,0.009198401848666436,0.038314642609167615,-0.016317839983604476,0.5339563932170158,0.004441003702909896,0.022470908512297383,0.01795018795819714,-0.1377121363661285,0.02769330756027226,0.7,1
2024-04-05,67837.640625,68725.7578125,66011.4765625,68515.7578125,33748230056,51.956155306716184,68149.27933094253,67065.0294091194,-0.009797320875087778,79.0,70587.8828125,0.04054153655937234,-0.009797320875087778,-0.049009238824550994,0.5195615530671618,-0.004572883367249814,0.011520329189262268,0.016167143015905383,-0.1412859676563883,0.027793052830976234,0.79,2
2024-04-06,68896.109375,69629.6015625,67491.71875,67840.5703125,19967785809,54.05947720252508,68264.17626079753,67200.66496214758,0.015602971156545964,75.0,70060.609375,0.016902260672829177,0.015602971156545964,-0.011564049036777546,0.5405947720252509,0.009257170434287865,0.025229577918721713,0.015825904390216916,-0.6337399041132914,0.028307913480175285,0.75,1
2024-04-07,69362.5546875,70284.4296875,68851.6328125,68897.109375,21204930369,54.99453955898392,68433.15755721329,67360.80494180332,0.006770270726916605,78.0,67195.8671875,-0.031237135220315987,0.006770270726916605,0.05982831401256683,0.5499453955898391,0.013581093777671915,0.029716832324466758,0.015919533864484414,-0.5356364354591774,0.027666231534491287,0.78,0
2024-04-08,71631.359375,72715.359375,69064.2421875,69362.5546875,37261432669,59.33058321529522,68925.18860610355,67677.1423072253,0.03270935878474601,76.0,63821.47265625,-0.1090288776716378,0.03270935878474601,0.08563924360585884,0.5933058321529522,0.03926243545537167,0.05842766010751821,0.01844117904997611,0.0804357999269137,0.029360704482757755,0.76,0
2024-04-09,69139.015625,71742.5078125,68212.921875,71632.5,36426900409,53.260066555112765,68958.08507054916,67785.42921965304,-0.03479403115822832,80.0,65738.7265625,-0.04918046679956618,-0.03479403115822832,0.009198401848666382,0.5326006655511276,0.0026237757946110385,0.019968692695900403,0.017299526821556555,0.102949039757996,0.0316881431426262,0.8,0
2024-04-10,70587.8828125,71093.4296875,67503.5625,69140.2421875,38318601774,56.073757616829326,69208.82318469544,67993.01837467875,0.0209558550176423,78.0,63426.2109375,-0.10145752485626018,0.0209558550176423,0.040541536559372426,0.5607375761682932,0.019926066711527524,0.038163689447086035,0.01788131839238183,0.16299599933510653,0.031421601575212454,0.78,0
2024-04-11,70060.609375,71256.234375,69571.8125,70575.734375,30153382941,54.781310626918604,69339.86721397308,68146.17326359144,-0.007469744331340511,76.0,63811.86328125,-0.08919057583846486,-0.007469744331340511,0.016902260672829073,0.547813106269186,0.010394340081483211,0.02809308314354597,0.01751666884895209,-0.05921656882985631,0.03057470484474742,0.76,0
2024-04-12,67195.8671875,71222.7421875,65254.8359375,70061.3828125,44129299406,48.27136986489338,69010.02105605415,68075.78022091801,-0.04088948430588779,79.0,61276.69140625,-0.08808839038766218,-0.04088948430588779,-0.031237135220316015,0.4827136986489338,-0.026288267135588628,-0.012925493186600745,0.013723542089482565,0.2917562265689275,0.026415207334900805,0.79,0
2024-04-13,63821.47265625,67931.4296875,60919.10546875,67188.375,52869738185,41.94797101755038,68211.78284069966,67760.6463272389,-0.05021729270691988,72.0,63512.75390625,-0.004837223855093343,-0.05021729270691988,-0.10902887767163782,0.4194797101755038,-0.06436292971117163,-0.0581336496107977,0.006657795312076553,0.4342741365796765,0.03116168871614836,0.72,1
2024-04-14,65738.7265625,65824.4296875,62205.8515625,63836.23046875,49084320047,46.25582348210144,67831.31264405356,67610.87449281379,0.03004089104268326,72.0,63843.5703125,-0.028828612130145412,0.03004089104268326,-0.049180466799566225,0.46255823482101444,-0.0308498538504548,-0.027690041644303443,0.003260394912703024,0.3507046496370316,0.03003585659869371,0.72,0
2024-04-15,63426.2109375,66878.6484375,62332.0703125,65739.6484375,43595917654,42.189195970202036,67153.60468919916,67300.8994146424,-0.03517737178558533,74.0,64994.44140625,0.02472527438688289,-0.03517737178558533,-0.10145752485626014,0.42189195970202037,-0.05550549027040785,-0.05757261063140251,-0.002188599658018653,0.2212154432324793,0.03163710495014168,0.74,1
2024-04-16,63811.86328125,64355.66796875,61716.40234375,63419.296875,42847528078,43.087801980406745,66639.49062643775,67042.45229365036,0.006080330797783695,65.0,64926.64453125,0.017469811923319263,0.006080330797783695,-0.0891905758384649,0.4308780198040674,-0.04243170706448873,-0.048187214248222476,-0.006010544862643408,0.20101312676032396,0.031044115872649464,0.65,1
2024-04-17,61276.69140625,64486.36328125,59768.5859375,63831.84765625,41915247049,38.816389050427716,65814.44459256271,66615.35889458367,-0.03972884891052719,67.0,66837.6796875,0.09075209763500383,-0.03972884891052719,-0.08808839038766214,0.3881638905042772,-0.06894767880219244,-0.080141690699016,-0.012022967605539336,0.16831420820416026,0.032180837257252196,0.67,2
2024-04-18,63512.75390625,64125.6875,60833.48046875,61275.31640625,36006307335,44.08179271060104,65460.338333129985,66385.53630285524,0.03649124077498622,57.0,66407.2734375,0.04557383128942175,0.03649124077498622,-0.004837223855093331,0.4408179271060104,-0.02975212894514323,-0.0432742214132219,-0.013936740158344674,0.0012631148324112403,0.03277932633023028,0.57,2
2024-04-19,63843.5703125,65481.59765625,59651.390625,63510.75,49920425401,44.838143432082674,65211.6047914946,66197.24252579188,0.005208661031110617,66.0,64276.8984375,0.006787341667750656,0.005208661031110617,-0.028828612130145426,0.4483814343208267,-0.020978390017677206,-0.0355554419411781,-0.014889407725907189,0.28341648465926744,0.03204956496000579,0.66,1
2024-04-20,64994.44140625,65442.45703125,63172.40234375,63851.1015625,23097485495,47.498652607715094,65178.195039918515,66108.14614656656,0.018026421268684478,66.0,64481.70703125,-0.0078888957871818,0.018026421268684478,0.02472527438688288,0.4749865260771509,-0.0028192501120347657,-0.016846709599863785,-0.014067118212425456,-0.491333034509166,0.03177306381243617,0.66,1
2024-04-21,64926.64453125,65723.2421875,64277.72265625,64992.81640625,20506644853,47.353759400043096,65139.494961661825,66020.62750839496,-0.0010431180502996629,72.0,63755.3203125,-0.018040732386627914,-0.0010431180502996629,0.0174698119233192,0.47353759400043094,-0.0032676094669923383,-0.016570320798690585,-0.01334632189948648,-0.5910968390138645,0.03184458020911599,0.72,0
2024-04-22,66837.6796875,67233.9609375,64548.1796875,64935.6328125,28282686673,51.81562656492702,65400.754150252316,66081.14989203236,0.029433758205850147,73.0,63419.140625,-0.05114688418992702,0.029433758205850147,0.0907520976350038,0.5181562656492702,0.021971085133765778,0.011448496230826777,-0.010296366556752146,-0.2388556476759002,0.03131928669031434,0.73,0
2024-04-23,66407.2734375,67199.2421875,65864.8671875,66839.890625,24310975583,50.771945854931815,65555.60327136735,66105.30719169663,-0.006439574982440521,71.0,63113.23046875,-0.04960364728496537,-0.006439574982440521,0.04557383128942183,0.5077194585493181,0.012991569349261711,0.0045679576819408485,-0.008315579242907267,-0.3759072941095386,0.02617011395997115,0.71,0
2024-04-24,64276.8984375,67075.3671875,63589.87109375,66408.71875,30276655120,45.84926734388718,65358.879450772365,65969.86950620059,-0.03208044676017341,72.0,63841.12109375,-0.006779688415951347,-0.03208044676017341,0.006787341667750635,0.4584926734388718,-0.016554460883732025,-0.025662792444078764,-0.009261653236570244,-0.15056186782406875,0.026744831635444916,0.72,1
2024-04-25,64481.70703125,65275.20703125,62783.6328125,64275.01953125,32155786816,46.387439245414626,65223.92984776893,65859.63524879684,0.0031863484195515657,72.0,60636.85546875,-0.05962701267565165,0.0031863484195515657,-0.007888895787181771,0.46387439245414624,-0.011379608960258247,-0.020922196309491548,-0.009652428207754471,-0.08808159794656195,0.024061589491966174,0.72,0
2024-04-26,63755.3203125,64789.65625,63322.3984375,64485.37109375,24139372950,44.690989287988224,64997.98991926602,65703.7600683304,-0.011265004482557628,70.0,58254.01171875,-0.08628783553725479,-0.011265004482557628,-0.018040732386627956,0.44690989287988225,-0.01911858517947318,-0.029654920111178873,-0.010741701058362474,-0.3807518392544726,0.02435128206563185,0.7,0
2024-04-27,63419.140625,63898.36328125,62424.71875,63750.98828125,19530783039,43.89096342657235,64755.09002784048,65534.52899845408,-0.005272966802647994,67.0,59123.43359375,-0.06773518198000653,-0.005272966802647994,-0.05114688418992697,0.4389096342657235,-0.020630801412925392,-0.032278989500389654,-0.011893561799032448,-0.5902318056977264,0.020152846734141933,0.67,0
2024-04-28,63113.23046875,64321.484375,62793.59765625,63423.515625,17334827993,43.13428085766974,64502.49624951887,65355.173551809334,-0.004823625063903991,65.0,62889.8359375,-0.0035395832156082073,-0.004823625063903991,-0.04960364728496536,0.4313428085766974,-0.02153817079256415,-0.034303987905136,-0.013046821788553875,-0.6808271270032543,0.016585449011342488,0.65,1
2024-04-29,63841.12109375,64174.87890625,61795.45703125,63106.36328125,26635912073,45.54014982985679,64400.74622555442,65243.02151787902,0.011533090916022948,67.0,63891.47265625,0.0007887011010671205,0.011533090916022948,-0.006779688415951335,0.45540149829856785,-0.008689730548220864,-0.021487362042925118,-0.012909814302419775,-0.23688579589879216,0.016944316203238937,0.67,1
2024-04-30,60636.85546875,64703.33203125,59120.06640625,63839.41796875,37840840057,37.93207020169164,63821.68610912298,64901.82403275835,-0.050191249309274655,67.0,64031.1328125,0.0559771333376495,-0.050191249309274655,-0.059627012675651625,0.37932070201691637,-0.04990201347748047,-0.06571415561226235,-0.016642643557909564,0.11495069343489496,0.021934129378696567,0.67,2
2024-05-01,58254.01171875,60780.5,56555.29296875,60609.49609375,48439780271,33.455914019300266,62965.12081829637,64409.39349097995,-0.03929695449375714,54.0,63161.94921875,0.08425063536732012,-0.03929695449375714,-0.08628783553725483,0.33455914019300265,-0.0748209332138281,-0.09556652280993716,-0.022423323593100508,0.3351383329473259,0.024070416407018607,0.54,2
2024-05-02,59123.43359375,59602.296875,56937.203125,58253.703125,32711813559,36.40470087090435,62374.09201452,64017.840905999954,0.014924669552331737,43.0,62334.81640625,0.054316581722335534,0.014924669552331737,-0.0677351819800065,0.3640470087090435,-0.052115522900329836,-0.07645380167438975,-0.025676418764161935,-0.04083216682069801,0.021716592022697077,0.43,2
2024-05-03,62889.8359375,63320.50390625,58848.3125,59122.30078125,33172023048,47.29971323431723,62453.437233439996,63934.284982407364,0.06370405294167747,48.0,61187.94140625,-0.027061519653849075,0.06370405294167747,-0.0035395832156082108,0.4729971323431723,0.006987585045620914,-0.016336290383082597,-0.023162028782754862,0.002467661022695104,0.03240167669932585,0.48,0
2024-05-04,63891.47265625,64494.95703125,62599.3515625,62891.03125,20620477992,49.7645124297017,62674.67345233384,63931.113698988294,0.015926845790239064,67.0,63049.9609375,-0.013170955117555606,0.015926845790239064,0.0007887011010672129,0.497645124297017,0.019414528020502253,-0.0006200586919999918,-0.01965303236496474,-0.4289928241279022,0.03148000696704283,0.67,1
2024-05-05,64031.1328125,64610.890625,62955.3046875,63892.453125,18296164805,50.11485008331036,62883.35950774401,63938.52252221138,0.002185896653241981,69.0,60792.77734375,-0.050574702125491935,0.002185896653241981,0.05597713333764953,0.5011485008331036,0.01825241707410119,0.001448427123983853,-0.016502774428370892,-0.5078197900082891,0.031469787423929294,0.69,0
2024-05-06,63161.94921875,65494.90234375,62746.23828125,64038.3125,28697928697,47.877020599254955,62926.2194632834,63880.998573806835,-0.013574390387488533,71.0,60793.7109375,-0.037494699111454505,-0.013574390387488533,0.08425063536732003,0.47877020599254955,0.003746129315843394,-0.01125607568933129,-0.014946214552677972,-0.03414049549866183,0.03156786104756051,0.71,0
2024-05-07,62334.81640625,64390.45703125,62285.98046875,63162.76171875,25930730982,45.781928811281304,62835.234377585955,63766.46656139522,-0.01309542885757653,68.0,61448.39453125,-0.014220333452544233,-0.01309542885757653,0.054316581722335444,0.457819288112813,-0.007963970792706387,-0.022451458146372394,-0.014603791522816434,-0.10825297035649968,0.031795690972871,0.68,1
2024-05-08,61187.94140625,62986.0859375,60877.12890625,62332.640625,26088172222,42.97387167341843,62581.80468968811,63575.464698051124,-0.018398626419713127,64.0,62901.44921875,0.028004011462379005,-0.018398626419713127,-0.027061519653849064,0.4297387167341843,-0.022272660405841305,-0.03755416186323701,-0.01562961455464551,-0.08488859725597053,0.032250767347024895,0.64,1
2024-05-09,63049.9609375,63404.9140625,60648.07421875,61191.19921875,25453338161,48.49713871975523,62653.82872781302,63536.53849356586,0.03043115176709965,55.0,61552.7890625,-0.02374580178541447,0.03043115176709965,-0.013170955117555616,0.4849713871975523,0.0063225539082039095,-0.007658232059889913,-0.013892947061354688,-0.06549174736832868,0.03369416898537091,0.55,0
2024-05-10,60792.77734375,63446.7421875,60208.78125,63055.19140625,27804954694,43.05340364486562,62367.513130264866,63333.29692691283,-0.035799920573900024,66.0,66267.4921875,0.09005535004254656,-0.035799920573900024,-0.05057470212549198,0.4305340364486562,-0.025249295786826886,-0.04011349016133825,-0.015249226607648159,0.014251835726878116,0.031588830995051005,0.66,2
2024-05-11,60793.7109375,61451.15234375,60492.625,60793.35546875,13842272968,43.05625074444751,62125.38971599334,63145.17944621558,1.5356984674586016e-05,53.0,65231.58203125,0.07299885177781676,1.5356984674586016e-05,-0.03749469911145453,0.4305625074444751,-0.02143533882976223,-0.0372390818956887,-0.016149922118613214,-0.6710045731291491,0.028336857452018426,0.53,2
2024-05-12,61448.39453125,61818.15625,60632.6015625,60793.50390625,13800459405,45.128030751073204,62021.23661064821,63019.49167473665,0.010768936188532141,56.0,67051.875,0.09119002231865166,0.010768936188532141,-0.014220333452544254,0.45128030751073206,-0.009236224730479803,-0.02493033665830846,-0.015840417584463418,-0.646924389094473,0.028199277006743535,0.56,2
2024-05-13,62901.44921875,63422.66015625,60769.83984375,61451.21875,27889181179,49.518072902090715,62156.65393497156,63010.747789108005,0.023646747788683697,57.0,66940.8046875,0.06421720833016877,0.023646747788683697,0.028004011462378964,0.49518072902090715,0.011982551128920882,-0.0017346020193859113,-0.01355473286866915,0.04984681947678474,0.02064270330500565,0.57,2
2024-05-14,61552.7890625,63092.125,61123.765625,62900.7734375,28186271527,45.85137008799651,62063.75164689901,62902.7508463963,-0.02144084393922019,66.0,66278.3671875,0.07677277012097213,-0.02144084393922019,-0.023745801785414522,0.45851370087996507,-0.008232866541907469,-0.021461092968617645,-0.013338036702815526,0.06438999402777731,0.020862633446579362,0.66,2
2024-05-15,66267.4921875,66454.453125,61330.41015625,61553.98828125,39815167074,57.65574470989549,62710.480960837616,63151.990945737314,0.07659609250545496,64.0,71448.1953125,0.07817865070767283,0.07659609250545496,0.0900553500425465,0.5765574470989548,0.05672116003836303,0.04933338118254493,-0.006991228277807737,0.3954161404859997,0.03291487027682319,0.64,2
2024-05-16,65231.58203125,66712.4296875,64613.0546875,66256.109375,31573077994,54.82756567743327,63098.34266397799,63306.034729849365,-0.01563225228621834,70.0,70136.53125,0.07519286005358912,-0.01563225228621834,0.07299885177781684,0.5482756567743327,0.033808167967775304,0.030416488880051773,-0.003280762517470559,0.149705332901187,0.03304254934278827,0.7,2
2024-05-17,67051.875,67459.4609375,65119.31640625,65231.296875,28031279310,58.664556801116426,63706.578407981375,63583.50437949015,0.02790508695432159,74.0,69122.3359375,0.030878494262837543,0.02790508695432159,0.0911900223186517,0.5866455680111643,0.05251100711444767,0.05454827717279187,0.0019356282685627502,0.015206954159756408,0.03326866764290004,0.74,2
2024-05-18,66940.8046875,67387.328125,66663.5,67066.2109375,16712277406,58.338932235676936,64204.15168175347,63832.193291194584,-0.0016564833198177142,73.0,67929.5625,0.014770629321171468,-0.0016564833198177142,0.06421720833016886,0.5833893223567693,0.042624237437347334,0.0486997428104079,0.005827128465758058,-0.5008423186314026,0.03220758742152535,0.73,1
2024-05-19,66278.3671875,67694.296875,65937.1796875,66937.9296875,19249094538,56.33068133539936,64523.26175956063,64013.39135758758,-0.009895869986810912,72.0,68526.1015625,0.03391354480174821,-0.009895869986810912,0.07677277012097217,0.5633068133539936,0.027201126850648016,0.03538284383747081,0.007965058422304772,-0.34603839868382585,0.03181557635393587,0.72,2
2024-05-20,71448.1953125,71483.5625,66086.171875,66278.7421875,43850655717,66.12990705353765,65588.63615232053,64564.11757646998,0.07800174241430358,70.0,69265.9453125,-0.030543108758104787,0.07800174241430358,0.07817865070767271,0.6612990705353765,0.08933802414447922,0.10662389566273389,0.015868234776648338,0.46630349173038627,0.03555440229539438,0.7,0
2024-05-21,70136.53125,71946.4609375,69191.125,71443.0625,46932005990,62.30957317368424,66288.3123211943,64976.88895969443,-0.018358253231772315,76.0,68518.09375,-0.023075528132851596,-0.018358253231772315,0.07519286005358916,0.6230957317368424,0.058052751594571905,0.07940734579499686,0.02018292015047618,0.5369580398604521,0.0369666410847554,0.76,0
2024-05-22,69122.3359375,70623.6953125,68977.6953125,70135.3203125,32802561717,59.44976305631024,66724.3159544721,65283.95910619855,-0.01446030042296964,76.0,69394.5546875,0.003938216877481377,-0.01446030042296964,0.030878494262837508,0.5944976305631023,0.03593922168740016,0.05879509888573842,0.0220629518796569,0.17859939338893163,0.03812963337346731,0.76,1
2024-05-23,67929.5625,70041.2734375,66356.953125,69121.3046875,41895680979,56.18377649684638,66909.73849993793,65479.92972796162,-0.017255976976508713,76.0,68296.21875,0.0053975947511806805,-0.017255976976508713,0.014770629321171569,0.5618377649684638,0.015241787263344575,0.03741043678903533,0.021835832413328538,0.407503180482446,0.038981872642394715,0.76,1
2024-05-24,68526.1015625,69220.296875,66622.671875,67928.1328125,29197308153,57.44299453969285,67158.40974033209,65705.57208607558,0.008781729788116976,74.0,67578.09375,-0.013834258638445365,0.008781729788116976,0.03391354480174824,0.5744299453969285,0.020365160930047033,0.0429267927646908,0.022111331020042924,0.031128880914017977,0.03755854397317126,0.74,1
2024-05-25,69265.9453125,69579.3203125,68515.8203125,68526.921875,15473071741,59.016125272075215,67482.64598220408,65969.3034361811,0.010796524727518797,76.0,68364.9921875,-0.013007158437458161,0.010796524727518797,-0.03054310875810473,0.5901612527207521,0.026426043382563824,0.049972361456083636,0.022940101944338265,-0.5988465842797669,0.02983847106946521,0.76,1
2024-05-26,68518.09375,69506.2265625,68183.890625,69264.2890625,15628433737,56.73320293934263,67641.94563878806,66158.1027186862,-0.010796814497022966,75.0,67491.4140625,-0.014984066708656792,-0.010796814497022966,-0.02307552813285163,0.5673320293934263,0.012952733735522859,0.0356719877737246,0.022428740534041314,-0.5653776619816127,0.0295075060767115,0.75,1
2024-05-27,69394.5546875,70597.8828125,68232.5,68512.1796875,25870990717,58.74727466432632,67911.57780012836,66397.8399015613,0.012791671360530277,74.0,67706.9375,-0.024319158687590648,0.012791671360530277,0.003938216877481304,0.5874727466432632,0.021836878709197594,0.04513271501575211,0.02279799916399794,-0.06123870742285616,0.028594318458658678,0.74,0
2024-05-28,68296.21875,69514.640625,67227.15625,69392.1953125,32722265965,55.27483315889142,67970.75333087784,66538.4605570012,-0.015827408107827234,72.0,67751.6015625,-0.00797433880627542,-0.015827408107827234,0.005397594751180623,0.5527483315889142,0.004788315608888594,0.026417175544555693,0.02152578767057034,0.16170702654920854,0.02923838496425359,0.72,1
2024-05-29,67578.09375,68852.4609375,67101.4921875,68296.3515625,26707072906,53.06624320170875,67910.34416458894,66615.47042314927,-0.01051485738366742,72.0,68804.78125,0.018152147122380172,-0.01051485738366742,-0.01383425863844534,0.5306624320170875,-0.004892486095839699,0.014450447031838731,0.019438033435994484,-0.04366973144376705,0.02926789595856132,0.72,1
2024-05-30,68364.9921875,69500.5390625,67118.078125,67576.0859375,29509712534,55.17957154056,67980.29001426756,66745.06462791598,0.011644282841286824,73.0,70567.765625,0.03222078094382873,0.011644282841286824,-0.013007158437458144,0.5517957154056,0.005659025184383548,0.024270372178297084,0.018506617578956552,0.05307073192610513,0.013448733268838324,0.73,2
2024-05-31,67491.4140625,68999.5625,66633.421875,68362.515625,27387283769,52.36082584022619,67905.07832938025,66800.3497712185,-0.012778150001159894,73.0,71082.8203125,0.053212787135771086,-0.012778150001159894,-0.014984066708656818,0.5236082584022619,-0.006091801630413118,0.010345219653015159,0.016537766073759785,-0.04548266955491251,0.012906368642281436,0.73,2
2024-06-01,67706.9375,67839.765625,67386.1953125,67489.609375,11641495604,52.998743288552845,67874.59512486022,66867.50441779492,0.0031933460054698326,72.0,70757.1640625,0.0450504287319154,0.0031933460054698326,-0.024319158687590603,0.5299874328855284,-0.002470108654818559,0.012553677447870948,0.015060988380438234,-0.8972121584764003,0.01248076195353602,0.72,2
2024-06-02,67751.6015625,68409.1640625,67315.5234375,67710.2734375,17110588415,53.138786540817534,67855.67303834326,66932.99309518049,0.0006596674454519835,73.0,69342.5859375,0.023482609094226902,0.0006596674454519835,-0.007974338806275405,0.5313878654081754,-0.0015337181282463197,0.012230268354433749,0.013785128984904249,-0.4930359924461946,0.01127452223149085,0.73,1
2024-06-03,68804.78125,70230.8203125,67589.8359375,67753.8984375,32401285324,56.435028526787946,68001.68968629045,67071.64406961156,0.015544720172089965,73.0,69305.7734375,0.0072813571731252325,0.015544720172089965,0.018152147122380224,0.5643502852678794,0.01180987659886723,0.02584008793029846,0.013866450264937935,0.1379699479669467,0.012049676085252939,0.73,1
2024-06-04,70567.765625,71047.40625,68564.640625,68804.5703125,33149696545,61.33761106719731,68396.47059993807,67330.61603667737,0.025622992224831664,73.0,69647.9921875,-0.013033903360178836,0.025622992224831664,0.03222078094382863,0.6133761106719731,0.03174571737425147,0.04807841928193923,0.015830162057036468,0.17268318602061483,0.014184370262904221,0.73,1
2024-06-05,71082.8203125,71735.4140625,70390.7109375,70568.3515625,32810771409,62.65968288114865,68809.75517110144,67608.55709414571,0.007298724608017615,75.0,69512.28125,-0.022094495626305628,0.007298724608017615,0.053212787135771045,0.6265968288114865,0.033034053612694736,0.05138792140640325,0.01776695330567457,0.1601902376797901,0.013515452823986009,0.75,0
2024-06-06,70757.1640625,71625.734375,70119.125,71082.84375,25223152007,61.23391398004605,69109.3565390089,67841.78723994974,-0.004581363662391591,78.0,67332.03125,-0.04840686957824611,-0.004581363662391591,0.04505042873191534,0.6123391398004605,0.023843479465200712,0.04297317245253063,0.018684196726361124,-0.0977689279252488,0.013341471618508773,0.78,0
2024-06-07,69342.5859375,71907.8515625,68507.2578125,70759.1875,36188381096,55.3430837926876,69145.23798493062,67952.95751384235,-0.01999201273457618,77.0,68241.1875,-0.015883434726427923,-0.01999201273457618,0.023482609094226836,0.553430837926876,0.0028541076481998218,0.02044985935122212,0.017545674459354954,0.22879421727815555,0.0140090039407944,0.77,0
2024-06-08,69305.7734375,69533.3203125,69210.7421875,69324.1796875,14262185861,55.1942739811776,69169.93574686437,68053.16610077996,-0.0005308786729295578,72.0,66756.3984375,-0.03678445349576869,-0.0005308786729295578,0.007281357173125169,0.551942739811776,0.0019638256009482102,0.018406305077195872,0.016410252602069964,-0.6936329028071613,0.01339103442616024,0.72,0
2024-06-09,69647.9921875,69817.5234375,69160.84375,69297.4921875,13534028500,56.36878920034781,69243.48289157754,68171.30136646293,0.00493781012787653,75.0,66011.09375,-0.05221828114885311,0.00493781012787653,-0.013033903360178845,0.5636878920034781,0.005841839246530256,0.02166147325102319,0.015727754988143383,-0.6914589580501935,0.01305184507426924,0.75,0
2024-06-10,69512.28125,70146.0703125,69232.421875,69644.3125,20597699541,55.74473157854298,69284.83648518099,68270.63320968789,-0.0019485261992140401,72.0,66191.0,-0.04777977632549644,-0.0019485261992140401,-0.02209449562630561,0.5574473157854298,0.003282749535934215,0.018187146975749968,0.01485563012691049,-0.22153271174990435,0.012110505178142614,0.72,0
2024-06-11,67332.03125,69549.4140625,66123.6015625,69508.078125,37116136345,46.78372300345528,68984.40491053776,68201.1071385999,-0.03136496113771259,74.0,66639.046875,-0.010292046179729652,-0.03136496113771259,-0.04840686957824614,0.4678372300345528,-0.023952858079744788,-0.012742841356427559,0.011485118127863014,0.3589843983530678,0.016271576529774043,0.74,1
2024-06-12,68241.1875,69977.890625,66902.453125,67321.375,34497940694,50.36669317192811,68870.06377045503,68204.07605425916,0.013502581655740586,72.0,66490.296875,-0.02565738799606909,0.013502581655740586,-0.015883434726427947,0.5036669317192811,-0.009131344390083451,0.0005441235757128737,0.009764632185121247,0.3002045856133639,0.016863673970422714,0.72,0
2024-06-13,66756.3984375,68365.78125,66304.5625,68243.1015625,28955204146,45.03396107092976,68544.88448846195,68096.84067523996,-0.021757960505889518,70.0,65140.74609375,-0.024202209549435746,-0.021757960505889518,-0.03678445349576864,0.4503396107092976,-0.02609218856095674,-0.019684352819430373,0.006579509545218798,0.12552877415427857,0.017369853051596357,0.7,0
2024-06-14,66011.09375,67294.6484375,65056.89453125,66747.5703125,27403884779,42.59598854874151,68155.07052869858,67942.34090299996,-0.011164543099157487,74.0,64960.296875,-0.015918489079723815,-0.011164543099157487,-0.052218281148853074,0.4259598854874151,-0.031457333431938794,-0.028424795603630537,0.0031310317376660457,0.04737453390497858,0.014283584004985866,0.74,0
2024-06-15,66191.0,66402.1875,65871.7734375,66006.7421875,14121265576,43.39262243533071,67852.90583197572,67812.61194722218,0.0027253941690672523,74.0,64828.65625,-0.02058200888338294,0.0027253941690672523,-0.04777977632549646,0.4339262243533071,-0.02449277317748333,-0.02391313209531376,0.0005941945546190652,-0.6127408986083722,0.013857403464517373,0.74,0
2024-06-16,66639.046875,66894.84375,66018.25,66189.359375,13281140541,45.42395251030072,67666.1583001333,67725.68120113164,0.006768999939568809,71.0,64096.19921875,-0.038158523800915334,0.006768999939568809,-0.010292046179729675,0.45423952510300725,-0.015179100615961505,-0.016044642251800356,-0.0008788822783717398,-0.6496262205451434,0.014527740499699552,0.71,0
2024-06-17,66490.296875,67188.3203125,65094.96484375,66636.515625,30006354476,44.84854696253497,67485.2565424205,67634.17125104781,-0.0022321747830370553,71.0,64252.578125,-0.03365481664500389,-0.0022321747830370553,-0.025657387996069092,0.4484854696253497,-0.014743363489995387,-0.0169126693635665,-0.002201767329632287,0.17079199042993376,0.013671541110646113,0.71,0
2024-06-18,65140.74609375,66556.703125,64066.95703125,66490.9765625,39481285950,39.909103329058965,67124.56262724042,67449.47309124797,-0.02029695827328193,74.0,63180.796875,-0.03008791480418812,-0.02029695827328193,-0.02420220954943575,0.39909103329058965,-0.029554256383122368,-0.034228984922901384,-0.004817094176080561,0.4202729143624194,0.014500874836809905,0.74,0
2024-06-19,64960.296875,65695.3515625,64693.30078125,65146.66015625,21103423504,39.2860595189914,66791.59866535728,67265.0896678222,-0.0027701435671353414,64.0,60277.4140625,-0.07208838379404343,-0.0027701435671353414,-0.01591848907972382,0.392860595189914,-0.027418145799033233,-0.03426432350278652,-0.007039178938186064,-0.18977872431475584,0.014047749226311124,0.64,0
2024-06-20,64828.65625,66438.9609375,64547.84765625,64960.296875,25641109124,38.81005563809649,66489.60752453309,67084.6131183539,-0.00202647819256907,60.0,61804.640625,-0.046646279591827884,-0.00202647819256907,-0.020582008883382907,0.3881005563809649,-0.02498061481142355,-0.03362852915874803,-0.008869479395686053,0.008410792926251352,0.014044746101494967,0.6,0
2024-06-21,64096.19921875,65007.546875,63378.89453125,64837.98828125,26188171739,36.18308896310482,66121.39086210492,66863.24912579065,-0.011298352821403679,63.0,60811.27734375,-0.051249869961697586,-0.011298352821403679,-0.038158523800915334,0.3618308896310482,-0.030628388437539456,-0.04138371890715287,-0.01109515725582022,0.0013177394672376278,0.011324988141007027,0.63,0
2024-06-22,64252.578125,64475.46875,63929.7578125,64113.86328125,9858198793,37.161046380581524,65833.88121024263,66669.86608869504,0.0024397531859308152,53.0,61604.80078125,-0.04120888874838437,0.0024397531859308152,-0.033654816645003915,0.37161046380581525,-0.024019593804483264,-0.03625757940595187,-0.012539171405267946,-0.9617246713056827,0.009765432325273255,0.53,0
2024-06-23,63180.796875,64491.703125,63180.796875,64248.96484375,11170471802,33.38491490564246,65425.71438943608,66411.41651731022,-0.01668075089399379,55.0,60320.13671875,-0.0452773674556475,-0.01668075089399379,-0.030087914804188154,0.3338491490564246,-0.034312464684352784,-0.04864554637933616,-0.014842359635819813,-0.7947240283115984,0.008950895738861746,0.55,0
2024-06-24,60277.4140625,63292.52734375,58601.69921875,63173.3515625,43152133651,25.75115203451692,64633.66818529207,65957.04596510206,-0.04595356431233677,51.0,60887.37890625,0.0101192934905526,-0.04595356431233677,-0.07208838379404348,0.2575115203451692,-0.0673991473035932,-0.08611107152383934,-0.02006423666260304,0.5367120932557266,0.015661973188648353,0.51,1
2024-06-25,61804.640625,62258.26171875,60239.75,60266.28125,29201215431,34.265746666865894,64198.43317601636,65649.46038435376,0.025336630415439876,30.0,62678.29296875,0.014135707851630276,0.025336630415439876,-0.04664627959182788,0.3426574666686589,-0.037287398345893785,-0.05856590041782128,-0.022102652479428775,0.1533696723313208,0.018841483085722505,0.3,1
2024-06-26,60811.27734375,62434.13671875,60695.1875,61789.67578125,22506003064,31.71792871761825,63677.332278744616,65291.07645542015,-0.016072632592061153,46.0,62851.98046875,0.03355797171410242,-0.016072632592061153,-0.05124986996169756,0.3171792871761825,-0.04500902962530828,-0.06861273170658932,-0.024716152103532507,-0.10162019180625667,0.018410693024097514,0.46,2
2024-06-27,61604.80078125,62293.86328125,60585.33203125,60811.2265625,21231745045,35.823028797154265,63358.481279130065,65018.018998074214,0.013048951973404943,40.0,62029.015625,0.006886067942274943,0.013048951973404943,-0.041208888748384354,0.35823028797154266,-0.027678701611456025,-0.052496496654647506,-0.025524273801594943,-0.1294276960994376,0.019624879552021843,0.4,1
2024-06-28,60320.13671875,62126.09765625,59985.40234375,61612.8046875,24952866877,32.42440157086868,62891.04365445621,64670.02771812427,-0.020853310881755127,47.0,60173.921875,-0.002423980642347423,-0.020853310881755127,-0.04527736745564748,0.32424401570868683,-0.04087874499001176,-0.06726285967177925,-0.027508633078403455,0.010184910905106212,0.01966616306568391,0.47,1
2024-06-29,60887.37890625,61097.62109375,60300.96484375,60319.875,12652903396,35.3413676290583,62582.78753934756,64389.831509837284,0.009403861104374522,30.0,56977.703125,-0.0642115960890653,0.009403861104374522,0.010119293490552517,0.35341367629058296,-0.02709065383243936,-0.05439449865701529,-0.028064120189748354,-0.6671318576219877,0.02035505916268872,0.3,0
2024-06-30,62678.29296875,62892.828125,60632.94921875,60888.4453125,17333226409,43.61665724696847,62597.480682332556,64263.05087716415,0.029413551620566913,47.0,56662.375,-0.09598088403188329,0.029413551620566913,0.014135707851630208,0.4361665724696847,0.0012909830481444562,-0.024660483540430378,-0.025918006881049727,-0.3457512436929422,0.02329792405660639,0.47,0
2024-07-01,62851.98046875,63777.2265625,62495.51171875,62673.60546875,25468379421,44.36039398506148,62636.63449562754,64158.527143207546,0.002771094932125795,53.0,58303.5390625,-0.07236751129125493,0.002771094932125795,0.03355797171410235,0.4436039398506148,0.0034380195369132505,-0.02036434956714661,-0.023720816473592143,0.06312639845730159,0.02317376062619937,0.53,0
2024-07-02,62029.015625,63203.359375,61752.74609375,62844.41015625,20151616992,41.56288492478546,62543.15466937715,64000.78554926624,-0.013093697885290578,51.0,55849.109375,-0.09962928135698591,-0.013093697885290578,0.006886067942274865,0.4156288492478546,-0.008220548629103486,-0.030808526916414558,-0.02277520295070501,-0.14056727112795486,0.023384001538197204,0.51,0
2024-07-03,60173.921875,62187.703125,59419.38671875,62034.33203125,29756701685,36.04480430025028,62178.65731639606,63717.31416598726,-0.02990687070088416,50.0,56705.09765625,-0.0576466367931914,-0.02990687070088416,-0.0024239806423473897,0.36044804300250277,-0.032241536371474866,-0.05561113705697829,-0.024148174946340584,0.247476175884504,0.0245708468304545,0.5,0
2024-07-04,56977.703125,60399.67578125,56777.8046875,60147.13671875,41149609230,28.9204867222697,61378.51051771974,63218.08371850673,-0.05311634426354228,44.0,58009.2265625,0.01810398420654132,-0.05311634426354228,-0.06421159608906535,0.289204867222697,-0.07169948171761586,-0.09871195434036695,-0.02909884470681079,0.5424831500857543,0.02597490486185807,0.44,1
2024-07-05,56662.375,57497.15234375,53717.375,57022.80859375,55417544033,28.325658574355487,60652.95120730132,62732.47566528401,-0.005534237213954074,29.0,57742.49609375,0.01906240417472794,-0.005534237213954074,-0.09598088403188332,0.2832565857435549,-0.06579360324384242,-0.0967616948145279,-0.033149089621111405,0.7573688830830375,0.023659593462632612,0.29,1
2024-07-06,58303.5390625,58472.546875,56038.9609375,56659.07421875,20610320577,35.734308473206724,60291.503185024194,62404.40628730001,0.02896391234041995,26.0,57344.9140625,-0.01644196931120042,0.02896391234041995,-0.07236751129125496,0.3573430847320672,-0.032972542025092255,-0.06571438571052601,-0.03385823578784397,-0.24573947595263096,0.026186949985411295,0.26,0
2024-07-07,55849.109375,58371.12109375,55793.32421875,58239.4296875,20553359505,30.63434323952717,59608.05798348201,61918.82873824075,-0.042097439142912196,29.0,57899.46484375,0.03671241120396112,-0.042097439142912196,-0.0996292813569859,0.3063434323952717,-0.06306108159946511,-0.09802703776746546,-0.03731935506285866,-0.2304079748787901,0.027969310449675558,0.29,2
2024-07-08,56705.09765625,58131.3359375,54321.01953125,55849.57421875,39766159899,34.16334209171957,59161.448702369395,61532.62643587106,0.015326802715911692,28.0,59231.953125,0.044561345861142194,0.015326802715911692,-0.057646636793191375,0.34163342091719573,-0.04151945396869594,-0.07845478178397414,-0.03853529210187212,0.42903367054490904,0.028655492711283925,0.28,2
2024-07-09,58009.2265625,58239.1953125,56316.875,56704.59765625,27849512607,39.235516848237296,58984.18375777411,61271.63385265839,0.02299844211812685,27.0,60787.79296875,0.047898697688312245,0.02299844211812685,0.018103984206541357,0.39235516848237295,-0.01652912922009553,-0.053244986056738663,-0.03733293778953206,0.059890228387028746,0.02975752340694843,0.27,2
2024-07-10,57742.49609375,59359.43359375,57178.4140625,58033.8828125,26175260526,38.58082826272039,58793.15488638578,61010.21624088741,-0.004598069730556098,28.0,64870.15234375,0.12343865839169173,-0.004598069730556098,0.019062404174728043,0.3858082826272039,-0.01787042717245091,-0.05356021250990861,-0.0363391820436757,-0.0031281944281520775,0.02730227205365906,0.28,2
2024-07-11,57344.9140625,59299.43359375,57120.37890625,57729.890625,28707803842,37.57439227073126,58570.34860578796,60738.71237582167,-0.006885432015347748,29.0,65097.1484375,0.13518608409720292,-0.006885432015347748,-0.016441969311200455,0.3757439227073126,-0.02092243895517576,-0.055875374708678316,-0.0356998639782965,0.084439595449146,0.027055369008835855,0.29,2
2024-07-12,57899.46484375,58532.5546875,56590.17578125,57341.1953125,25604805221,39.928270566574476,58467.135719320584,60528.39774381636,0.009670444019596935,25.0,64118.79296875,0.10741598634432542,0.009670444019596935,0.03671241120396118,0.39928270566574475,-0.009709230127088242,-0.04343304957770722,-0.034054462059609936,-0.059354804628509956,0.02760551064593972,0.25,2
2024-07-13,59231.953125,59787.078125,57796.44140625,57908.73828125,17080061806,45.2685607252049,58584.79993557895,60432.364809089224,0.023013827240820017,25.0,63974.06640625,0.08006005257403033,0.023013827240820017,0.04456134586114224,0.452685607252049,0.011046435084401951,-0.01986372182987417,-0.03057244043563212,-0.475039306840062,0.02769595777902889,0.25,2
2024-07-14,60787.79296875,61329.52734375,59225.25,59225.25,22223416061,50.77153164086543,58923.72194068219,60458.692820915945,0.026266900915231206,33.0,66710.15625,0.09742685154393727,0.026266900915231206,0.04789869768831223,0.5077153164086543,0.031635323884400046,0.00544338841080938,-0.025388754017234172,-0.1729606166915383,0.021951072474767856,0.33,2
2024-07-15,64870.15234375,64870.15234375,60704.9296875,60815.45703125,38094526099,61.66345050559765,59838.55738730801,60785.467600385135,0.06715755212726138,52.0,67163.6484375,0.03535518279033254,0.06715755212726138,0.12343865839169177,0.6166345050559765,0.08408616745010655,0.06719837659583927,-0.015577904562687372,0.3492726629799318,0.0285031307768923,0.52,2
2024-07-16,65097.1484375,65354.33984375,62487.96875,64784.41796875,41617346768,62.164726360828084,60647.57139502985,61104.85136609735,0.003499237870556282,65.0,68154.5234375,0.04696634297177236,0.003499237870556282,0.135186084097203,0.6216472636082808,0.07336776955976831,0.06533518995870913,-0.007483529717268955,0.40276697694400976,0.02815123094857323,0.65,2
2024-07-17,64118.79296875,66066.734375,63896.0859375,65091.83203125,32525071311,58.60774373238105,61181.60548329449,61328.10629962717,-0.01502916014346345,69.0,67585.25,0.05406304253012795,-0.01502916014346345,0.10741598634432536,0.5860774373238106,0.04800768894921381,0.04550420414888623,-0.002388803848221488,0.13616712822754828,0.0233185060651708,0.69,2
2024-07-18,63974.06640625,65104.66015625,63246.1640625,64104.73828125,27239305337,58.07833858987766,61611.214856056875,61524.1033445622,-0.0022571629283560934,61.0,65927.671875,0.03053745960658741,-0.0022571629283560934,0.08006005257403026,0.5807833858987766,0.03835099755318061,0.039821190858596145,0.0014158924187290811,-0.04520263466571409,0.02387557013994673,0.61,2
2024-07-19,66710.15625,67442.640625,63329.34375,63972.32421875,37003855410,64.5904313734005,62395.66737820197,61908.25541163167,0.042768734230136385,60.0,65372.1328125,-0.020057267329515512,0.042768734230136385,0.09742685154393738,0.645904313734005,0.06914725097251395,0.07756479013081874,0.007873133612463779,0.2193232228253434,0.025607894655675003,0.6,0
2024-07-20,67163.6484375,67610.734375,66299.6171875,66709.921875,19029581250,65.54575168616373,63129.20292578628,62297.54378391821,0.0067979482134701286,74.0,65777.2265625,-0.020642444346812887,0.0067979482134701286,0.03535518279033245,0.6554575168616372,0.06390775306408591,0.07811069840024643,0.01334979023816274,-0.44855438342843656,0.024914636602557796,0.74,0
2024-07-21,68154.5234375,68372.90625,65842.296875,67164.9140625,26652190004,67.60246646637125,63902.32915835762,62731.39412862797,0.014753144342986024,74.0,67912.0625,-0.0035575179059442017,0.014753144342986024,0.04696634297177238,0.6760246646637126,0.06654208594814959,0.08645000456632834,0.01866585377217511,-0.11366194476968068,0.023662598186571026,0.74,1
2024-07-22,67585.25,68480.0625,66611.296875,68152.9765625,42649109453,65.19461471241073,64468.93236476414,63090.93900798887,-0.00835268752223095,70.0,67813.3359375,0.0033747886927990947,-0.00835268752223095,0.054063042530127836,0.6519461471241073,0.048338285138705084,0.0712354430394837,0.02184138290604265,0.31949423617736455,0.024988352899771145,0.7,1
2024-07-23,65927.671875,67779.015625,65484.4609375,67584.8046875,35605668666,58.644725809044814,64693.35382787735,63301.067368508215,-0.02452573786440093,71.0,68255.8671875,0.03531438690743241,-0.02452573786440093,0.03053745960658749,0.5864472580904482,0.0190795185917656,0.04149384229496422,0.021994675875904424,0.12959866236256778,0.027836354927372183,0.71,2
2024-07-24,65372.1328125,67113.984375,65146.99609375,65927.859375,27470942309,56.59258562099579,64797.78136397314,63454.47962361872,-0.008426492953570563,69.0,66819.9140625,0.022146764801945783,-0.008426492953570563,-0.020057267329515516,0.565925856209958,0.008863751758732219,0.030220926879487076,0.02116953362981211,-0.10766831095479741,0.02789901699010086,0.69,1
2024-07-25,65777.2265625,66112.421875,63473.47265625,65375.875,38315761670,57.753484999756466,64948.46524066958,63626.53495242474,0.00619673448871394,68.0,66201.015625,0.006442793116206038,0.00619673448871394,-0.020642444346812838,0.5775348499975647,0.01276029108246668,0.03380180315780801,0.020776399174232685,0.2534120174242051,0.01853866802920266,0.68,1
2024-07-26,67912.0625,68207.6015625,65743.765625,65771.8125,30488630457,63.320781830851054,65404.40328056657,63943.98143743032,0.032455548053117234,68.0,64619.25,-0.048486415796899114,0.032455548053117234,-0.003557517905944163,0.6332078183085106,0.038340831712450285,0.0620555832365941,0.022839082120109877,0.008432420897738978,0.020979046156829495,0.68,0
2024-07-27,67813.3359375,69398.5078125,66705.21875,67911.8125,34691905492,62.9079121854492,65775.00830471018,64230.60028928733,-0.0014537411892032726,72.0,65357.5,-0.03621464574111817,-0.0014537411892032726,0.003374788692799058,0.629079121854492,0.030989393773194873,0.05577926458847404,0.0240447389323315,0.1144712265339339,0.019995538759651755,0.72,0
2024-07-28,68255.8671875,68301.8515625,67085.828125,67808.65625,18043166945,64.03974949600124,66156.67890206246,64528.768207673456,0.006525726007755361,71.0,61415.06640625,-0.10022289750503362,0.006525726007755361,0.03531438690743238,0.6403974949600123,0.03173055722076312,0.05775871883733452,0.025227673479677915,-0.5035315537763144,0.019794403833430844,0.71,0
2024-07-29,66819.9140625,69987.5390625,66532.59375,68259.0546875,40780682628,57.86910541042498,66258.71508059131,64698.48271543839,-0.021037797689324123,74.0,60680.09375,-0.09188608513858787,-0.021037797689324123,0.022146764801945773,0.5786910541042498,0.008469813838467788,0.03278950692541338,0.02411543980119668,0.2904833104238169,0.01694547409512552,0.74,0
2024-07-30,66201.015625,66987.671875,65323.19140625,66819.0546875,31380492109,55.391742086706074,66249.83824126958,64809.78144947999,-0.009262185475442442,67.0,58116.9765625,-0.12211352025613277,-0.009262185475442442,0.0064427931162061025,0.5539174208670608,-0.0007369469505990045,0.02146642288254741,0.022219744606176928,0.019964258099240118,0.017021374640314505,0.67,0
2024-07-31,64619.25,66810.2109375,64532.046875,66201.2734375,31292785994,49.55298766009351,65998.97851184348,64795.668008777764,-0.023893373992326827,61.0,53991.45703125,-0.1644679096205852,-0.023893373992326827,-0.04848641579689916,0.49552987660093506,-0.020905301005467725,-0.0027226821514343413,0.018570848021857156,0.0129723962199103,0.017352428941533417,0.61,0
2024-08-01,65357.5,65593.2421875,62248.94140625,64625.83984375,40975554494,52.0912473624811,65900.28951002141,64837.28519331274,0.011424614182306447,52.0,56034.31640625,-0.14264902411735456,0.011424614182306447,-0.03621464574111821,0.520912473624811,-0.008236526941795441,0.008023389707576989,0.01639495413078018,0.25798469006833474,0.018062826779860996,0.52,0
2024-08-02,61415.06640625,65523.22265625,61184.89453125,65353.5,43060875727,40.40069451093675,65210.25518636427,64583.78750538216,-0.06032105869640059,57.0,55027.4609375,-0.10400714095946911,-0.06032105869640059,-0.10022289750503366,0.4040069451093675,-0.058199262819444764,-0.04906372359886901,0.00970007652353777,0.26740983046888667,0.024980687500914815,0.57,0
2024-08-03,60680.09375,62148.37109375,59836.52734375,61414.80859375,31753030589,38.65884494325688,64513.30727307746,64294.62500498348,-0.011967302150066583,37.0,61710.13671875,0.01697497325883746,-0.011967302150066583,-0.09188608513858787,0.3865884494325688,-0.05941740836277243,-0.05621824926583385,0.003401252718668646,-0.05157094082512238,0.025031672847116684,0.37,1
2024-08-04,58116.9765625,61062.98828125,57210.8046875,60676.09375,31758917219,33.271485313438674,63529.25639452708,63837.02141665137,-0.04223983565450573,34.0,60880.11328125,0.047544398937864135,-0.04223983565450573,-0.12211352025613276,0.33271485313438676,-0.08519350200505948,-0.0896038807452777,-0.00482110561073279,-0.041865462996127735,0.02679019780825211,0.34,2
2024-08-05,53991.45703125,58268.828125,49121.23828125,58110.296875,108991085584,26.798165947493203,62061.90264633061,63107.720351066084,-0.07098647891315102,26.0,60945.8125,0.1288047378444492,-0.07098647891315102,-0.16446790962058522,0.267981659474932,-0.13003864320872172,-0.1444555954343244,-0.016571945538796706,1.0943530751052313,0.027683301313813816,0.26,2
2024-08-06,56034.31640625,57059.91796875,53973.2734375,53991.34765625,49300484106,33.67913399211723,61134.581686318204,62583.76450330193,0.03783671505322772,17.0,58719.484375,0.047920062935763764,0.03783671505322772,-0.14264902411735458,0.3367913399211723,-0.08342684515676724,-0.10465091304481022,-0.023155890804671286,0.27829195667107204,0.033210493664208786,0.17,2
2024-08-07,55027.4609375,57726.8828125,54620.5078125,56040.6328125,41637562185,32.07863009149341,60195.02464803848,62024.03831324253,-0.017968550940289485,29.0,59354.515625,0.07863446020914273,-0.017968550940289485,-0.10400714095946917,0.3207863009149341,-0.08584702374911102,-0.11280428630601935,-0.029488787169369757,0.09025631284716146,0.032051549618255994,0.29,2
2024-08-08,61710.13671875,62673.765625,54766.7265625,55030.02734375,45298472567,49.300119183795815,60428.11881276333,62000.78634328012,0.12144256099404904,20.0,60609.56640625,-0.017834514247083218,0.12144256099404904,0.016974973258837567,0.49300119183795815,0.02121558524697753,-0.00468783771420056,-0.02536528362413648,0.16368460596195783,0.055237239814952585,0.2,0
2024-08-09,60880.11328125,61751.86328125,59587.859375,61728.20703125,33425553115,47.68296234862412,60497.65642329974,61917.773523870484,-0.013450358103773374,48.0,58737.26953125,-0.03519776220028746,-0.013450358103773374,0.04754439893786411,0.47682962348624125,0.006321845845965068,-0.016758681450657287,-0.02293553239641699,-0.15881112054218768,0.05527558692659743,0.48,0
2024-08-10,60945.8125,61464.51171875,60287.56640625,60881.23046875,15745822278,47.8288401456876,60566.60351202286,61845.77641099119,0.001079157301276501,40.0,57560.09765625,-0.05555287073660721,0.001079157301276501,0.12880473784444924,0.478288401456876,0.006261024491853284,-0.014551744083711515,-0.02068327011480431,-0.8975401727211644,0.0549915682644483,0.4,0
2024-08-11,58719.484375,61778.66015625,58348.82421875,60944.890625,22759754812,43.41146628254826,60282.43133709627,61614.199223139985,-0.036529632368097475,39.0,58894.10546875,0.002973818581832532,-0.036529632368097475,0.047920062935763674,0.4341146628254826,-0.0259270724061601,-0.046981294646978644,-0.021614626219852773,-0.5030431230679786,0.055535326576097464,0.39,1
2024-08-12,59354.515625,60680.33203125,57688.8984375,58719.39453125,37078637820,44.9726133021863,60139.675073696846,61446.81525290739,0.010814659848586317,25.0,59478.97265625,0.0020968418314844936,0.010814659848586317,0.07863446020914266,0.44972613302186304,-0.013055598450352313,-0.03405057885092577,-0.021272708338593627,-0.016950757287643427,0.05276200791799994,0.25,1
2024-08-13,60609.56640625,61572.3984375,58506.25390625,59356.20703125,30327698167,48.0244768830139,60211.96604793579,61384.79681982166,0.021144992390795814,31.0,58483.96484375,-0.03507039710947033,0.021144992390795814,-0.017834514247083266,0.48024476883013895,0.006603344557752466,-0.012629029559992566,-0.01910620923497386,-0.22171072496423513,0.05311853257166112,0.31,0
2024-08-14,58737.26953125,61687.7578125,58472.875,60611.05078125,29961696180,44.09550727920513,59985.089660753365,61188.68368733487,-0.0308911115194338,30.0,59493.453125,0.012873999758325292,-0.0308911115194338,-0.035197762200287475,0.4409550727920513,-0.020802171615653675,-0.040063194832090754,-0.019670206221982123,-0.22275685487787278,0.052202694626254036,0.3,1
2024-08-15,57560.09765625,59838.6484375,56161.59375,58733.26171875,35682112440,41.78106991771791,59612.01396775285,60919.89953688414,-0.020041310813293967,29.0,59012.79296875,0.025237888253343905,-0.020041310813293967,-0.055552870736607196,0.41781069917717906,-0.034421187524595886,-0.05515113954841533,-0.021468938377671276,-0.05493934797697649,0.04642790540021848,0.29,1
2024-08-16,58894.10546875,59847.359375,57110.01953125,57560.2734375,29350938673,45.2857980628711,59501.566506367795,60769.84071702235,0.023175912946963972,27.0,61175.19140625,0.03873199056755136,0.023175912946963972,0.0029738185818324325,0.452857980628711,-0.010209160418537588,-0.030866219594137156,-0.020870125636174297,-0.24315510553477557,0.04558178857083877,0.27,2
2024-08-17,59478.97265625,59694.66796875,58814.83203125,58893.53125,13589684021,46.79797241502669,59498.0905294266,60674.220860668844,0.00993082725079053,25.0,60381.9140625,0.015180850743142748,0.00993082725079053,0.0020968418314843973,0.4679797241502669,-0.0003213191046381736,-0.019699440511376176,-0.019384349968713854,-1.007201850382769,0.04480729785040346,0.25,1
2024-08-18,58483.96484375,60262.71875,58445.40234375,59468.1328125,17740625837,44.54253566654544,59342.07119316866,60511.97967423041,-0.016728732324455264,31.0,64094.35546875,0.09593040827497121,-0.016728732324455264,-0.03507039710947035,0.4454253566654544,-0.014460337028435966,-0.03351427008996133,-0.01933350201662576,-0.7092046372634775,0.02130959188552178,0.31,2
2024-08-19,59493.453125,59612.66015625,57864.7109375,58480.7109375,25911207712,47.316723522897526,59365.360721142715,60436.5332631763,0.01726094125025579,28.0,64178.9921875,0.07875722144847346,0.01726094125025579,0.012873999758325372,0.47316723522897525,0.0021576960419558144,-0.015604471124602282,-0.017723924325193652,-0.32277286106952746,0.02217580577256415,0.28,2
2024-08-20,59012.79296875,61396.328125,58610.8828125,59493.453125,31613400008,46.133375166540105,59311.119528466916,60331.07101914472,-0.008079210921579816,30.0,64333.54296875,0.0901626534235989,-0.008079210921579816,0.025237888253343943,0.461333751665401,-0.005029858854269875,-0.021850731772628307,-0.016905907245607255,-0.12431529307419788,0.022219982761957288,0.3,2
2024-08-21,61175.19140625,61834.3515625,58823.4453125,59014.98828125,32731154072,51.9548112172358,59597.89981735662,60393.598455226595,0.03664287570061453,26.0,62880.66015625,0.027878437497226363,0.03664287570061453,0.03873199056755139,0.519548112172358,0.026465556567045745,0.01294165227797861,-0.01317521489400686,-0.07798709506741174,0.021996488050130478,0.26,1
2024-08-22,60381.9140625,61408.109375,59815.25390625,61168.31640625,27625734377,49.827394534573195,59718.51739353253,60392.73294465426,-0.012967304646127387,39.0,59504.1328125,-0.014537155100638709,-0.012967304646127387,0.015180850743142793,0.49827394534573194,0.011108726370345545,-0.00017914211903891086,-0.011163852308846534,-0.2255156406402722,0.022496576133552607,0.39,1
2024-08-23,64094.35546875,64947.0625,60372.05078125,60380.953125,42530509233,58.41025885430316,60391.72325125829,60666.92720569838,0.061482671821355916,34.0,59027.625,-0.0790511181787349,0.061482671821355916,0.09593040827497124,0.5841025885430315,0.061310259389138366,0.05649582764313266,-0.0045363094377102176,0.19051022552606392,0.028998586877864094,0.34,0
2024-08-24,64178.9921875,64513.7890625,63619.91796875,64103.87109375,21430585163,58.58420527055017,60974.38001068009,60927.08016731331,0.0013205019089592707,56.0,59388.1796875,-0.07464767421095615,0.0013205019089592707,0.07875722144847352,0.5858420527055017,0.052556699654159544,0.053373836580655754,0.0007763353050382893,-0.48009284853363215,0.026091353734431853,0.56,0
2024-08-25,64333.54296875,64996.421875,63833.51953125,64176.3671875,18827683555,58.92206385166996,61491.17431192161,61179.410745197514,0.0024081210374646833,54.0,59119.4765625,-0.08104740024628725,0.0024081210374646833,0.09016265342359886,0.5892206385166996,0.04622401000849519,0.05155545280893503,0.005095890315494289,-0.4701421167802819,0.024192558581782663,0.54,0
2024-08-26,62880.66015625,64489.70703125,62849.55859375,64342.2265625,27682040631,54.42708078001358,61704.94136489521,61305.429220090286,-0.022583597070127692,55.0,58969.8984375,-0.062193394742235245,-0.022583597070127692,0.027878437497226294,0.5442708078001358,0.019053883941030136,0.025694803155272616,0.0065167498195086715,-0.04815007326941715,0.02598808650399247,0.55,0
2024-08-27,59504.1328125,63210.796875,58116.75,62879.70703125,39103882198,45.70132134931621,61366.35543375749,61171.999856565075,-0.05369739018896724,48.0,57325.48828125,-0.036613331348177104,-0.05369739018896724,-0.014537155100638688,0.4570132134931621,-0.030345986951558213,-0.027265203818345962,0.003177198352974253,0.3016586293051575,0.03220152965582435,0.48,0
2024-08-28,59027.625,60236.44921875,57890.67578125,59507.92578125,40289564698,44.61427888578222,61006.550751640956,61013.15727459729,-0.00800797843742207,30.0,59112.48046875,0.0014375551913193188,-0.00800797843742207,-0.07905111817873489,0.4461427888578222,-0.03243792227653075,-0.032542690188300805,-0.00010828029971632347,0.3402267662507356,0.031798489210638284,0.3,1
2024-08-29,59388.1796875,61184.08203125,58786.2265625,59027.46875,32224990582,45.66736604203484,60757.570587926966,60892.78856444193,0.006108236397788236,29.0,57431.0234375,-0.032955316365959296,0.006108236397788236,-0.0746476742109562,0.4566736604203484,-0.022538605266404055,-0.024709147214528104,-0.002220590971488634,0.1189724535166549,0.03137225145374391,0.29,0
2024-08-30,59119.4765625,59896.88671875,57768.53125,59388.6015625,32292756405,44.9809594109327,60505.556122476664,60761.432119853635,-0.004524521990973862,34.0,57971.5390625,-0.019417247356485336,-0.004524521990973862,-0.0810474002462872,0.44980959410932697,-0.02290830212635231,-0.02702298974972861,-0.004211158105560275,0.09256566415393168,0.03128725324333424,0.34,0
2024-08-31,58969.8984375,59432.59375,58768.78515625,59117.48046875,12403470760,44.579271716815036,60269.301094018716,60628.725921160774,-0.002530098940268344,29.0,56160.48828125,-0.047641427757037585,-0.002530098940268344,-0.062193394742235286,0.4457927171681504,-0.02155994234098846,-0.02736042129299976,-0.005928292598618046,-0.8465542500989557,0.02861372874123514,0.29,0
2024-09-01,57325.48828125,59062.0703125,57217.82421875,58969.80078125,24592449997,40.31670142302104,59816.406815131224,60384.04165153776,-0.027885585694078285,26.0,53948.75390625,-0.05890458984724359,-0.027885585694078285,-0.036613331348177125,0.4031670142302104,-0.04164273092463855,-0.05065168356795258,-0.009400411447816337,-0.1402671567807303,0.029547464197676187,0.26,0
2024-09-02,59112.48046875,59403.0703125,57136.02734375,57326.96875,27036454524,46.32321256341268,59708.1104541495,60289.85193429422,0.031172733823612075,26.0,54139.6875,-0.0841242480321712,0.031172733823612075,0.001437555191319273,0.4632321256341268,-0.009975696448422888,-0.01952851811325329,-0.009649077937340489,-0.03968772085031812,0.022771320362906248,0.26,0
2024-09-03,57431.0234375,59815.05859375,57425.16796875,59106.19140625,26666961053,42.03632571242781,59357.789374664964,60078.08686045761,-0.02844504270361159,26.0,54841.56640625,-0.045088122695010086,-0.02844504270361159,-0.032955316365959275,0.42036325712427813,-0.03246020374854697,-0.04406038143501312,-0.011989354578911038,-0.047575196631811284,0.023380727033568926,0.26,0
2024-09-04,57971.5390625,58511.5703125,55673.1640625,57430.34765625,35627680312,43.83565725734846,59144.52009587036,59922.04628283112,0.00941156177702851,27.0,57019.53515625,-0.016421918783691945,0.00941156177702851,-0.019417247356485312,0.4383565725734846,-0.019832455001224325,-0.032550744531065545,-0.012975628090049707,0.24221961257935626,0.023918966631588927,0.27,0
2024-09-05,56160.48828125,58300.58203125,55712.453125,57971.703125,31030280656,39.42014986730097,58685.438278236456,59643.412356788074,-0.031240343288065575,29.0,57648.7109375,0.02649946077386341,-0.031240343288065575,-0.04764142775703761,0.3942014986730097,-0.043025153616733536,-0.058395788200432786,-0.016061691320090832,0.10106203253593908,0.02456887006990005,0.29,1
2024-09-06,53948.75390625,56976.109375,52598.69921875,56160.19140625,49361693566,34.80878973818152,57956.717605623155,59221.585804896364,-0.03938239218868078,22.0,57343.171875,0.06291930254123543,-0.03938239218868078,-0.05890458984724356,0.34808789738181517,-0.06915442876951827,-0.08903564176780987,-0.021358229133550677,0.5034537338935023,0.02209482179734013,0.22,2
2024-09-07,54139.6875,54838.14453125,53740.0703125,53949.0859375,19061486526,35.51014208053016,57369.48220475805,58845.148893422556,0.003539165966313096,23.0,58127.01171875,0.07364882220182745,0.003539165966313096,-0.08412424803217122,0.3551014208053016,-0.05629813239782355,-0.07996345462469401,-0.025077117084658207,-0.45026214581726054,0.022481689735152906,0.23,2
2024-09-08,54841.56640625,55300.859375,53653.7578125,54147.93359375,18268287531,38.14458888090165,56980.57208191066,58548.58722770608,0.012964221602682846,29.0,60571.30078125,0.1044779489439786,0.012964221602682846,-0.04508812269501006,0.38144588880901653,-0.03753921025197493,-0.06331529071809705,-0.02678143436146674,-0.47990317022886564,0.023069390959809446,0.29,2
2024-09-09,57019.53515625,58041.125,54598.43359375,54851.88671875,34618096173,45.57436390145826,56986.56640103979,58435.324111301925,0.039713831911113884,26.0,60005.12109375,0.05236075547299065,0.039713831911113884,-0.016421918783691924,0.45574363901458265,0.0005785355618408428,-0.02422830670632148,-0.02479249892586688,0.15423041170081972,0.02755066171565821,0.26,2
2024-09-10,57648.7109375,58029.9765625,56419.4140625,57020.09765625,28857630507,47.53489418406187,57088.43479126444,58377.05646879808,0.011034389872275785,33.0,59182.8359375,0.026611609783664125,0.011034389872275785,0.026499460773863337,0.4753489418406187,0.009814179496847819,-0.01247657171079486,-0.022074111911113525,-0.02122268574874811,0.027922452644479612,0.33,1
2024-09-11,57343.171875,57991.3203125,55567.33984375,57650.2890625,37049062672,46.65595951599595,57127.625111839145,58300.47242481304,-0.005300015516934153,37.0,58192.5078125,0.014811457227225452,-0.005300015516934153,0.06291930254123534,0.46655959515995954,0.0037730741079973207,-0.016420116510164062,-0.020117286604949047,0.21278790967243524,0.02646339080087765,0.37,1
2024-09-12,58127.01171875,58534.359375,57330.1015625,57343.171875,33835707949,49.24857199519281,57281.37689751774,58287.62348362319,0.013669279499548104,31.0,60308.5390625,0.03753035429217336,0.013669279499548104,0.07364882220182745,0.49248571995192814,0.014762822876014159,-0.0027555037463196097,-0.017263469085991634,0.13668455197958182,0.024719342485372834,0.31,2
2024-09-13,60571.30078125,60648.0234375,57650.11328125,58130.32421875,32490528356,56.36971435542841,57787.51903347655,58456.78476492888,0.04205082955798245,32.0,61649.6796875,0.0178034628997734,0.04205082955798245,0.10447794894397866,0.563697143554284,0.04817271608702889,0.03617229419688717,-0.01144889740589794,0.07755246796293604,0.02616079509094318,0.32,1
2024-09-14,60005.12109375,60656.72265625,59517.8828125,60569.1171875,16428405496,54.463408329403975,58128.68858121093,58571.476344841554,-0.00934732588201681,50.0,62940.45703125,0.048918090389550736,-0.00934732588201681,0.05236075547299057,0.5446340832940397,0.03228066137975105,0.02447684160234953,-0.007559784920285972,-0.6003862693187387,0.02653073178706686,0.5,2
2024-09-15,59182.8359375,60381.91796875,58696.30859375,60000.7265625,18120960867,51.727382823200216,58290.8650975631,58616.76224059403,-0.013703582981947293,51.0,63192.9765625,0.0677585073691789,-0.013703582981947293,0.02661160978366417,0.5172738282320022,0.015302069002475438,0.009657198304172887,-0.005559794341646995,-0.48623619690080266,0.02445803656572363,0.51,2
2024-09-16,58192.5078125,59205.51171875,57501.33984375,59185.2265625,32032822113,48.56318358980176,58275.73320755339,58585.33598666114,-0.016733367188517922,39.0,63394.83984375,0.08939865674825784,-0.016733367188517922,0.014811457227225544,0.4856318358980176,-0.0014281312387264267,-0.006705230371139015,-0.005284646300880547,0.09552595435455237,0.020578510135627736,0.39,2
2024-09-17,60308.5390625,61316.08984375,57628.0703125,58192.5078125,38075570118,54.90993930528705,58588.47256985287,58712.980658945504,0.0363626062794542,33.0,63648.7109375,0.05538472539582587,0.0363626062794542,0.03753035429217344,0.5490993930528705,0.029358445735146343,0.027175564681732656,-0.00212062286218917,0.2721472296901718,0.022365510823858036,0.33,2
2024-09-18,61649.6796875,61664.06640625,59218.25390625,60309.0,40990702891,58.41243878433203,59059.42751102935,58930.513920319914,0.02223798894564699,45.0,63329.80078125,0.027252714081670387,0.02223798894564699,0.017803462899773415,0.5841243878433203,0.04385840306337063,0.04614189808113123,0.0021875524602372742,0.3309213432583972,0.022643272582859204,0.45,1
2024-09-19,62940.45703125,63872.44140625,61609.8671875,61651.15625,42710252573,61.511234456467726,59656.508975678684,59227.54674335178,0.020937291974474137,49.0,64301.96875,0.021631741855226885,0.020937291974474137,0.04891809038955075,0.6151123445646772,0.05504760690757404,0.06268890899680879,0.007242613545783261,0.3544782067095317,0.0207925341852354,0.49,1
2024-09-20,63192.9765625,64119.53125,62364.60546875,62941.42578125,35177164222,62.1061111962507,60200.58091211274,59521.282285510904,0.004012038411551844,54.0,63143.14453125,-0.0007885691410771643,0.004012038411551844,0.06775850736917888,0.621061111962507,0.04970708928466783,0.061687082939120286,0.011412701482864218,0.12313754510292013,0.020876665370935854,0.54,1
2024-09-21,63394.83984375,63543.359375,62783.10546875,63184.33984375,14408616220,62.60369782732639,60692.00536313385,59808.2124750101,0.003194394254405042,54.0,65181.01953125,0.028175474406156996,0.003194394254405042,0.08939865674825787,0.6260369782732639,0.04453361632136699,0.0599688106418248,0.014777115910177496,-0.7529258312934061,0.02037810492831889,0.54,1
2024-09-22,63648.7109375,63993.421875,62440.7265625,63396.8046875,20183348802,63.25714877247342,61146.883143805564,60092.69384260194,0.004004601863112578,52.0,65790.6640625,0.033652733785972444,0.004004601863112578,0.05538472539582595,0.6325714877247343,0.04091505020477704,0.05917553145831955,0.01754271998464252,-0.404630399687681,0.020427991673520066,0.52,2
2024-09-23,63329.80078125,64733.55859375,62628.078125,63643.1015625,31400285425,61.79636137345757,61482.716626489324,60332.47954176105,-0.005010473135318549,50.0,65887.6484375,0.04038932105731966,-0.005010473135318549,0.027252714081670293,0.6179636137345758,0.030042331505645947,0.049680060595127085,0.01906497285483022,0.02953534418812286,0.017212939043889593,0.5,2
2024-09-24,64301.96875,64695.21484375,62737.41796875,63326.83984375,29938335243,64.4885382591416,61916.44772241404,60626.51577940838,0.01535087678718594,54.0,65635.3046875,0.020735538326732802,0.01535087678718594,0.021631741855226982,0.644885382591416,0.03852806669854192,0.06062451261367019,0.02127669595427717,-0.008767111351962283,0.016755918148051822,0.54,1
2024-09-25,63143.14453125,64804.50390625,62945.375,64302.58984375,25078377700,59.13880253909977,62105.170308388806,60812.932723989245,-0.018021597802944433,59.0,63329.5,0.00295131752042807,-0.018021597802944433,-0.0007885691410771667,0.5913880253909977,0.016713169253172344,0.03831770156254177,0.02124938769627538,-0.17599848613540775,0.017394085882357895,0.59,1
2024-09-26,65181.01953125,65790.796875,62669.26953125,63138.546875,36873129847,64.68674786145363,62578.37788113668,61136.494709712264,0.032273891570151925,50.0,60837.0078125,-0.06664534783269742,0.032273891570151925,0.028175474406157086,0.6468674786145363,0.041590110486035003,0.06615565450295957,0.023584655585354497,0.2305805065771333,0.01697790177725283,0.5,0
2024-09-27,65790.6640625,66480.6953125,64852.9921875,65180.6640625,32058813449,66.1667052099568,63072.57575519257,61481.24799510395,0.00935309904070647,61.0,60632.78515625,-0.07839834085502015,0.00935309904070647,0.033652733785972444,0.661667052099568,0.04309461401825909,0.07009317813033378,0.02588314017658444,0.06871733261475348,0.014566309592819984,0.61,0
2024-09-28,65887.6484375,66255.53125,65458.03515625,65792.1796875,15243637984,66.40789475529479,63505.663860162946,61807.64802787403,0.0014741358273548943,64.0,60759.40234375,-0.07783319355545941,0.0014741358273548943,0.04038932105731963,0.6640789475529479,0.03750822261431819,0.0660112549143752,0.027472584485388474,-0.6696268542804019,0.013908233134471013,0.64,0
2024-09-29,65635.3046875,66069.34375,65450.015625,65888.8984375,14788214575,65.10736653609888,63833.30091052249,62091.17815080928,-0.003829909793174213,63.0,62067.4765625,-0.0543583692036929,-0.003829909793174213,0.020735538326732694,0.6510736653609888,0.028229838521173223,0.05707938941152979,0.028057492410304752,-0.666096067028118,0.013294119274142735,0.63,0
2024-09-30,63329.5,65635.0546875,62873.6171875,65634.65625,37112957475,54.58754689716753,63755.79307813442,62182.90569519378,-0.035130555094979754,61.0,62089.94921875,-0.019573039124736496,-0.035130555094979754,0.0029513175204280984,0.5458754689716753,-0.006686342645161436,0.01843905960951009,0.025294530150304695,0.23980277599567631,0.018228538453146505,0.61,0
2024-10-01,60837.0078125,64110.98046875,60189.27734375,63335.60546875,50220923500,45.9454916371336,63306.74919111374,62083.20955573498,-0.039357521968434894,50.0,62818.953125,0.03257795515861606,-0.039357521968434894,-0.06664534783269738,0.459454916371336,-0.03901229189889299,-0.02007308823356191,0.01970806026515648,0.5199642713886273,0.022058999869723005,0.5,2
2024-10-02,60632.78515625,62357.6875,59996.94921875,60836.32421875,40762722398,45.3125024280906,62895.37010882702,61975.77071132869,-0.0033568819965540397,42.0,62236.66015625,0.02645227323578873,-0.0033568819965540397,-0.07839834085502018,0.453125024280906,-0.03597379184925853,-0.021669525681803248,0.01483804698099922,0.29976752686725844,0.02188846791399577,0.42,1
2024-10-03,60759.40234375,61469.0390625,59878.8046875,60632.484375,36106447279,45.81097147325357,62566.75968343055,61885.669350767304,0.0020882627636797935,37.0,62131.96875,0.022590189391340987,0.0020882627636797935,-0.07783319355545937,0.45810971473253576,-0.028886861790913376,-0.01819915691036056,0.011005622784862057,0.17250314551091536,0.021989473136868748,0.37,1
2024-10-04,62067.4765625,62465.9921875,60459.94140625,60754.625,29585472513,50.80024683581659,62489.94689559508,61899.136551636395,0.021528753876634443,41.0,60582.1015625,-0.02393161575538316,0.021528753876634443,-0.05435836920369286,0.5080024683581659,-0.00676061277185791,0.0027195857687478675,0.009544726742122256,-0.04810399437831638,0.0226672402068317,0.41,0
2024-10-05,62089.94921875,62371.0234375,61689.58203125,62067.609375,13305410749,50.8839142916182,62428.408791465066,61913.27082327444,0.0003620681473552878,49.0,60274.5,-0.029239019222804717,0.0003620681473552878,-0.019573039124736513,0.5088391429161819,-0.0054215633437919575,0.002853643380913873,0.008320315844094761,-0.8394302823956602,0.022078253988919185,0.49,0
2024-10-06,62818.953125,62959.5703125,61833.1484375,62084.98828125,14776233667,53.63823034872085,62488.492535085825,61980.358401180034,0.011741093613744757,50.0,62445.08984375,-0.00595144080968796,0.011741093613744757,0.032577955158616057,0.5363823034872085,0.005288343125394279,0.013530007658103527,0.008198309061344666,-0.7061696719980568,0.019382694126764133,0.5,1
2024-10-07,62236.66015625,64443.70703125,62152.55078125,62819.109375,34253562610,51.169912554069995,62449.74909218801,61999.3437163704,-0.009269383518558882,50.0,63193.0234375,0.015366558533972986,-0.009269383518558882,0.026452273235788804,0.5116991255407,-0.0034121664063605506,0.003827725031497975,0.0072646797339999125,0.14100411977242522,0.018897762131460855,0.5,1
2024-10-08,62131.96875,63174.3046875,61843.5625,62221.64453125,28134475157,50.71801184297808,62400.85980877447,62009.16779293556,-0.001682150134457161,49.0,62851.375,0.011578681063442078,-0.001682150134457161,0.022590189391340942,0.5071801184297808,-0.004309092207999687,0.001980367765529456,0.006316679126332936,-0.033945859680807156,0.018796746248231994,0.49,1
2024-10-09,60582.1015625,62508.8359375,60314.61328125,62131.7265625,27670982363,44.45836324504467,62121.050847809165,61903.45918327366,-0.024944762232405493,49.0,66046.125,0.09019204181721886,-0.024944762232405493,-0.023931615755383162,0.44458363245044674,-0.02477339427305325,-0.02134545691318479,0.0035150162431358822,-0.024382250340493235,0.01972740613452669,0.49,2
2024-10-10,60274.5,61236.72265625,58895.20703125,60581.9296875,30452813570,43.315716537593964,61836.96610199237,61782.79554006821,-0.005077433013489285,39.0,67041.109375,0.11226321869115463,-0.005077433013489285,-0.029239019222804696,0.4331571653759396,-0.02526750907240949,-0.024412872983224476,0.0008767903985347214,0.07977776588392653,0.017233029568150357,0.39,2
2024-10-11,62445.08984375,63400.87109375,60046.125,60275.4609375,30327141594,52.577896758263144,61930.523600724315,61831.854377377975,0.036011743668549645,32.0,67612.71875,0.08275476773562873,0.036011743668549645,-0.005951440809688013,0.5257789675826314,0.008308766228801279,0.009917791930180053,0.0015957668476855869,0.04772877738469379,0.01691690869957406,0.32,2
2024-10-12,63193.0234375,63448.78515625,62443.26953125,62444.6171875,16744110886,55.288934375324814,62124.75434484365,61932.68171516479,0.011977460447594401,49.0,67399.8359375,0.06657083758875182,0.011977460447594401,0.015366558533973063,0.5528893437532482,0.017195546347379853,0.020350188098291255,0.003101312979828963,-0.5403025058314173,0.016997636038151794,0.49,2
2024-10-13,62851.375,63272.65234375,62035.63671875,63192.9453125,18177529690,53.776595491974305,62236.54213794462,62000.73306959703,-0.005406426515387475,50.0,68418.7890625,0.08858062472778042,-0.005406426515387475,0.011578681063442176,0.5377659549197431,0.009878968865150384,0.013719868915873956,0.0038033271007116287,-0.4348914873577859,0.017267780969605243,0.5,2
2024-10-14,66046.125,66482.4921875,62442.15234375,62848.3984375,43706958056,63.759324937168984,62822.63180903006,62300.391731108364,0.050830232433260125,48.0,68362.734375,0.03507562896384913,0.050830232433260125,0.09019204181721885,0.6375932493716898,0.05131101799059934,0.06012375146946769,0.00838261306888266,0.41820904176656054,0.022389063514543207,0.48,2
2024-10-15,67041.109375,67881.6796875,64809.1953125,66050.3671875,48863870879,66.20712834732596,63471.628357640824,62651.55600102626,0.015064992457922477,65.0,69001.703125,0.029244649563199446,0.015064992457922477,0.11226321869115474,0.6620712834732596,0.05623742622839889,0.07006295859438572,0.013089417230134348,0.48923285949840595,0.022427275707806105,0.65,1
2024-10-16,67612.71875,68375.2890625,66758.7265625,67042.4609375,38195189534,67.56261084289504,64108.71918723454,63019.04953798728,0.008526251733136592,73.0,67367.8515625,-0.0036216142765298875,0.008526251733136592,0.08275476773562884,0.6756261084289504,0.054657145037194654,0.0728933432936607,0.017291115261749868,0.24070008090078512,0.02238949826908444,0.73,1
2024-10-17,67399.8359375,67912.2109375,66647.390625,67617.078125,32790898511,66.49289119837908,64615.04484112154,63343.55223424749,-0.0031485616380424464,71.0,67361.40625,-0.0005701747929421657,-0.0031485616380424464,0.06657083758875193,0.6649289119837909,0.04309818407192689,0.06403625247053046,0.020072960262348616,0.08692308539735633,0.021956467934924794,0.71,1
2024-10-18,68418.7890625,68969.75,67177.8203125,67419.109375,36857165014,69.02118014732842,65200.23625979515,63719.495703006934,0.015118035686984221,73.0,66432.1953125,-0.029035792319932217,0.015118035686984221,0.0885806247277805,0.6902118014732842,0.049364127913283706,0.07374969477781512,0.0232384224082669,0.16850375702907264,0.0217568572267846,0.73,0
2024-10-19,68362.734375,68668.0078125,68024.640625,68418.9765625,14443497908,68.71401109013442,65686.77443136513,64063.43930833975,-0.0008192879217548965,72.0,68161.0546875,-0.0029501407359409765,-0.0008192879217548965,0.03507562896384919,0.6871401109013442,0.04073818461630996,0.06710996339062558,0.025339493797893242,-0.7677483196752513,0.018568262087833912,0.72,1
2024-10-20,69001.703125,69359.0078125,68105.71875,68364.1796875,18975847518,70.33468773784753,66196.76346115512,64429.23662809236,0.009346740674458287,73.0,66642.4140625,-0.034191751154692966,0.009346740674458287,0.0292446495631995,0.7033468773784753,0.04237276140382362,0.07096881379025932,0.027433614389466232,-0.46525631344198803,0.01760284681226323,0.73,0
2024-10-21,67367.8515625,69462.734375,66829.8515625,69002.0,37498611780,61.55414337141598,66376.93086136202,64646.91180841885,-0.023678423698328066,72.0,67014.6953125,-0.005242207400251766,-0.023678423698328066,-0.00362161427652985,0.6155414337141598,0.014928691162410912,0.04208924568809502,0.026761047118075476,0.237156535984118,0.01925780102697015,0.72,1
2024-10-22,67361.40625,67801.578125,66581.3671875,67360.703125,31808472566,61.52151503252996,66528.38861346018,64847.9854707582,-9.567341618454961e-05,70.0,67929.296875,0.008430504299336833,-9.567341618454961e-05,-0.0005701747929421908,0.6152151503252996,0.012521235729603841,0.038758656278924386,0.02591295829011875,0.08783592010609911,0.019343744894373138,0.7,1
2024-10-23,66432.1953125,67402.7421875,65188.03515625,67362.375,32263980353,56.84338168524464,66513.58964408169,64965.33434792426,-0.01379441121005398,71.0,69907.7578125,0.05231744162075029,-0.01379441121005398,-0.029035792319932252,0.5684338168524463,-0.0012237248360407182,0.022579133614858415,0.023832022288466703,0.1086710535784884,0.020088488602533615,0.71,2
2024-10-24,68161.0546875,68798.9609375,66454.1015625,66653.703125,31414428647,62.54941406125896,66767.04580460758,65202.05437307802,0.02602442034118191,69.0,72720.4921875,0.06689212074114445,0.02602442034118191,-0.0029501407359410203,0.6254941406125896,0.020878696460106427,0.045382010473028256,0.02400217978677288,0.07883215037415657,0.014713839316193168,0.69,2
2024-10-25,66642.4140625,68722.15625,65521.79296875,68165.296875,41469984306,55.595824856161606,66747.87169043718,65308.74768340557,-0.022280180844656217,72.0,72339.5390625,0.08548797459013117,-0.022280180844656217,-0.03419175115469297,0.555958248561616,-0.0015799399331603015,0.02042094553029239,0.022035700546701564,0.30917005982600876,0.016060762243601433,0.72,2
2024-10-26,67014.6953125,67317.921875,66360.59375,66628.734375,19588098156,56.86186643498699,66788.92147844685,65435.1141744496,0.00558625096700216,72.0,70215.1875,0.047758065191158515,0.00558625096700216,-0.005242207400251719,0.56861866434987,0.0033804084428283865,0.02413965587099387,0.020689309112963628,-0.44875013859492724,0.015903719284006697,0.72,2
2024-10-27,67929.296875,68221.3125,66847.2265625,67023.4765625,16721307878,59.887713924734875,66964.36384714734,65619.86844856443,0.01364777618155344,74.0,69482.46875,0.022864536311307138,0.01364777618155344,0.008430504299336894,0.5988771392473488,0.014409649736316643,0.03519404230817358,0.02048915108137983,-0.5780013367698086,0.01650082704184439,0.74,1
2024-10-28,69907.7578125,70212.265625,67535.1328125,67922.671875,38799856657,65.52165521101179,67417.19368797082,65937.48988293004,0.029125296867722028,72.0,69289.2734375,-0.00884714936300547,0.029125296867722028,0.05231744162075036,0.6552165521101179,0.03694256595811951,0.06021260343120516,0.022441009017297286,0.24599778996124927,0.018334046574974477,0.72,1
2024-10-29,72720.4921875,73577.2109375,69729.9140625,69910.046875,58541874402,71.6237139090891,68233.08576482146,66439.93449808337,0.04023493905417541,72.0,68741.1171875,-0.0547215080687259,0.04023493905417541,0.06689212074114437,0.716237139090891,0.06576584324714929,0.09452985974267936,0.02698905831687437,0.6076981440107248,0.021821260835165737,0.72,0
2024-10-30,72339.5390625,72905.296875,71411.734375,72715.3671875,40646637831,69.82133691255191,68864.84781061816,66876.94224359572,-0.005238593875544262,77.0,67811.5078125,-0.06259414019887334,-0.005238593875544262,0.08548797459013113,0.6982133691255191,0.050456675101314685,0.08168131848802318,0.029724827426792277,0.2270116482430818,0.022089081596254966,0.77,0
2024-10-31,70215.1875,72662.3125,69590.5,72335.046875,40627912076,60.65501606718664,69072.59237821537,67124.21966999603,-0.029366396164960396,77.0,69359.5625,-0.012185753972386672,-0.029366396164960396,0.04775806519115844,0.6065501606718664,0.016541946413828112,0.04604847319194394,0.02902637405392805,0.21077564311176783,0.022964166656384767,0.77,1
2024-11-01,69482.46875,71559.015625,68779.703125,70216.8984375,49989795365,57.834742118348835,69135.65028156685,67298.90478703336,-0.010435331387529279,75.0,75639.078125,0.08860665842417983,-0.010435331387529279,0.022864536311307138,0.5783474211834884,0.005016492461135114,0.03244575777089542,0.02729235342455949,0.36885879230312485,0.02341660829607061,0.75,2
2024-11-02,69289.2734375,69867.3515625,69033.71875,69486.0234375,18184612091,57.081107349247056,69159.28461324888,67446.33950188274,-0.0027804900426771084,72.0,75904.859375,0.09547777901679631,-0.0027804900426771084,-0.008847149363005458,0.5708110734924705,0.0018795570974750042,0.027324447097174298,0.02539715459752001,-0.6423945964265428,0.022770719548871735,0.72,2
2024-11-03,68741.1171875,69361.65625,67482.5234375,69296.3828125,34868307655,54.89535869844752,69094.95116313366,67542.24896007661,-0.00791112711687536,74.0,76545.4765625,0.11353262347646509,-0.00791112711687536,-0.05472150806872589,0.5489535869844752,-0.005120981630021837,0.01774990092692974,0.022988606790023125,0.021474304131373856,0.02170215248613081,0.74,2
2024-11-04,67811.5078125,69433.1796875,66803.6484375,68742.1328125,41184819348,51.30723622491786,68897.49833995925,67562.19406025612,-0.013523338185854272,70.0,76778.8671875,0.13223949244418667,-0.013523338185854272,-0.06259414019887333,0.5130723622491786,-0.01576240870315304,0.0036901370020860913,0.01976407513515932,0.1992799971188251,0.02081432081070421,0.7,2
2024-11-05,69359.5625,70522.7890625,67458.8671875,67811.171875,46046889204,56.41614090971969,68968.58513381168,67695.33246320012,0.02282879023690776,70.0,80474.1875,0.16024646925937575,0.02282879023690776,-0.012185753972386637,0.5641614090971969,0.005668919631014013,0.024584117933161398,0.018808574007723733,0.29930327178680205,0.0218394389908917,0.7,2
2024-11-06,75639.078125,76460.15625,69322.03125,69358.5,118592653963,70.11406493764223,69994.81482476373,68283.75806777789,0.09053568676993895,70.0,88701.484375,0.17269388487804233,0.09053568676993895,0.08860665842417981,0.7011406493764223,0.08063830605691336,0.10771697787812551,0.025058034376014504,1.1269540470035466,0.03519688772584982,0.7,2
2024-11-07,75904.859375,76943.1171875,74480.421875,75637.0859375,63467654989,70.53615140001676,70904.05244787701,68848.28409053507,0.003513808689745934,77.0,87955.8125,0.1587639213645536,0.003513808689745934,0.09547777901679622,0.7053615140001677,0.07052921172311244,0.1024945701651121,0.029859398596464803,0.467750462646458,0.03468762423563173,0.77,2
2024-11-08,76545.4765625,77252.75,75648.7421875,75902.8359375,55176858003,71.57810073259024,71771.9638501267,69418.4464958658,0.008439738809541852,75.0,90584.1640625,0.1834032281259272,0.008439738809541852,0.11353262347646509,0.7157810073259024,0.06650943427354572,0.10266766870184352,0.033903342311197626,0.27780447282262555,0.03289555708000746,0.75,2
2024-11-09,76778.8671875,76932.765625,75773.7890625,76556.1875,29009480361,71.96705218635404,72542.25667126106,69963.66284339427,0.0030490452928257916,75.0,87250.4296875,0.13638599895499404,0.0030490452928257916,0.13223949244418676,0.7196705218635404,0.05840196749651638,0.09741062813364687,0.03685618681284142,-0.3770488330913502,0.032695767362396176,0.75,2
2024-11-10,80474.1875,81474.421875,76565.4296875,76775.546875,82570594495,77.27076983101024,73762.55372183627,70742.22022536506,0.048129393514959595,78.0,91066.0078125,0.13161761108181427,0.048129393514959595,0.1602464692593757,0.7727076983101024,0.09098971550624135,0.13756943510723296,0.0426949208951779,0.6170704004348533,0.03245036479081228,0.78,2
2024-11-11,88701.484375,89604.5,80283.25,80471.4140625,117966845037,84.36380898182718,76060.85074539992,72072.53608830099,0.10223522760015435,76.0,90558.4765625,0.020935300018760254,0.10223522760015435,0.17269388487804238,0.8436380898182718,0.1661910628887433,0.23072517201733755,0.0553375095919002,0.8815135292440212,0.04130447663310193,0.76,1
2024-11-12,87955.8125,89956.8828125,85155.109375,88705.5625,133673285375,81.87008629661818,77890.84486149224,73249.07508176017,-0.008406532091926988,80.0,89845.8515625,0.021488506657817527,-0.008406532091926988,0.15876392136455353,0.8187008629661818,0.1292188787579025,0.20077710744912847,0.06336967087367262,0.9077656160161882,0.041767472594965535,0.8,1
2024-11-13,90584.1640625,93434.3515625,86256.9296875,87929.96875,123559027869,83.6991264147833,79843.66320010883,74533.15574700016,0.029882636380625716,84.0,90542.640625,-0.00045839621008535484,0.029882636380625716,0.18340322812592724,0.836991264147833,0.13451913942716653,0.21535393416031323,0.07125026976095006,0.7471056702517727,0.04014825562847895,0.84,1
2024-11-14,87250.4296875,91765.21875,86682.8125,90574.8828125,87616705248,73.56203319399923,80983.16573663054,75475.17603888904,-0.03680261786927608,88.0,92343.7890625,0.058376324256999096,-0.03680261786927608,0.13638599895499404,0.7356203319399923,0.07738971295900621,0.15601492128410133,0.07297750050829266,0.36469691408829774,0.043408988983759854,0.88,2
2024-11-15,91066.0078125,91868.7421875,87124.8984375,87284.1796875,78243109518,76.99609509400977,82534.37220984123,76630.05246656392,0.04373133907381366,80.0,94339.4921875,0.03594628175355977,0.04373133907381366,0.13161761108181436,0.7699609509400978,0.10337069725286496,0.18838503800104967,0.0770496633269766,0.20446873409943608,0.04372321999861859,0.8,2
2024-11-16,90558.4765625,91763.9453125,90094.2265625,91064.3671875,44333192814,75.5896285735297,83768.84980255796,77661.78758478141,-0.005573223886622736,86.0,98504.7265625,0.0877471695818094,-0.005573223886622736,0.020935300018760206,0.755896285735297,0.08105192772665615,0.16606222157376416,0.0786366423913385,-0.38503546283714607,0.038845904759062695,0.86,2
2024-11-17,89845.8515625,91433.0390625,88741.6640625,90558.4609375,46350159305,73.55786685077828,84703.77315024135,78564.3108423902,-0.007869224693816235,90.0,98997.6640625,0.10186126950595677,-0.007869224693816235,0.02148850665781743,0.7355786685077829,0.06070660398017935,0.14359625380972263,0.07814569035255303,-0.34632179037991534,0.03950543426721642,0.9,2
2024-11-18,90542.640625,92596.7890625,89393.59375,89843.71875,75535775084,74.28566478453158,85602.06045405037,79451.59452999092,0.007755383808848215,83.0,97777.28125,0.07990313265728216,0.007755383808848215,-0.0004583962100853656,0.7428566478453158,0.057715668813855814,0.1395950095227163,0.07741148507394402,0.12917720020633208,0.039523811297586815,0.83,2
2024-11-19,92343.7890625,94002.8671875,90426.984375,90536.8125,74521048295,76.11570103781403,86639.24947073493,80406.57190276937,0.019892819836786257,90.0,98013.8203125,0.061401327664413,0.019892819836786257,0.05837632425699901,0.7611570103781403,0.06584244007898477,0.14846071505405756,0.07751452922905777,0.0904578204489487,0.03919169080787727,0.9,2
2024-11-20,94339.4921875,94902.0234375,91619.5,92341.890625,71730956426,77.98521993057028,87823.9021963911,81438.64007200867,0.02161166598491282,83.0,93102.296875,-0.013114288447101993,0.02161166598491282,0.03594628175355985,0.7798521993057028,0.07418925632043538,0.15841192957156824,0.07840580489478377,0.029711261963831816,0.03789995165376435,0.83,1
2024-11-21,98504.7265625,99014.21875,94132.6015625,94334.640625,106024505582,81.2788709837307,89467.10594502323,82702.79462685988,0.044151545428309014,82.0,91985.3203125,-0.06618368963100993,0.044151545428309014,0.0877471695818095,0.812788709837307,0.10101612790549308,0.19106889926677328,0.08179060149880923,0.3810106848556529,0.025865668818089077,0.82,0
2024-11-22,98997.6640625,99655.5,97222.6640625,98496.4296875,78473580551,81.62916223776257,90933.34565540428,83909.82199246285,0.005004201495724558,94.0,95962.53125,-0.030658630597423346,0.005004201495724558,0.10186126950595686,0.8162916223776258,0.08868384143321628,0.1798102023311694,0.08370323635738752,0.03932798044056301,0.025093178518655054,0.94,0
2024-11-23,97777.28125,99014.6796875,97232.890625,99006.7421875,44414644677,77.75043709944943,91986.25882380363,84937.04119672487,-0.012327389984975179,93.0,95652.46875,-0.02173114728530049,-0.012327389984975179,0.0799031326572821,0.7775043709944943,0.06295529897882757,0.15117362074734308,0.08299344464745229,-0.5361713516044153,0.025333197444118917,0.93,0
2024-11-24,98013.8203125,98647.1796875,95788.078125,97778.09375,51712020623,77.9689466380332,92913.57597591076,85905.6915015971,0.002419161787646784,80.0,97461.5234375,-0.005634887745820921,0.002419161787646784,0.061401327664412975,0.779689466380332,0.05489234789447295,0.14094675916412114,0.08157648639826576,-0.3909590887887406,0.020136512446919663,0.8,1
2024-11-25,93102.296875,98935.03125,92642.9140625,98033.4453125,80909462490,63.92954594371684,92942.60996038603,86438.77338110843,-0.05011051933125821,82.0,96449.0546875,0.03594710254026695,-0.05011051933125821,-0.01311428844710194,0.6392954594371684,0.0017181238474153204,0.07708951935854191,0.07524212023002907,0.034136866256069674,0.024937543336820817,0.82,2
2024-11-26,91985.3203125,94991.75,90770.8125,93087.28125,91656519855,61.229327408114926,92795.33462994202,86849.62870935965,-0.011997304040733403,79.0,97279.7890625,0.05755775739012704,-0.011997304040733403,-0.06618368963100996,0.6122932740811493,-0.008729041397094739,0.059133144026750406,0.06845977362182576,0.17622814746952117,0.025249288323707497,0.79,2
2024-11-27,95962.53125,97361.1796875,91778.6640625,91978.140625,71133452438,66.63347842330502,93282.59564841248,87524.65852718486,0.04323745271515378,75.0,95865.3046875,-0.0010131721332642526,0.04323745271515378,-0.030658630597423353,0.6663347842330503,0.028729213450367164,0.09640566287035979,0.06578645627551039,-0.08223752460652206,0.028076675957510986,0.75,1
2024-11-28,95652.46875,96650.203125,94677.3515625,95954.9453125,52260008261,65.86271854987405,93647.19151019517,88126.7185436897,-0.0032310787967048116,77.0,96002.1640625,0.00365589427089408,-0.0032310787967048116,-0.021731147285300456,0.6586271854987404,0.021413106014893213,0.08539691855857923,0.06264244326502011,-0.388673641916971,0.02825662980160172,0.77,1
2024-11-29,97461.5234375,98693.171875,95407.8828125,95653.953125,54968682476,68.17570226610643,94234.01180670361,88818.18557286082,0.018912786163713058,78.0,98768.53125,0.013410500538072917,0.018912786163713058,-0.005634887745820882,0.6817570226610643,0.03424996526112878,0.09731495649107513,0.060976546626253514,-0.3548393560107041,0.028204221918606127,0.78,1
2024-11-30,96449.0546875,97499.34375,96144.21875,97468.8125,31634227866,65.50081808782883,94574.78763451843,89383.43513690817,-0.010388394458550332,84.0,96593.5703125,0.0014983622749672168,-0.010388394458550332,0.035947102540266895,0.6550081808782884,0.019817829887439187,0.07904842256028144,0.05807958140855396,-0.8743315795894454,0.028021518490282046,0.84,1
2024-12-01,97279.7890625,97888.125,95770.1875,96461.3359375,36590695296,66.65679186519135,94990.94170036174,89968.35024250757,0.008613193542348574,81.0,99920.7109375,0.027147693271654498,0.008613193542348574,0.05755775739012714,0.6665679186519136,0.024095427639386546,0.08126678771239693,0.05582620381851955,-0.6736315177071663,0.0241473195093699,0.81,1
2024-12-02,95865.3046875,98152.6015625,94482.8671875,97276.0078125,72680784305,62.798382527106796,95125.4590829984,90405.16168287737,-0.01454037255458307,80.0,99923.3359375,0.042330551842799616,-0.01454037255458307,-0.0010131721332642396,0.627983825271068,0.0077775772294153,0.06039636347065769,0.05221269795057548,0.056074185686073065,0.024398192042332664,0.8,2
2024-12-03,96002.1640625,96297.203125,93629.5625,95854.59375,67067810961,63.021418656391276,95260.33677215248,90819.7544517383,0.0014276215513644441,76.0,101236.015625,0.05451805814598743,0.0014276215513644441,0.003655894270894189,0.6302141865639128,0.007787367917057031,0.0570625811757246,0.04889445415505844,0.017674013990264303,0.024197137706276132,0.76,2
2024-12-04,98768.53125,99207.328125,94660.5234375,95988.53125,77199817112,67.29026374199444,95800.05899951364,91408.55273309103,0.02881567529768403,78.0,97432.71875,-0.01352467717292293,0.02881567529768403,0.013410500538072911,0.6729026374199444,0.030986121318583137,0.08051739467311969,0.048042618935731474,0.1663027085878763,0.026049071003485847,0.78,1
2024-12-05,96593.5703125,103900.46875,91998.78125,98741.5390625,149218945580,61.29873079891601,95922.13766305,91792.62810934354,-0.022020788503929523,84.0,96675.4296875,0.0008474619452947867,-0.022020788503929523,0.0014983622749671355,0.6129873079891601,0.006999767371830057,0.05230204540431682,0.04498737685979948,0.772456431169806,0.020927395975261474,0.84,1
2024-12-06,99920.7109375,102039.8828125,96514.875,97074.2265625,94534772658,66.24947644663621,96537.30278219614,92394.70831883661,0.03444474217316973,72.0,101173.03125,0.012533140534631717,0.03444474217316973,0.02714769327165456,0.6624947644663621,0.03504767647110851,0.08145490965448565,0.04483584112917183,0.28023727372505813,0.02213033115632492,0.72,1
2024-12-07,99923.3359375,100563.3828125,99030.8828125,99916.7109375,44177510897,66.25314438098594,97058.2309599352,92952.3844387376,2.627082989481444e-05,75.0,100043.0,0.0011975587221672364,2.627082989481444e-05,0.04233055184279966,0.6625314438098594,0.02951944362912906,0.07499486474558137,0.04417150292581962,-0.47899263932028685,0.018524750690211315,0.75,1
2024-12-08,101236.015625,101399.9921875,98771.515625,99921.9140625,44125751925,68.11903685726328,97700.96706225286,93565.98674883111,0.013136868131795154,79.0,101459.2578125,0.0022051656826058536,0.013136868131795154,0.054518058145987425,0.6811903685726328,0.03618232929562182,0.08197454163293694,0.04419319944246092,-0.4578990962193252,0.01851773299567594,0.79,1
2024-12-09,97432.71875,101272.5078125,94355.9140625,101237.0625,110676473908,58.09626868574506,97659.69809113705,93852.41134151029,-0.03756861480096407,78.0,101372.96875,0.040440727206947615,-0.03756861480096407,-0.013524677172922939,0.5809626868574506,-0.002324186389816907,0.038148272988550946,0.040566744052774384,0.4360815885782791,0.02231308772630103,0.78,2
2024-12-10,96675.4296875,98270.15625,94321.2578125,97441.234375,104823780634,56.3193682173725,97508.2721828852,94061.52381158361,-0.007772430783165474,78.0,104298.6953125,0.07885422024646742,-0.007772430783165474,0.0008474619452947252,0.563193682173725,-0.008541249647241456,0.02778932096775666,0.03664355234352601,0.3588916462787043,0.022190223900675203,0.78,2
2024-12-11,101173.03125,101913.359375,95747.2265625,96656.0625,85391409936,63.46620174424217,98072.08127013363,94588.3021403552,0.04652269534294651,74.0,106029.71875,0.04800377570974478,0.04652269534294651,0.012533140534631615,0.6346620174424217,0.03161909016007303,0.06961462422566833,0.03683097223385001,0.1680476311205001,0.02654875075023425,0.74,2
2024-12-12,100043.0,102524.9140625,99339.953125,101167.8046875,72073983533,60.77560742531989,98375.2995362669,94992.35383366223,-0.011169293200355757,83.0,106140.6015625,0.0609498072079006,-0.011169293200355757,0.0011975587221673134,0.6077560742531989,0.01695243086012943,0.05316897584390623,0.03561282109640551,0.0029380439604258495,0.026303959745869715,0.83,2
2024-12-13,101459.2578125,101888.8046875,99233.28125,100046.6484375,56894751583,62.89852640806858,98849.75465568739,95471.38375802059,0.014156490833941326,76.0,100041.5390625,-0.013973281300953239,0.014156490833941326,0.0022051656826058696,0.6289852640806858,0.02639868116923516,0.06271904542261719,0.035386214849776776,-0.24219783488778607,0.02644185473943352,0.76,1
2024-12-14,101372.96875,102618.8828125,100634.0546875,101451.4375,40422968793,62.6759514785107,99237.94143942778,95908.5382018709,-0.0008504799301751742,83.0,97490.953125,-0.038294386293190215,-0.0008504799301751742,0.04044072720694758,0.6267595147851069,0.021514224092157086,0.0569754335805579,0.03471435703199921,-0.5761852992194972,0.025215595177970066,0.83,0
2024-12-15,104298.6953125,105047.5390625,101227.03125,101373.53125,51145914137,66.94678070614545,100016.51895836196,96530.03132117676,0.02886101293644905,80.0,97755.9296875,-0.06273103997510755,0.02886101293644905,0.07885422024646749,0.6694678070614545,0.04281469100040125,0.08047924448998844,0.036118165398547175,-0.31999225826635413,0.02475980379345637,0.8,0
2024-12-16,106029.71875,107780.578125,103322.984375,104293.578125,91020417816,69.19287762165524,100941.62661861397,97233.71187145998,0.016596788984881483,83.0,97224.7265625,-0.08304268172455187,0.016596788984881483,0.04800377570974468,0.6919287762165525,0.050406282341875386,0.09046252281480394,0.03813404503219764,0.2568606469745013,0.023236458457251027,0.83,0
2024-12-17,106140.6015625,108268.4453125,105291.734375,106030.6875,68589364868,69.33661864720082,101741.46891767335,97893.48147820368,0.001045771070669721,87.0,95104.9375,-0.10397212659475782,0.001045771070669721,0.060949807207900664,0.6933661864720082,0.043238344124816086,0.08424585539061225,0.03930790264443118,-0.024277253791030913,0.023208610939494334,0.87,0
2024-12-18,100041.5390625,106470.609375,100041.5390625,106147.296875,93865656139,54.32268839178438,101479.94124764668,98052.59685481823,-0.057462106019896764,81.0,94686.2421875,-0.053530732585534584,-0.057462106019896764,-0.01397328130095321,0.5432268839178438,-0.014174251260517301,0.02028444193708312,0.03495414198874469,0.2602774398556796,0.030491559605290944,0.81,0
2024-12-19,97490.953125,102748.1484375,95587.6796875,100070.6875,97221662392,49.49585684012759,100866.2507672395,98010.99361557243,-0.025495268879325628,75.0,98676.09375,0.012156416436717445,-0.025495268879325628,-0.03829438629319026,0.4949585684012759,-0.033463102044195,-0.005305940399014553,0.029132009036314965,0.2666262633331091,0.029078622705067902,0.75,1
2024-12-20,97755.9296875,98098.9140625,92175.1796875,97484.6953125,105634083408,49.9929800577991,100387.73983189496,97992.09999127076,0.002717960528709318,74.0,99299.1953125,0.015786925968925,0.002717960528709318,-0.06273103997510754,0.499929800577991,-0.026216449825467447,-0.0024100953422959703,0.024447275248082212,0.3011229251259589,0.02893818570033578,0.74,1
2024-12-21,97224.7265625,99507.1015625,96426.5234375,97756.1953125,51765334294,48.95269704530664,99901.1224058342,97935.25751506552,-0.005433973434635808,73.0,95795.515625,-0.014700076698917175,-0.005433973434635808,-0.08304268172455187,0.4895269704530664,-0.02679044818397258,-0.007255108840207192,0.02007310687334707,-0.42179709349201255,0.024237391867705335,0.73,1
2024-12-22,95104.9375,97360.265625,94202.1875,97218.3203125,43147981314,44.934433129964674,99163.24780493663,97725.60418061622,-0.021802983021374844,73.0,94164.859375,-0.009884640584512239,-0.021802983021374844,-0.10397212659475785,0.44934433129964674,-0.040925548474568973,-0.026816582026678693,0.014711023138453738,-0.5849958952554366,0.02482742705937424,0.73,1
2024-12-23,94686.2421875,96416.2109375,92403.1328125,95099.390625,65239002919,44.16332770537348,98474.47770994638,97500.46625520021,-0.004402456102765462,70.0,95163.9296875,0.005044951504718833,-0.004402456102765462,-0.053530732585534535,0.44163327705373484,-0.03846921162257411,-0.028863698562570872,0.009989813301987338,-0.17039269775500868,0.023933270825136688,0.7,1
2024-12-24,98676.09375,99404.0625,93448.015625,94684.34375,47114953674,52.52417570733435,98505.49556226232,97587.54977333354,0.04213760595334648,73.0,93530.2265625,-0.05214907676156364,0.04213760595334648,0.012156416436717388,0.5252417570733435,0.0017318646717516817,0.011154537430182687,0.009406382177448824,-0.4762231131661722,0.02850858261630809,0.73,0
2024-12-25,99299.1953125,99478.75,97593.46875,98675.9140625,33700394629,53.69041710905839,98627.60321614504,97714.3383317903,0.0063146152104343045,73.0,92643.2109375,-0.06702959026055803,0.0063146152104343045,0.015786925968924947,0.5369041710905839,0.006809372573752359,0.01621928785239568,0.00934627302345059,-0.7321037618994032,0.026595636206133855,0.73,0
2024-12-26,95795.515625,99884.5703125,95137.8828125,99297.6953125,47054980873,46.73799325468102,98191.89743289196,97572.2033164725,-0.03528406928650052,79.0,93429.203125,-0.024701704297549157,-0.03528406928650052,-0.014700076698917153,0.4673799325468102,-0.024405087085008548,-0.01820895327852612,0.006351133779458618,-0.36383324849473586,0.02706214548626052,0.79,0
2024-12-27,94164.859375,97294.84375,93310.7421875,95704.9765625,52419934565,43.88945313835861,97572.35311629319,97319.80746895602,-0.017022260795415023,74.0,94419.7578125,0.0027069380147948636,-0.017022260795415023,-0.009884640584512216,0.43889453138358614,-0.03492273817801561,-0.03241835527636461,0.002595007675264105,-0.2619316450846926,0.02686247546570965,0.74,1
2024-12-28,95163.9296875,95525.8984375,94014.2890625,94160.1875,24107436185,46.05861850382435,97201.82643494039,97160.11281847779,0.010609799867287384,72.0,96886.875,0.018105024857189275,0.010609799867287384,0.005044951504718842,0.4605861850382435,-0.020965621966007042,-0.020545294494534128,0.00042932861286937296,-1.0238950292782565,0.022154160343160065,0.72,1
2024-12-29,93530.2265625,95174.875,92881.7890625,95174.0546875,29635885267,43.12287798593273,96636.9649161034,96891.23235507202,-0.017167251608511402,73.0,98107.4296875,0.04893822343027643,-0.017167251608511402,-0.05214907676156366,0.43122877985932734,-0.03214855057069055,-0.03468844095464818,-0.0026242564243255107,-0.7551561064357931,0.021433141435427305,0.73,2
2024-12-30,92643.2109375,94903.3203125,91317.1328125,93527.1953125,56188003691,41.57346980003328,96022.5412270875,96576.56410191853,-0.00948373223930199,65.0,98236.2265625,0.060371564936077426,-0.00948373223930199,-0.06702959026055799,0.4157346980003328,-0.03519309368823709,-0.040727822541580694,-0.005736618194931431,-0.07611468092766192,0.021359608391995407,0.65,2
2024-12-31,93429.203125,96090.6015625,91914.03125,92643.25,43625106843,43.51033221525117,95623.56613445866,96343.42625177641,0.008484077565384274,64.0,98314.9609375,0.052293690292566114,0.008484077565384274,-0.024701704297549143,0.4351033221525117,-0.022947931123726395,-0.03024828200691776,-0.007471813545809947,-0.2941353735196202,0.021788449177854004,0.64,2
2025-01-01,94419.7578125,94929.8671875,92788.125,93425.1015625,24519888919,45.94247863367261,95438.36485415733,96200.93229331149,0.010602195613021781,66.0,102078.0859375,0.08110938115524517,0.010602195613021781,0.002706938014794824,0.45942478633672607,-0.010672930568476402,-0.0185151478093869,-0.007926819636519977,-0.8288214222492319,0.02120914494216858,0.66,2
2025-01-02,96886.875,97739.8203125,94201.5703125,94416.2890625,46009564411,51.53889494457733,95661.21256890237,96251.7428641773,0.026129247147606893,70.0,96922.703125,0.0003697933801663022,0.026129247147606893,0.018105024857189234,0.5153889494457733,0.012812532877050975,0.006598655950770027,-0.006135268595689136,-0.18971920348937218,0.02273130723056563,0.7,1
2025-01-03,98107.4296875,98956.9140625,96034.6171875,96881.7265625,35611391163,54.07216785554465,96037.55366407122,96389.2011473864,0.012597729955682757,74.0,95043.5234375,-0.031230114373186728,0.012597729955682757,0.04893822343027643,0.5407216785554465,0.021552777475662976,0.01782594439688645,-0.0036482041466188164,-0.44156826459675785,0.018546837911208258,0.74,0
2025-01-04,98236.2265625,98734.4296875,97562.9765625,98106.9921875,22342608078,54.343389968246186,96375.81103306026,96526.01784480222,0.0013128146911018934,73.0,92484.0390625,-0.05855464629782308,0.0013128146911018934,0.060371564936077426,0.5434338996824618,0.019303760035820128,0.017717593203187,-0.0015561277166065146,-0.8813894403317982,0.018411931266839553,0.73,0
2025-01-05,98314.9609375,98813.3046875,97291.765625,98233.90625,20525254825,54.52020183870876,96674.14178758945,96658.53214796502,0.0008014800420892421,72.0,94701.453125,-0.036754404192838465,0.0008014800420892421,0.05229369029256614,0.5452020183870876,0.016972678728462087,0.017136912311055186,0.0001614926202329059,-0.8986510153345039,0.013916438184883645,0.72,0
2025-01-06,102078.0859375,102482.875,97926.1484375,98314.953125,51823432705,62.07905416515751,97505.51781065261,97059.98057681946,0.03827621924594227,76.0,94566.59375,-0.07358574681836325,0.03827621924594227,0.08110938115524524,0.6207905416515751,0.046895480681687474,0.05170107526148615,0.004590328899566565,0.04430273594661198,0.016039589532336643,0.76,0
2025-01-07,96922.703125,102712.484375,96132.875,102248.8515625,58685738547,49.85437281921448,97415.8540128599,97049.81187668469,-0.05050430525956884,78.0,94488.4375,-0.02511553584984684,-0.05050430525956884,0.0003697933801662945,0.4985437281921448,-0.005062326793283556,-0.001309726925037169,0.003771693412866428,0.20478138942294183,0.024459258681015783,0.78,0
2025-01-08,95043.5234375,97258.3203125,92525.84375,96924.1640625,63875859171,46.277110685738094,97050.88007818915,96901.19791822656,-0.019388436629511285,70.0,94516.5234375,-0.005544828105478979,-0.019388436629511285,-0.03123011437318668,0.46277110685738093,-0.02068354907314507,-0.019170810275165318,0.0015446884370706737,0.3250154645312631,0.024662954922144636,0.7,1
2025-01-09,92484.0390625,95349.71875,91220.84375,95043.484375,62777261693,41.87031796043519,96348.2891526985,96574.00096595052,-0.026929603222076492,69.0,96534.046875,0.043791424483126604,-0.026929603222076492,-0.05855464629782303,0.4187031796043519,-0.0401070960800789,-0.042350548414086364,-0.0023371902478348527,0.35521012023756265,0.02612974106990765,0.69,2
2025-01-10,94701.453125,95770.609375,92250.09375,92494.4921875,62058693684,46.613470338353274,96094.92976382181,96435.2937184727,0.023976181025154863,50.0,100504.4921875,0.061277191331376414,0.023976181025154863,-0.036754404192838486,0.46613470338353274,-0.014501042273995512,-0.01797931573200129,-0.003529454222896189,0.33207091187638677,0.027120036166808224,0.5,2
2025-01-11,94566.59375,94977.6875,93840.046875,94700.8359375,18860894100,46.365679759975414,95859.80114631077,96296.87149858584,-0.001424047578467369,69.0,99756.90625,0.054885264385447954,-0.001424047578467369,-0.07358574681836327,0.46365679759975414,-0.013490612131950352,-0.017968161599219212,-0.004538780393104291,-0.831265494442982,0.026946883100811912,0.69,2
2025-01-12,94488.4375,95367.5390625,93712.5078125,94565.7265625,20885130965,46.21235978054058,95648.82212380141,96162.9134246165,-0.0008264678561502592,62.0,104462.0390625,0.10555367224164332,-0.0008264678561502592,-0.025115535849846826,0.4621235978054058,-0.012131718907102518,-0.017412907585512727,-0.00534604539844874,-0.6767545880867885,0.02540040986464226,0.62,2
2025-01-13,94516.5234375,95837.0,89260.1015625,94488.890625,72978998252,46.28110445996519,95474.62232590889,96040.95861075602,0.00029724205673309356,61.0,104408.0703125,0.10465415480014861,0.00029724205673309356,-0.0055448281054789605,0.46281104459965194,-0.010035115772842329,-0.015872760906462724,-0.0058968204091176535,0.5433931529687975,0.024896438467507605,0.61,2
2025-01-14,96534.046875,97352.6640625,94322.15625,94519.0078125,53769675818,51.1144865421889,95637.61071807676,96077.48366736669,0.021345722040169157,63.0,101089.609375,0.04719125166169514,0.021345722040169157,0.04379142448312656,0.511144865421889,0.00937325964327762,0.004752031279399382,-0.004578314632102898,0.21453166606165394,0.02609840484662516,0.63,2
2025-01-15,100504.4921875,100697.234375,96501.640625,96534.046875,57805923627,58.94356434854519,96386.36171337264,96405.4102244136,0.041129999632577796,70.0,102016.6640625,0.015045813794859138,0.041129999632577796,0.061277191331376324,0.5894356434854519,0.04272524038591263,0.04251921083624355,-0.00019758757311050257,0.27460001455283956,0.02939102066164521,0.7,1
2025-01-16,99756.90625,100781.5859375,97364.4453125,100505.296875,54103781805,57.08963043894269,96904.90702669992,96653.66918927185,-0.0074383335632930425,75.0,106146.265625,0.06404929357961119,-0.0074383335632930425,0.05488526438544805,0.570896304389427,0.0294309061409479,0.03210676932141343,0.0025993616128123787,0.20649796582185967,0.02665217958634096,0.75,2
2025-01-17,104462.0390625,105884.2265625,99948.90625,100025.765625,71888972663,64.62993887153434,98067.54272451533,97232.06695765912,0.04716598568833419,75.0,103653.0703125,-0.007744140907645802,0.04716598568833419,0.10555367224164325,0.6462993887153433,0.06520502258272809,0.07435789787323221,0.008592594943189091,0.4378535247609958,0.024718589260297373,0.75,1
2025-01-18,104408.0703125,104913.203125,102226.6171875,104124.953125,50445655726,64.48995625915526,99043.0085072822,97763.6227617214,-0.000516635042589142,77.0,103960.171875,-0.0042898833026930915,-0.000516635042589142,0.10465415480014872,0.6448995625915527,0.05416901087796955,0.06796441624276817,0.013086521442428944,0.0614500215591424,0.023079006976093233,0.77,1
2025-01-19,101089.609375,106299.796875,99570.53125,104411.2890625,76789928525,56.400776832186224,99357.87017923877,98009.99214048278,-0.03178356737719257,77.0,104819.484375,0.03689671988110796,-0.03178356737719257,0.047191251661695244,0.5640077683218623,0.017429310759552452,0.031421461906690595,0.01375245532949343,0.46014519390228936,0.02396839114762245,0.77,2
2025-01-20,102016.6640625,109114.8828125,99471.359375,101083.75,126279678351,57.98624389420672,99766.91539204819,98306.7826532248,0.009170622908047932,76.0,104714.6484375,0.02644650655648859,0.009170622908047932,0.015045813794859031,0.5798624389420672,0.02255004739407962,0.03773779701815427,0.014852817877012425,0.8757465592575978,0.023404367972669007,0.76,1
2025-01-21,106146.265625,107180.921875,100103.953125,102052.578125,88733878242,64.22680552989604,100748.3538894254,98887.48509557852,0.040479676535688514,76.0,102682.5,-0.03263200645453701,0.040479676535688514,0.06404929357961109,0.6422680552989604,0.05357816308839136,0.0734044406368064,0.018818041454368828,0.46364181911507124,0.025264240532003518,0.76,0
2025-01-22,103653.0703125,106294.34375,103360.265625,106136.3828125,53878181052,58.570368497799194,101195.23333912919,99240.49140794307,-0.023488299826845638,84.0,102087.6875,-0.015102136461376228,-0.023488299826845638,-0.007744140907645747,0.585703684977992,0.02428807061627114,0.04446349309596176,0.019697019870154042,-0.04229875634993287,0.027454324597550653,0.84,1
2025-01-23,103960.171875,106820.328125,101257.8046875,103657.671875,104104515428,59.04878247686605,101620.60849849392,99590.09736846581,0.002962783076025932,75.0,101332.4765625,-0.0252759808406194,0.002962783076025932,-0.004289883302693087,0.5904878247686605,0.023022528708246615,0.043880612852156275,0.02038868505686442,0.5572247553853097,0.027366376528811947,0.75,0
2025-01-24,104819.484375,107098.546875,102772.125,103965.671875,52388229265,60.42585899892471,102112.74324872562,99977.45936894983,0.008265785680243276,75.0,103703.2109375,-0.010649484150355515,0.008265785680243276,0.036896719881107876,0.6042585899892471,0.026507378414869498,0.048431166751112364,0.021357652947509687,-0.1543696267408694,0.027069658776013483,0.75,1
2025-01-25,104714.6484375,105243.7890625,104120.375,104824.03125,23888996502,60.16006614639656,102513.0363546909,100328.3622629165,-0.0010001569662844156,75.0,104735.3046875,0.00019726227713335535,-0.0010001569662844156,0.026446506556488503,0.6016006614639656,0.021476410816587244,0.043719304049725904,0.02177523924938929,-0.9423809950093393,0.024610131066584818,0.75,1
2025-01-26,102682.5,105438.6484375,102507.7109375,104713.2109375,22543395879,55.10057837622055,102539.10768473845,100502.7428360338,-0.019406534499448846,73.0,102405.0234375,-0.0027022770433131255,-0.019406534499448846,-0.03263200645453701,0.5510057837622054,0.0013984158678501668,0.02168853408829241,0.02026178382043664,-0.9761848734431401,0.025522913768310528,0.73,1
2025-01-27,102087.6875,103214.109375,97795.9375,102680.3046875,89006608428,53.677592413098495,102469.65842554792,100620.14614447574,-0.005792734886665207,71.0,100655.90625,-0.014025014035115645,-0.005792734886665207,-0.015102136461376259,0.536775924130985,-0.0037276490564810416,0.014584965454304655,0.01838113292358523,0.3720630782234021,0.020354029245598662,0.71,1
2025-01-28,101332.4765625,103730.8203125,100238.1875,102095.4140625,47180685494,51.846799270876794,102294.7073696944,100672.91136062569,-0.007397669160641884,72.0,97688.9765625,-0.03595589611147771,-0.007397669160641884,-0.02527598084061944,0.518467992708768,-0.009406457400741974,0.006551565788255109,0.016109557051143586,-0.24896374465437884,0.020410378242465912,0.72,0
2025-01-29,103703.2109375,104750.8046875,101283.8203125,101317.5234375,47432049818,56.82505652763815,102511.40022627987,100897.37799594972,0.023395602825692086,72.0,101405.421875,-0.022157356958646485,0.023395602825692086,-0.010649484150355493,0.5682505652763815,0.011626128494873322,0.027808779546906637,0.01599667169145813,-0.23089101183198982,0.019121921369651778,0.72,0
2025-01-30,104735.3046875,106418.765625,103321.6484375,103709.3359375,41915744521,58.821002931513775,102853.5393741599,101181.66886199049,0.009952379879751394,70.0,97871.8203125,-0.06553171727030023,0.009952379879751394,0.00019726227713334765,0.5882100293151378,0.018295581511246217,0.035121340312706195,0.01652345262707411,-0.3375282864339383,0.019152801559687706,0.7,0
2025-01-31,102405.0234375,106026.3515625,101543.8828125,104737.5625,45732764360,52.87726124851781,102784.53692236607,101272.28771943564,-0.022249243050878498,76.0,96615.4453125,-0.05653607538631642,-0.022249243050878498,-0.0027022770433131615,0.5287726124851782,-0.003692320812348604,0.011185051148469016,0.014932507569296316,-0.2729891733217131,0.015330859073649105,0.76,0
2025-02-01,100655.90625,102755.7265625,100297.7109375,102402.796875,27757944848,48.884325018237206,102457.0552804636,101226.62983281078,-0.017080384621634526,68.0,96593.296875,-0.040361361060220945,-0.017080384621634526,-0.01402501403511569,0.48884325018237207,-0.017579551018064854,-0.0056380774876473305,0.0121551557103603,-0.777984758755312,0.0145135787244283,0.68,0
2025-02-02,97688.9765625,101430.6640625,96216.078125,100661.5390625,63091816853,42.95853912734809,101723.50470846919,100964.58144241739,-0.02947596219670423,60.0,96529.0859375,-0.011873301019362391,-0.02947596219670423,-0.03595589611147776,0.4295853912734809,-0.039661710020037155,-0.03244310859432964,0.0075167277000462995,0.05129837721994902,0.01655527425556608,0.6,1
2025-02-03,101405.421875,102514.171875,91242.890625,97681.1015625,115400897748,50.97526071273212,101674.56888793547,100997.23628927536,0.03804365081173988,44.0,96482.453125,-0.04854739183540328,0.03804365081173988,-0.022157356958646512,0.5097526071273212,-0.0026471419144360464,0.004041552033716256,0.006706446864744864,0.6049840777934961,0.02139327727854588,0.44,0
2025-02-04,97871.8203125,101745.6171875,96208.109375,101398.71875,73002130211,44.56243301792577,101089.53064556078,100765.72399469941,-0.034846278405663456,72.0,96500.09375,-0.014015541532998398,-0.034846278405663456,-0.06553171727030027,0.4456243301792577,-0.0318303024310469,-0.028719127571113723,0.0032134602722488914,0.13507572770346576,0.02358869046360982,0.72,1
2025-02-05,96615.4453125,99113.2109375,96174.828125,97878.0078125,49125911241,42.51450974284173,100401.2098250899,100458.29594416612,-0.012836943218062724,54.0,97437.5546875,0.008509088503819548,-0.012836943218062724,-0.05653607538631644,0.42514509742841733,-0.037706363490889405,-0.03825319348241729,-0.0005682568924715303,-0.25711615974077884,0.0232782957115093,0.54,1
2025-02-06,96593.296875,99168.609375,95707.3515625,96610.640625,45302471947,42.47744920585949,99815.37706353761,100171.99971682049,-0.00022924323774897726,49.0,95747.4296875,-0.008756996757183106,-0.00022924323774897726,-0.040361361060220924,0.4247744920585949,-0.03228039890573764,-0.03572558052087649,-0.0035601031654656223,-0.3169945936567255,0.023345638391876998,0.49,1
2025-02-07,96529.0859375,100154.140625,95653.8828125,96581.3203125,55741290456,42.362156139610555,99309.79381337798,99902.15425168564,-0.0006647556256734743,44.0,97885.859375,0.014055591890494793,-0.0006647556256734743,-0.011873301019362348,0.4236215613961056,-0.028000338829657245,-0.03376371950586565,-0.005929406054801523,-0.11388292079365168,0.023374606388184383,0.44,1
2025-02-08,96482.453125,96877.8046875,95702.4921875,96533.2578125,22447526395,42.2724196349509,98874.8183228583,99648.84305711635,-0.00048309597099249757,44.0,96623.8671875,0.001465697211458625,-0.00048309597099249757,-0.04854739183540324,0.422724196349509,-0.02419589980986303,-0.031775481129283634,-0.007767523540784138,-0.9789508711355149,0.021326999181868436,0.44,1
2025-02-09,96500.09375,97325.28125,94745.2578125,96481.3125,27732901800,42.32219413031644,98509.4760808801,99415.60236770032,0.00018283765004545316,46.0,97508.96875,0.010454653055712705,0.00018283765004545316,-0.014015541532998443,0.4232219413031644,-0.020397858265232438,-0.029326469369636454,-0.009114527953759333,-0.6814428342341919,0.020678727329221328,0.46,1
2025-02-10,97437.5546875,98333.21875,95320.84375,96499.4609375,40078962391,45.03449360842079,98344.56509728315,99269.08031731512,0.009714611676219231,43.0,97580.3515625,0.0014655219484722868,0.009714611676219231,0.008509088503819484,0.4503449360842079,-0.00922278123743725,-0.018450111796751045,-0.009313224390482322,-0.26781933204628006,0.02069562620198044,0.43,1
2025-02-11,95747.4296875,98492.8984375,94875.0390625,97438.1328125,37488783272,41.26676460058229,97945.00580347035,99008.21730769919,-0.017345724709743937,47.0,96175.03125,0.0044659325466553405,-0.017345724709743937,-0.008756996757183111,0.4126676460058229,-0.022436836854957787,-0.03293451502177103,-0.010738618804988387,-0.3188630661574812,0.020713329132472338,0.47,1
2025-02-12,97885.859375,98151.0234375,94101.203125,95745.6953125,49340445530,47.27704770172535,97935.90635293645,98925.0796830548,0.02233406885677658,46.0,95773.3828125,-0.021581018708811843,0.02233406885677658,0.014055591890494767,0.4727704770172535,-0.0005110176624709695,-0.010505124801358345,-0.009999216915342002,0.010399716436811212,0.020329760132029844,0.46,0
2025-02-13,96623.8671875,98111.0859375,95269.7109375,97888.75,37147280860,44.39007138039803,97734.05417363853,98754.6194981989,-0.012892487184132717,50.0,95539.546875,-0.011222075291147899,-0.012892487184132717,0.0014656972114586164,0.4439007138039803,-0.011359264644502765,-0.02157622925920699,-0.010334355291389374,-0.25772465273024714,0.015700516100256412,0.5,1
2025-02-14,97508.96875,98819.46875,96342.8046875,96623.3671875,32697987277,46.84186404517771,97699.42564692492,98662.34907240639,0.009160278803397981,48.0,96635.609375,-0.008956708148961939,0.009160278803397981,0.010454653055712804,0.46841864045177706,-0.0019494167510586413,-0.011690176984940237,-0.009759786124439396,-0.3944230409848308,0.012059100522718828,0.48,1
2025-02-15,97580.3515625,97975.0390625,97240.1953125,97508.3828125,17047266288,47.04464470004015,97681.1065570134,98582.20110870962,0.0007320640697474623,50.0,98333.9375,0.007722722099615821,0.0007320640697474623,0.0014655219484722704,0.4704464470004015,-0.0010314686029337938,-0.01016258041453999,-0.009140539991621455,-1.0400654680929564,0.011227147758880103,0.5,1
2025-02-16,96175.03125,97725.59375,96060.9765625,97580.4921875,16536755396,43.524526965677516,97449.40266362672,98403.89223028668,-0.014401672980240199,54.0,96125.546875,-0.0005145241374694121,-0.014401672980240199,0.004465932546655393,0.4352452696567752,-0.013077262443830118,-0.022650130292312665,-0.00969971354818211,-0.9923743579406916,0.012254232042061271,0.54,1
2025-02-17,95773.3828125,97032.234375,95243.546875,96179.0078125,27336550690,42.54470327265458,97191.55345576108,98209.039680821,-0.004176223623530095,51.0,96577.7578125,0.008398732261287694,-0.004176223623530095,-0.021581018708811794,0.4254470327265458,-0.014591500936412038,-0.02480074009721389,-0.010360413138818525,-0.467242362815681,0.012313897357478764,0.51,1
2025-02-18,95539.546875,96695.375,93388.8359375,95773.8125,37325720482,41.952566179880776,96937.39859718246,98011.29947298241,-0.0024415545387781457,47.0,96273.921875,0.007686607525581275,-0.0024415545387781457,-0.011222075291147937,0.41952566179880774,-0.014420148904460972,-0.025219057509422882,-0.010956908862288728,-0.14413166878527447,0.01232532326134822,0.47,1
2025-02-19,96635.609375,96855.59375,95011.96875,95532.53125,28990872862,45.76305533449424,96890.96948607746,97909.39650276149,0.011472343504350446,44.0,91418.171875,-0.053990837681308926,0.011472343504350446,-0.00895670814896199,0.4576305533449424,-0.0026355408809709546,-0.013009855777484702,-0.010401729078733601,-0.38173009939839625,0.012938665160793892,0.44,0
2025-02-20,98333.9375,98767.1953125,96442.671875,96632.6796875,31668022771,51.117584948516885,97112.96456514247,97940.84398403841,0.017574558032842136,49.0,88736.171875,-0.09760379650209776,0.017574558032842136,0.007722722099615886,0.5111758494851688,0.01257270788019782,0.004013581055373194,-0.008452851591016164,-0.27670519663074555,0.013790521286912941,0.49,0
2025-02-21,96125.546875,99497.96875,94852.9609375,98340.671875,49608706470,44.908926629724185,96961.0541512744,97806.37753151705,-0.02245807176184722,55.0,84347.0234375,-0.12253270665722805,-0.02245807176184722,-0.0005145241374694409,0.44908926629724183,-0.008616936806100206,-0.017185286879430994,-0.00864282474801048,0.14632967593388763,0.014616293057123643,0.55,0
2025-02-22,96577.7578125,96950.15625,95765.34375,96134.203125,18353824477,46.346001439266836,96902.08548377064,97715.36866344171,0.0047043783073406065,49.0,84704.2265625,-0.12294270978056622,0.0047043783073406065,0.008398732261287734,0.4634600143926684,-0.003346962757834193,-0.011642087283730729,-0.00832298123412123,-0.7943909603814512,0.01261503905309342,0.49,0
2025-02-23,96273.921875,96671.875,95270.453125,96577.8046875,16999478976,45.48743801887114,96805.44492857516,97608.59482726084,-0.0031460239332733453,50.0,84373.0078125,-0.12361513721183907,-0.0031460239332733453,0.007686607525581257,0.4548743801887114,-0.00549063179212006,-0.013673723657458892,-0.008228270267664595,-0.7419300234697889,0.011977953045169432,0.5,0
2025-02-24,91418.171875,96503.453125,91371.7421875,96277.9609375,44046480529,34.49069804479862,95976.6336895636,97150.04497894521,-0.05043681513571874,49.0,86031.9140625,-0.05891889656101264,-0.05043681513571874,-0.05399083768130897,0.3449069804479862,-0.04749553760457936,-0.05900021050105997,-0.01207834015553888,0.2515337195699013,0.019323283369230875,0.49,0
2025-02-25,88736.171875,92511.078125,86008.234375,91437.1171875,92139104128,30.15447695812159,94862.71648732305,96526.7951193937,-0.029337712021491935,25.0,94248.3515625,0.062118745614413516,-0.029337712021491935,-0.09760379650209772,0.3015447695812159,-0.06458327190263169,-0.08070943653270068,-0.01723955125633625,0.9286888591808979,0.020423065453456304,0.25,2
2025-02-26,84347.0234375,89286.25,82131.8984375,88638.890625,64597492134,24.684969627940703,93244.91755658104,95624.5898096238,-0.04946290046952739,21.0,86065.671875,0.020375922794400626,-0.04946290046952739,-0.12253270665722804,0.24684969627940703,-0.09542497706303188,-0.11793584050479033,-0.024885568218178666,0.5474070915822876,0.02408432807264414,0.21,1
2025-02-27,84704.2265625,87000.78125,83144.9609375,84076.859375,52659591954,25.863519695164428,91930.96509595319,94815.67401354056,0.004234922709094535,10.0,87222.1953125,0.02972660104678587,0.004234922709094535,-0.1229427097805662,0.2586351969516443,-0.07861049349270144,-0.10664320594922472,-0.030424388663581103,0.34721207046667246,0.02456001015269509,0.1,1
2025-02-28,84373.0078125,85036.3203125,78248.9140625,84705.625,83610570576,25.46559169398178,90768.20243696038,94042.14318383386,-0.003910297790814532,16.0,90623.5625,0.07408239731586255,-0.003910297790814532,-0.12361513721183903,0.25465591693981776,-0.0704563322040217,-0.10281704610275211,-0.034813548862594246,0.7305547379684568,0.024501285933958,0.16,2
2025-03-01,86031.9140625,86522.3046875,83794.234375,84373.8671875,29190628396,31.17698637114792,90039.5426870434,93448.79287854987,0.019661575342751147,20.0,89961.7265625,0.04567854316416918,0.019661575342751147,-0.05891889656101268,0.3117698637114792,-0.04450965103713367,-0.07936837478135395,-0.03648254928169348,-0.3235757939293706,0.02549263329129995,0.2,2
2025-03-02,94248.3515625,95043.4375,85040.2109375,86036.2578125,58398341092,51.14519300793623,90687.05174480595,93508.01944773136,0.09550452979612856,26.0,86742.671875,-0.07963725161307116,0.09550452979612856,0.06211874561441344,0.5114519300793623,0.039270212772111845,0.007917311468482735,-0.0301681900609847,0.3474134813994609,0.041910521310180686,0.26,0
2025-03-03,86065.671875,94429.75,85081.3046875,94248.421875,70072228536,39.00720108746511,89976.07022637427,92956.73444234386,-0.08682040111941614,33.0,86154.59375,0.0010331863222905909,-0.08682040111941614,0.020375922794400703,0.39007201087465115,-0.04346042610591849,-0.07413193469718993,-0.03206507020551952,0.4909259116533841,0.04942065188377326,0.33,1
2025-03-04,87222.1953125,88911.2734375,81529.2421875,86064.0703125,68095241474,41.13363935757121,89552.39716270131,92531.95376605913,0.013437685575495406,15.0,80601.0390625,-0.07591136896150913,0.013437685575495406,0.029726601046785817,0.4113363935757121,-0.026020541314686785,-0.057382971367743396,-0.032200299270571886,0.44067763898117746,0.04978325845726374,0.15,0
2025-03-05,90623.5625,90998.2421875,86379.7734375,87222.953125,50498988027,46.98742577820484,89717.19182997802,92390.59145005474,0.03899657851208138,20.0,78532.0,-0.13342625434748276,0.03899657851208138,0.07408239731586264,0.4698742577820484,0.010102530535503584,-0.019125637387113925,-0.028935842688288527,0.1266058566096293,0.05206777586247726,0.2,0
2025-03-06,89961.7265625,92804.9375,87852.140625,90622.359375,47749810486,46.028298769874525,89754.81255805833,92210.67553245809,-0.007303133084179958,25.0,82862.2109375,-0.07891706724934501,-0.007303133084179958,0.04567854316416908,0.46028298769874526,0.0023053249017463973,-0.02438924730755776,-0.02663317408986221,0.05385455751561594,0.0495962821246066,0.25,0
2025-03-07,86742.671875,91191.046875,84717.6796875,89963.28125,65945677657,41.58233394431839,89291.40629912628,91805.63822449824,-0.0357824911826653,34.0,83722.359375,-0.03481922374206323,-0.0357824911826653,-0.07963725161307111,0.41582333944318395,-0.028544005854135746,-0.05514875172609157,-0.027386465297738583,0.32408435148707593,0.05005242687994998,0.34,0
2025-03-08,86154.59375,86847.265625,85247.484375,86742.65625,18206118081,40.80686276794099,88808.81975310686,91387.04233749837,-0.006779571257010009,28.0,81066.703125,-0.05905536087563526,-0.006779571257010009,0.0010331863222905469,0.40806862767940993,-0.02988696404800495,-0.05725591346062597,-0.028212124152896423,-0.9647379389508077,0.04721358014903059,0.28,0
2025-03-09,80601.0390625,86471.1328125,80052.484375,86154.3046875,30899345977,34.301259483034514,87546.08426224427,90588.07913194293,-0.0644603432710168,27.0,83969.1015625,0.04178683723156872,-0.0644603432710168,-0.07591136896150918,0.34301259483034513,-0.07933016374485002,-0.11024673627196191,-0.03358052073571338,-0.43948243144646887,0.05180797496089899,0.27,2
2025-03-10,78532.0,83955.9296875,77420.59375,80597.1484375,54061099422,32.23911183095181,86159.30206805284,89695.03623328048,-0.02567012890361897,20.0,84343.109375,0.07399670675648143,-0.02567012890361897,-0.1334262543474828,0.3223911183095181,-0.08852557860819743,-0.1244554515173778,-0.03941950763063229,0.10259808762107625,0.05227056300910173,0.2,2
2025-03-11,82862.2109375,83577.7578125,76624.25,78523.875,54702837196,40.324990723590936,85652.05727873702,89188.90102618563,0.05513944554449135,24.0,82579.6875,-0.0034095570743712996,0.05513944554449135,-0.078917067249345,0.40324990723590937,-0.03257185442911237,-0.07093584533380592,-0.03965564892889761,0.08839011185265264,0.05531524621957364,0.24,1
2025-03-12,83722.359375,84358.578125,80635.25,82857.375,40353484454,41.810388053742756,85355.1806781621,88783.97201498669,0.010380466895202334,34.0,84075.6875,0.004220236118972848,0.010380466895202334,-0.034819223742063254,0.41810388053742753,-0.019129726985392614,-0.05701043245882598,-0.03861948569101881,-0.22448275030024098,0.04396448611660576,0.34,1
2025-03-13,81066.703125,84301.6953125,79931.8515625,83724.921875,31412940153,38.61455342708287,84695.41490075254,88212.32246758026,-0.0317197970748182,45.0,82718.5,0.020375774656248548,-0.0317197970748182,-0.05905536087563523,0.38614553427082865,-0.042844252903238345,-0.08100477510051296,-0.03986866537971778,-0.4567641484644851,0.036148323119750136,0.45,1
2025-03-14,83969.1015625,85263.2890625,80797.5625,81066.9921875,29588112414,43.68122929920016,84583.67438717523,87898.00980794469,0.03580259620308812,27.0,86854.2265625,0.03435936488914961,0.03580259620308812,0.04178683723156862,0.43681229299200164,-0.007265856314802144,-0.044698489238030215,-0.03770660368774237,-0.5278727066321746,0.03808181286420013,0.27,2
2025-03-15,84343.109375,84672.671875,83639.59375,83968.40625,13650491277,44.319012328166274,84546.66438530212,87634.68384994878,0.004454112352525463,46.0,84167.1953125,-0.0020856957231427655,0.004454112352525463,0.07399670675648151,0.44319012328166274,-0.0024076054541248837,-0.0375601797181665,-0.035237412049481165,-1.2981260700473027,0.035300151654212554,0.46,1
2025-03-16,82579.6875,85051.6015625,82017.90625,84333.3203125,21330270174,41.90916760381456,84244.05255679411,87260.2396758785,-0.020907717157540473,30.0,84043.2421875,0.017722938071181246,-0.020907717157540473,-0.0034095570743712944,0.41909167603814557,-0.019756469522546505,-0.053639002061695695,-0.03456542327052725,-0.8287933620100637,0.03559147941983306,0.3,1
2025-03-17,84075.6875,84725.328125,82492.15625,82576.3359375,25092785558,44.6583957666788,84218.15024036425,87024.34692210973,0.018115835083536647,32.0,83832.484375,-0.00289266888242811,0.018115835083536647,0.004220236118972931,0.446583957666788,-0.0016915918950684006,-0.033883154845722685,-0.03224611020933188,-0.5952594739797779,0.03498495873478446,0.32,1
2025-03-18,82718.5,84075.71875,81179.9921875,84075.71875,24095774594,42.684751476236556,83987.43481876975,86705.39529824974,-0.016142449028442418,34.0,86054.375,0.04032804028119465,-0.016142449028442418,0.020375774656248513,0.42684751476236554,-0.015108626921489954,-0.04598209009411236,-0.0313470744251928,-0.590281052505236,0.03523469466771871,0.34,2
2025-03-19,86854.2265625,87021.1875,82569.7265625,82718.8046875,34931960257,49.944392564271965,84428.47970242056,86716.41983634235,0.049997601050550955,32.0,87498.9140625,0.007422638200987089,0.049997601050550955,0.03435936488914959,0.49944392564271967,0.02873138150336607,0.0015891653093811353,-0.026384162748413265,-0.198319093195355,0.03163911748963896,0.32,1
2025-03-20,84167.1953125,87443.265625,83647.1953125,86872.953125,29028988961,45.878466762175755,84388.28210397124,86527.5883901318,-0.030937253791171848,49.0,87471.703125,0.03926123236292792,-0.030937253791171848,-0.0020856957231427664,0.45878466762175757,-0.002619875484594525,-0.02727908082898789,-0.024723979091095694,-0.3172102228125848,0.03229788825401215,0.49,2
2025-03-21,84043.2421875,84782.2734375,83171.0703125,84164.5390625,19030452299,45.69366837127341,84335.19903989874,86343.56274549241,-0.0014727011460912154,31.0,86900.8828125,0.03400202741613204,-0.0014727011460912154,0.017722938071181193,0.4569366837127341,-0.0034618623744590016,-0.02664148298782698,-0.02326014403081278,-0.7266396872003202,0.0276277419238857,0.31,2
2025-03-22,83832.484375,84513.875,83674.78125,84046.2578125,9863214091,45.35911550696,84257.85832222202,86157.55694027075,-0.0025077306278807887,32.0,87177.1015625,0.03989643409038002,-0.0025077306278807887,-0.0028926688824281177,0.4535911550696,-0.005048478037446569,-0.026986287074999282,-0.022049123553557926,-1.3202254374578675,0.027480991580268566,0.32,2
2025-03-23,86054.375,86094.78125,83794.9140625,83831.8984375,12594615537,49.552565690638666,84534.24550341863,86149.91383358403,0.026503933905394295,30.0,84353.1484375,-0.019769204790575725,0.026503933905394295,0.040328040281194744,0.49552565690638667,0.017982410412829664,-0.0011089835071521614,-0.018754149113676233,-0.9947547676270906,0.02603337667363851,0.3,0
2025-03-24,87498.9140625,88758.7265625,85541.1953125,86070.9296875,34582604933,52.12505372925965,84990.34835866191,86249.8397764667,0.016786352378946434,45.0,82597.5859375,-0.05601587376843337,0.016786352378946434,0.007422638200986986,0.5212505372925965,0.029515889183697297,0.014482047610413051,-0.014602826174158756,0.06577963858823051,0.024273150043295683,0.45,0
2025-03-25,87471.703125,88542.3984375,86346.078125,87512.8203125,30005840049,52.07118823284292,85372.09524579084,86340.34817265435,-0.0003109860024155253,46.0,82334.5234375,-0.05872961773887948,-0.0003109860024155253,0.039261232362928,0.5207118823284292,0.02459360840523206,0.013103432824747019,-0.011214373666032729,-0.04402384822512942,0.02431845964056453,0.46,0
2025-03-26,86900.8828125,88292.15625,85861.453125,87460.234375,26704046038,50.88328813891926,85607.29333297687,86381.86925708735,-0.00652577110204744,47.0,82548.9140625,-0.050079683993428936,-0.00652577110204744,0.03400202741613212,0.5088328813891926,0.0151107391573706,0.0060083621699360545,-0.008966880790750364,-0.12646571359019865,0.023081300589136437,0.47,0
2025-03-27,87177.1015625,87786.7265625,85837.9375,86896.2578125,24413471941,51.460343587980816,85848.80229136505,86440.77535378459,0.003178549412391707,40.0,85169.171875,-0.023032764929222294,0.003178549412391707,0.03989643409038002,0.5146034358798082,0.015472542839057857,0.008518273993977754,-0.006848308104557277,-0.14515883189067966,0.022642572342114975,0.4,0
2025-03-28,84353.1484375,87489.859375,83557.640625,87185.234375,34198619509,45.56620753326485,85618.70169846274,86286.13632294869,-0.032393289916566204,44.0,82485.7109375,-0.02213832600905994,-0.032393289916566204,-0.019769204790575756,0.4556620753326485,-0.014781271332749757,-0.022402067908267043,-0.0077351316553090355,0.16395720196162736,0.024724863411332447,0.44,0
2025-03-29,82597.5859375,84567.3359375,81634.140625,84352.0703125,16969396135,42.3209693534726,85153.91465831464,86012.91036847101,-0.020812056603918605,26.0,83102.828125,0.006116912277343154,-0.020812056603918605,-0.05601587376843342,0.423209693534726,-0.030020096328772006,-0.03970711392441084,-0.009986822983625632,-0.5125292421663161,0.0190027092341232,0.26,1
2025-03-30,82334.5234375,83505.0,81573.25,82596.984375,14763760943,41.84010368017416,84720.1621628047,85740.43726247316,-0.0031848691098436133,32.0,83843.8046875,0.018331086244103824,-0.0031848691098436133,-0.058729617738879525,0.4184010368017416,-0.028159043424872965,-0.03972354158338143,-0.011899578917998088,-0.5798876974037872,0.01665027452783192,0.32,1
2025-03-31,82548.9140625,83870.125,81293.890625,82336.0625,29004228247,42.414370623779284,84386.12399352706,85504.02813654923,0.0026038970780313253,34.0,83504.796875,0.011579592819068164,0.0026038970780313253,-0.05007968399342888,0.42414370623779285,-0.021771469574405122,-0.034561109440714666,-0.013074286292534487,0.1453408865979979,0.016716402142296246,0.34,1
2025-04-01,85169.171875,85487.3671875,82429.359375,82551.921875,28175650319,49.037508064666746,84506.59289836904,85479.22396902705,0.0317418810684309,34.0,78214.484375,-0.08165733383209557,0.0317418810684309,-0.023032764929222238,0.49037508064666746,0.007840559581283824,-0.003627221675987613,-0.01137856692534367,0.1409342072014608,0.019756942016298785,0.34,0
2025-04-02,82485.7109375,88466.953125,82343.5390625,85180.609375,47584398470,43.517389324032614,84195.68798131227,85257.48226298801,-0.031507420800550134,44.0,79235.3359375,-0.03940530987800823,-0.031507420800550134,-0.02213832600905996,0.4351738932403261,-0.020309556045100652,-0.03251059322791294,-0.012453971821505316,0.6324742039698956,0.020195749617278276,0.44,0
2025-04-03,83102.828125,83909.296875,81282.1015625,82487.4765625,36852112080,45.049357863992554,84027.55569572576,85097.87825276666,0.007481504135517403,25.0,76271.953125,-0.08219786443038096,0.007481504135517403,0.006116912277343234,0.45049357863992556,-0.011005051415208578,-0.023444181790769902,-0.012577546926160865,0.3626175761647965,0.019325057646020816,0.25,0
2025-04-04,83843.8046875,84696.1484375,81670.75,83100.25,45157640207,46.911268967470555,83999.28630984487,85004.98391459876,0.008916382019940938,28.0,82573.953125,-0.0151454429725959,0.008916382019940938,0.018331086244103734,0.46911268967470554,-0.0018509874211473099,-0.01366013113143294,-0.011831042821727644,0.5062445366619834,0.019787156747732168,0.28,0
2025-04-05,83504.796875,84207.015625,82377.734375,83844.703125,14380803631,46.14096390550113,83923.21101217643,84893.85894870256,-0.004043325726492686,30.0,79626.140625,-0.04644830471004005,-0.004043325726492686,0.011579592819068063,0.4614096390550113,-0.004985678361564605,-0.016362338700398937,-0.011433664914592412,-0.6251726862737518,0.01976820986287421,0.3,0
2025-04-06,78214.484375,83704.71875,77097.7421875,83504.5078125,36294853736,36.161840370855,83044.94537568775,84399.09046176163,-0.06335339642726368,34.0,83404.8359375,0.06636049069395913,-0.06335339642726368,-0.08165733383209561,0.36161840370855003,-0.05816682735878964,-0.07327811298587006,-0.01604454596210847,0.2799795399478239,0.027022719883182767,0.34,2
2025-04-07,79235.3359375,81119.0625,74436.6796875,78221.3359375,91262424987,38.90757798802386,82458.85161596656,84016.59012663114,0.013051950296130821,23.0,85287.109375,0.07637720425989707,0.013051950296130821,-0.03940530987800828,0.3890757798802386,-0.03909241537196462,-0.05690845322244997,-0.018540844234653298,1.0865506756417929,0.026743252485016508,0.23,2
2025-04-08,76271.953125,80823.890625,76198.0234375,79218.4765625,48314590749,34.29616443858035,81507.02107889479,83442.9133116955,-0.03739976334343409,24.0,83684.9765625,0.09719199697628039,-0.03739976334343409,-0.08219786443038091,0.34296164438580345,-0.06422842946042029,-0.08593851655093654,-0.023200199465343685,0.42904576784260806,0.028242628517317486,0.24,2
2025-04-09,82573.953125,83541.0,74589.671875,76273.5625,84213627038,48.323324832110934,81671.16447060328,83378.5458904588,0.0826253916648998,18.0,84542.390625,0.023838479635584237,0.0826253916648998,-0.015145442972595902,0.48323324832110937,0.011053946154051308,-0.009649877637778248,-0.020477466974521796,0.9005956479861388,0.04021931050129911,0.18,1
2025-04-10,79626.140625,82700.9296875,78456.1328125,82565.9765625,44718000633,43.63107532481379,81356.54541743355,83100.58994486927,-0.0356990599146636,39.0,83668.9921875,0.05077291867679289,-0.0356990599146636,-0.04644830471004002,0.43631075324813795,-0.02126939859054966,-0.041810164310196685,-0.02098714977345839,0.23076751121395853,0.041841991602177414,0.39,2
2025-04-11,83404.8359375,84247.4765625,78936.3203125,79625.046875,41656778779,50.29393105412867,81671.66703590531,83123.12668506413,0.04745546227457886,25.0,84033.8671875,0.0075419038108458,0.04745546227457886,0.06636049069395922,0.5029393105412867,0.02122117699437598,0.0033890598642085656,-0.017461562227538585,0.11605273686431077,0.04354452730543346,0.25,1
2025-04-12,85287.109375,85856.1875,82769.375,83404.515625,24258059104,53.25777647633001,82227.88893422757,83283.42169913344,0.022567917271733462,43.0,84895.75,-0.004588728330318089,0.022567917271733462,0.07637720425989714,0.5325777647633001,0.03720417099871609,0.024058661795921532,-0.012673984129987548,-0.44026232386635455,0.042718978785539485,0.43,1
2025-04-13,83684.9765625,86015.1875,83027.0078125,85279.46875,28796984817,50.49771748269728,82452.0562616541,83313.16650382726,-0.01878516957885823,45.0,84450.8046875,0.009151321497091445,-0.01878516957885823,0.09719199697628045,0.5049771748269728,0.01495317832866827,0.004462800710565373,-0.010335824195730314,-0.26103268633784915,0.04329571575651722,0.45,1
2025-04-14,84542.390625,85785.0,83690.640625,83694.5234375,34090769777,51.93339067856847,82773.64616370732,83404.22014243266,0.010245734631468162,31.0,85063.4140625,0.006162866150912089,0.010245734631468162,0.023838479635584164,0.5193339067856847,0.02136844929839743,0.013646437561836144,-0.00756045650506032,-0.09772498109814828,0.043322934680743955,0.31,1
2025-04-15,83668.9921875,86429.3515625,83598.8203125,84539.6953125,28040322885,50.33205806587892,82911.39170582927,83423.83288651172,-0.01033089354397465,38.0,85174.3046875,0.01799128279956611,-0.01033089354397465,0.0507729186767929,0.5033205806587892,0.009137471535379582,0.0029387201775035177,-0.006142623312208273,-0.29488390519454516,0.04346041998478871,0.38,1
2025-04-16,84033.8671875,85428.28125,83100.6171875,83674.5078125,29617804112,51.01164359093527,83084.08024147093,83469.02061251085,0.004360934564412222,29.0,87518.90625,0.04147183961823428,0.004360934564412222,0.00754190381084574,0.5101164359093527,0.011431635799164619,0.006767140321573217,-0.004611775341499813,-0.2470381655804818,0.03712675672421045,0.29,2
2025-04-17,84895.75,85449.0703125,83749.75,84030.671875,21276866029,52.65939083085816,83362.79866586001,83574.70427084339,0.01025637449930672,30.0,93441.890625,0.10066629513255963,0.01025637449930672,-0.004588728330318093,0.5265939083085815,0.01838891398409559,0.015806765224983144,-0.002535523240341342,-0.5606073349639517,0.03709340398636557,0.3,2
2025-04-18,84450.8046875,85095.046875,84298.8828125,84900.1875,12728372364,51.69273836732125,83530.18420765077,83639.60059800313,-0.005241078764249063,33.0,93699.109375,0.10951114938125497,-0.005241078764249063,0.009151321497091525,0.5169273836732124,0.011021410865808878,0.009698803960049407,-0.0013081888192920665,-1.0686885506413,0.03403316037810595,0.33,2
2025-04-19,85063.4140625,85597.703125,84353.4609375,84450.8671875,15259300427,52.97272671443837,83766.06572378143,83745.06826203993,0.007254038339443714,32.0,93943.796875,0.1043972066060642,0.007254038339443714,0.006162866150912105,0.5297272671443838,0.015487755423497784,0.015742369405383316,0.0002507307257282321,-0.8880012666985728,0.022856316118455112,0.32,2
2025-04-20,85174.3046875,85306.3828125,83976.84375,85066.0703125,14664050812,53.21438506911518,83982.71787204583,83850.93762688883,0.0013036230231544543,37.0,94720.5,0.11207834742560545,0.0013036230231544543,0.017991282799566077,0.5321438506911518,0.014188476458569133,0.0157823764177778,0.001571601330725425,-0.9082674840355018,0.01842286212507587,0.37,2
2025-04-21,87518.90625,88460.09375,85143.8359375,85171.5390625,41396190190,58.11519051890764,84526.74685326955,84122.63900637854,0.027527099529631727,39.0,94646.9296875,0.08144552694864145,0.027527099529631727,0.04147183961823431,0.5811519051890763,0.035398965512354996,0.04037280907656671,0.004803794218347868,0.11150913409172479,0.01412633834622273,0.39,2
2025-04-22,93441.890625,93817.3828125,87084.53125,87521.875,55899038456,67.4042595715723,85898.30743353578,84812.95394109124,0.06767662701452015,47.0,93754.84375,0.003349173726117552,0.06767662701452015,0.10066629513255965,0.674042595715723,0.08781992820174134,0.10174078702531908,0.01279702500632629,0.4007025770865269,0.024082774566055197,0.47,1
2025-04-23,93699.109375,94535.734375,91962.9609375,93427.5859375,41719568821,67.73887188351094,87098.43080914566,85471.18767693633,0.0027527134594511615,72.0,94978.75,0.013656913427839078,0.0027527134594511615,0.10951114938125506,0.6773887188351094,0.07578412727455519,0.09626544244551205,0.0190384991297885,0.1016470642478473,0.022166199242835454,0.72,1
2025-04-24,93943.796875,94016.1953125,91696.7109375,93692.3984375,31483175315,68.07461801084175,88151.56405004633,86098.78835827438,0.0026114175645013393,63.0,94284.7890625,0.0036297467085955482,0.0026114175645013393,0.10439720660606411,0.6807461801084175,0.06570765802482237,0.09111636372954468,0.023842097326967515,-0.16156135513671238,0.02234800096719078,0.63,1
2025-04-25,94720.5,95768.390625,92898.59375,93954.25,40915232364,69.17138270273747,89162.16958080843,86737.43366506886,0.008267742531563593,60.0,94207.3125,-0.005417913756789713,0.008267742531563593,0.11207834742560552,0.6917138270273747,0.0623395599874228,0.0920371516380949,0.02795489575011567,0.0652617021581808,0.021133358380776072,0.6,1
2025-04-26,94646.9296875,95251.359375,93927.25,94714.6484375,17612825123,68.92982728618372,90005.97882799176,87323.32225932303,-0.0007767095032226168,65.0,96492.3359375,0.019497793072559885,-0.0007767095032226168,0.08144552694864138,0.6892982728618372,0.051562695278026593,0.08386771413057481,0.030720963188987094,-0.7529417351177893,0.021418514374860514,0.65,1
2025-04-27,93754.84375,95301.203125,93665.3984375,94660.90625,18090367764,65.92361190001287,90582.72727753149,87799.73125863244,-0.00942540809771053,61.0,96910.0703125,0.033654011209420846,-0.00942540809771053,0.003349173726117538,0.6592361190001287,0.03501899940316022,0.06782609019412056,0.031697090401121564,-0.6232332031915234,0.022490662215909996,0.61,2
2025-04-28,94978.75,95598.4921875,92860.8046875,93755.3046875,32363449569,67.98648452689889,91259.03846560357,88331.51042465967,0.013054325526514532,54.0,95891.796875,0.009613170051195663,0.013054325526514532,0.013656913427839035,0.6798648452689889,0.040759924681853965,0.07525332175781063,0.03314251083072861,-0.017659229073954112,0.021829897381115213,0.54,1
2025-04-29,94284.7890625,95485.4140625,93796.6328125,94981.859375,25806129921,65.56295167788002,91724.53855743379,88772.49402746266,-0.007306486319308303,60.0,94315.9765625,0.00033077976108454,-0.007306486319308303,0.003629746708595505,0.6556295167788002,0.027912383592566092,0.0620946284705266,0.033254045211998706,-0.15124058815594102,0.022653501038533363,0.6,1
2025-04-30,94207.3125,95249.3203125,92979.640625,94286.46875,28344679831,65.28315185110043,92106.50377936705,89175.07317357653,-0.0008217291810309613,56.0,94748.0546875,0.005739917349834175,-0.0008217291810309613,-0.005417913756789683,0.6528315185110043,0.022808473174329214,0.05643100865898232,0.032872758064179886,-0.029763545552456114,0.022759802829239204,0.56,1
2025-05-01,96492.3359375,97437.9609375,94153.6328125,94212.859375,32875889623,69.42723668001445,92781.24718831059,89717.09263757087,0.02425526614507767,53.0,96802.4765625,0.003214147755743878,0.02425526614507767,0.019497793072559944,0.6942723668001445,0.03999826324448219,0.07551786511070979,0.03415352036782959,0.13368608346374833,0.022507652544906293,0.53,1
2025-05-02,96910.0703125,97905.8984375,96375.9453125,96494.96875,26421924677,70.12922372101409,93416.4507458782,90249.90579867673,0.0043291974532626565,67.0,97032.3203125,0.0012614788081959684,0.0043291974532626565,0.0336540112094208,0.7012922372101409,0.037398333363419356,0.07379691374615183,0.03508640722866985,-0.08861394475152272,0.009816486034925952,0.67,1
2025-05-03,95891.796875,96943.8828125,95821.2890625,96904.6328125,15775154889,66.14243289707062,93797.27322728156,90667.82365618215,-0.010507405827035687,65.0,103241.4609375,0.07664538888639946,-0.010507405827035687,0.009613170051195663,0.6614243289707062,0.022330325559072106,0.05761661643746363,0.03451554746661256,-0.5815612549027962,0.01080371483168975,0.65,2
2025-05-04,94315.9765625,96318.921875,94173.4296875,95877.1875,18198688416,60.418177505568295,93877.07374039208,90938.05720479829,-0.016433317174712747,64.0,102970.8515625,0.09176467567257503,-0.016433317174712747,0.000330779761084532,0.6041817750556829,0.004675292961534572,0.03714527736274831,0.03231888414962447,-0.4100854824255241,0.012327219979191482,0.64,2
2025-05-05,94748.0546875,95193.1875,93566.265625,94319.5625,25816260327,61.40449299962171,94011.07080917791,91220.27924055397,0.0045811763897039,52.0,104696.328125,0.1049971260128939,0.0045811763897039,0.005739917349834256,0.6140449299962171,0.007839330750928353,0.03867314895674734,0.03059398186300699,-0.05636733709991752,0.01212130128115715,0.52,2
2025-05-06,96802.4765625,96889.1796875,93399.859375,94748.3828125,26551275827,65.77182178034639,94440.51784815054,91633.77533847588,0.02168299794413664,59.0,104106.359375,0.07545140446674717,0.02168299794413664,0.0032141477557439124,0.6577182178034638,0.025010014432017558,0.056406070850317125,0.03062999968414637,-0.022664631906430567,0.013893149125109349,0.59,2
2025-05-07,97032.3203125,97625.8046875,95829.3359375,96800.1953125,76983822462,66.23219465241735,94839.25668881969,92033.66755877396,0.0023743581586117557,67.0,102812.953125,0.059574302602298186,0.0023743581586117557,0.0012614788081959372,0.6623219465241735,0.023124006874875036,0.05431330605763196,0.030484378211419694,0.9442239243897719,0.013269886135890857,0.67,2
2025-05-08,103241.4609375,103969.5390625,96913.875,97034.25,69895404397,75.72930734090447,96131.90349630897,92863.87447571663,0.06399043746457878,65.0,104169.8125,0.008992042093069592,0.06399043746457878,0.07664538888639938,0.7572930734090447,0.07395627447930453,0.11175052215269199,0.03519160749045547,0.75646098200708,0.023312002621091076,0.65,1
2025-05-09,102970.8515625,104297.4921875,102343.09375,103239.125,58198593958,74.74267932513911,97184.04935264605,93612.53944510799,-0.002621130818400763,73.0,103539.4140625,0.005521586850769131,-0.002621130818400763,0.09176467567257496,0.747426793251391,0.059544773534345286,0.09996857443312379,0.03815204596209365,0.5099259563766457,0.023001478232480804,0.73,1
2025-05-10,104696.328125,104961.765625,102830.484375,102973.7109375,42276713994,76.81671114393669,98339.78454839281,94433.5608288037,0.016756941758927724,70.0,103744.640625,-0.009089979725590305,0.016756941758927724,0.1049971260128939,0.7681671114393669,0.06463857538226714,0.10867711866548602,0.041364782661013955,0.15155903051761205,0.022831501844049806,0.7,1
2025-05-11,104106.359375,104937.9921875,103364.7421875,104701.0703125,46285517406,74.56220458088298,99226.94990633237,95150.06442481825,-0.005635047193781384,70.0,103489.2890625,-0.00592730661416427,-0.005635047193781384,0.07545140446674714,0.7456220458088297,0.049174236165413276,0.09412810179711917,0.042846901955966965,0.235445419820552,0.022836770936521165,0.7,1
2025-05-12,102812.953125,105747.453125,100814.40625,104106.9609375,63250475404,69.7304081112376,99778.64270920432,95717.6858100169,-0.01242389281274392,70.0,103191.0859375,0.003677871328530619,-0.01242389281274392,0.059574302602298124,0.697304081112376,0.030410419839433045,0.07412702527165127,0.042426400772451967,0.5377194893050246,0.023721279817688064,0.7,1
2025-05-13,104169.8125,104997.421875,101515.09375,102812.4921875,52608876410,71.79529391320833,100454.20729240365,96343.76926853416,0.013197358248725033,70.0,106446.0078125,0.02185081510538382,0.013197358248725033,0.008992042093069585,0.7179529391320832,0.03698804965710312,0.08123040328277686,0.0426642849358807,0.3388713689396599,0.02304353281100917,0.7,1
2025-05-14,103539.4140625,104303.5625,102618.296875,104167.328125,45956071155,69.42569585325387,100928.85448780308,96876.77999401311,-0.006051642240404331,73.0,105606.1796875,0.019961148551144284,-0.006051642240404331,0.0055215868507692,0.6942569585325387,0.025865344335324725,0.06877431381285204,0.041827097205753505,0.1845529108378715,0.022003449417606513,0.73,1
2025-05-15,103744.640625,104153.6171875,101440.8125,103538.828125,50408241840,69.77543312679478,101362.05235506414,97385.51041112324,0.00198211052629782,70.0,106791.0859375,0.029364845202094023,0.00198211052629782,-0.009089979725590336,0.6977543312679478,0.023505722453111222,0.06529852528400815,0.04083299381143579,0.26467644364669274,0.022084325887242722,0.7,1
2025-05-16,103489.2890625,104533.484375,103137.4765625,103735.65625,44386499364,68.72208650312194,101689.3195408235,97837.64216307708,-0.0024613470244020386,71.0,109678.078125,0.05980125207703786,-0.0024613470244020386,-0.005927306614164296,0.6872208650312195,0.017700674267506544,0.05776556726502746,0.039368051933696524,0.10343854476860093,0.021902237332514347,0.71,2
2025-05-17,103191.0859375,103716.9453125,102659.1796875,103489.2890625,37898552742,67.44165792528281,101920.36052492759,98234.19355377508,-0.0028814878109744146,74.0,111673.28125,0.08219891510432822,-0.0028814878109744146,0.003677871328530591,0.6744165792528282,0.012467826899627443,0.05045994886710625,0.037524275792365946,-0.0790276373422165,0.022085488849208676,0.74,2
2025-05-18,106446.0078125,106597.171875,103142.6015625,103186.953125,49887082058,73.2912507243949,102616.61395378488,98842.47609145842,0.03154266519659865,74.0,107287.796875,0.007908131829450802,0.03154266519659865,0.02185081510538378,0.732912507243949,0.03731748409121893,0.07692575117205758,0.03818336014603951,0.17468409793681544,0.013329875327123663,0.74,1
2025-05-19,105606.1796875,107068.71875,102112.6875,106430.53125,61761126647,69.80633164214616,103076.5471435872,99343.49117264668,-0.007889709931436006,74.0,107791.15625,0.020689855167240968,-0.007889709931436006,0.019961148551144392,0.6980633164214616,0.024541300751847794,0.06304075325850533,0.037577257723436785,0.34617681930532856,0.013682361059463665,0.74,1
2025-05-20,106791.0859375,107307.1171875,104206.515625,105605.40625,36515726122,71.84074843533664,103648.01465034302,99895.16485893211,0.011220046530480143,71.0,109035.390625,0.02101584292169751,0.011220046530480143,0.029364845202094036,0.7184074843533663,0.030324471701268507,0.06903158014010025,0.0375678822564689,-0.18866222277524466,0.013148020829340398,0.71,1
2025-05-21,109678.078125,110724.4609375,106127.234375,106791.3125,78086364051,76.07123763045128,104575.71672336716,100619.82510086306,0.027034018449719976,70.0,109440.3671875,-0.00216735141209423,0.027034018449719976,0.0598012520770379,0.7607123763045128,0.04879107274139027,0.09002453557295276,0.039315230557583014,0.521419010177142,0.014957723055701552,0.7,1
2025-05-22,111673.28125,111970.171875,109285.0703125,109673.4921875,70157575642,78.47772631205281,105667.64972746452,101438.59963042875,0.018191448638679386,72.0,108994.640625,-0.02398640565600825,0.018191448638679386,0.08219891510432831,0.7847772631205281,0.056835100790308735,0.10089533626113978,0.04169073816519031,0.36825462608402415,0.01402490941817697,0.72,0
2025-05-23,107287.796875,111798.90625,106841.3046875,111679.359375,67548133399,63.387876292696234,105916.90313477768,101871.87350039699,-0.03927066820202352,78.0,107802.328125,0.004795804042835137,-0.03927066820202352,0.007908131829450715,0.6338787629269623,0.012943106337596433,0.05316406961517117,0.03970703095359207,0.2783995920157947,0.020394030770873532,0.78,1
2025-05-24,107791.15625,109454.5234375,106895.2890625,107278.5078125,45903627163,64.23785366497111,106205.2497678888,102310.33888925648,0.004691674073487251,66.0,105641.7578125,-0.0199403968959652,0.004691674073487251,0.020689855167240978,0.6423785366497111,0.014932467891909162,0.05357051320762518,0.03806957264454258,-0.13462700685944762,0.020137292044058095,0.66,0
2025-05-25,109035.390625,109313.3046875,106683.375,107802.2734375,47518041841,66.31933182826143,106640.65605359821,102808.49086968193,0.011543009819045436,74.0,103998.5703125,-0.04619436206564239,0.011543009819045436,0.02101584292169756,0.6631933182826143,0.022456112518645543,0.06056795214717403,0.037274792689777625,-0.12051210004853567,0.020246126922778773,0.74,0
2025-05-26,109440.3671875,110376.8828125,108735.640625,109023.78125,45950461571,66.99272746748701,107071.38084342926,103299.74096729809,0.003714175371671846,73.0,104638.09375,-0.04388027526691726,0.003714175371671846,-0.0021673514120942317,0.6699272746748701,0.02212529926680329,0.05944473977089526,0.036511610201667155,-0.17199085184052876,0.02008093315985117,0.73,0
2025-05-27,108994.640625,110744.2109375,107609.5546875,109440.40625,57450176272,65.44188142064328,107367.2669636709,103721.58538638712,-0.004072780217708405,74.0,105652.1015625,-0.030667003839208264,-0.004072780217708405,-0.02398640565600829,0.6544188142064329,0.015157074472983867,0.050838552254764746,0.03514872592530072,0.06942193364700941,0.020141531316221758,0.74,0
2025-05-28,107802.328125,109298.2890625,106812.9296875,108992.171875,49155377493,61.35054036074873,107434.19945002923,104023.86262628438,-0.010939184653144474,71.0,105881.53125,-0.017817768024200546,-0.010939184653144474,0.0047958040428350834,0.6135054036074873,0.0034265501754122685,0.0363230647595747,0.03278417795344524,-0.06697220072631065,0.018490730324111877,0.71,0
2025-05-29,105641.7578125,108910.046875,105374.3984375,107795.5703125,56022752042,54.679447087744336,107158.43919810165,104143.70671415221,-0.020041963379443528,74.0,105432.46875,-0.001981120598839903,-0.020041963379443528,-0.019940396895965162,0.5467944708774434,-0.01415363453360674,0.014384461102959989,0.028947812393735006,0.06587144711076195,0.01954025747729817,0.74,1
2025-05-30,103998.5703125,106308.9453125,103685.7890625,105646.2109375,57655287183,50.207935257907884,106672.3055233937,104132.95586958538,-0.015554336978341854,60.0,104731.984375,0.0070521552392134,-0.015554336978341854,-0.046194362065642425,0.5020793525790789,-0.02506494256194114,-0.0012905189904882652,0.024385648449166908,0.08004208388409098,0.01969726306865119,0.6,1
2025-05-31,104638.09375,104927.1015625,103136.1171875,103994.71875,38997843858,51.858027330385056,106359.34986594852,104170.37349035683,0.006149348357177731,50.0,101575.953125,-0.029264109419997915,0.006149348357177731,-0.04388027526691729,0.5185802733038506,-0.016183402005727987,0.004489954715257705,0.02101342543227358,-0.30406326034975456,0.017165888089248137,0.5,0
2025-06-01,105652.1015625,105884.546875,103826.953125,104637.296875,37397056873,54.43634326481055,106250.54243464874,104280.13112533039,0.009690618169351017,56.0,104390.34375,-0.01194257183567323,0.009690618169351017,-0.030667003839208284,0.5443634326481055,-0.005632355924364507,0.013156585270502674,0.01889536662502067,-0.3212170789092025,0.016090897864623276,0.56,1
2025-06-02,105881.53125,105958.3125,103727.546875,105649.8125,45819706290,55.023282314833885,106193.77148316431,104398.75335678739,0.0021715582000447764,64.0,105615.625,-0.0025113562947268013,0.0021715582000447764,-0.017817768024200542,0.5502328231483389,-0.002940287634607741,0.014203022981942537,0.01719386552674984,-0.11148971155438184,0.010900358379733322,0.64,1
2025-06-03,105432.46875,106813.578125,104920.84375,105888.4765625,46196508367,53.56873555114454,106076.64798575442,104475.32486739573,-0.004241178746647534,64.0,105793.6484375,0.003425696958272164,-0.004241178746647534,-0.001981120598839925,0.5356873555114454,-0.0060727714156364465,0.009161434853819372,0.015327285369929777,-0.1035344251176179,0.01072256285980018,0.64,1
2025-06-04,104731.984375,105997.6953125,104232.703125,105434.3671875,44544857105,51.291023067148146,105869.77666102297,104494.33668277384,-0.0066439151364365845,62.0,110294.1015625,0.05310810466060168,-0.0066439151364365845,0.00705215523921332,0.5129102306714814,-0.010747092531100622,0.0022742638478832067,0.013162818406367016,-0.13420354449352168,0.009626853986553921,0.62,2
2025-06-05,101575.953125,105936.6875,100436.8828125,104750.78125,57479298400,42.519028306325495,105209.18842471176,104278.16012293875,-0.030134359325224014,57.0,110257.234375,0.08546590982332955,-0.030134359325224014,-0.029264109419997908,0.42519028306325496,-0.0345334409865895,-0.025913451050085468,0.008928315389103325,0.10795594072344072,0.012222854935902068,0.57,2
2025-06-06,104390.34375,105376.7734375,101169.5703125,101574.3671875,48856653697,50.627995217722706,105083.21232090995,104286.47002123957,0.027707252931573167,45.0,108686.625,0.04115592588035711,0.027707252931573167,-0.011942571835673266,0.5062799521772271,-0.006593522938697638,0.0009960422357691012,0.007639939289421749,-0.06514122933988244,0.01654151657685169,0.45,2
2025-06-07,105615.625,105972.7578125,103987.3125,104390.6484375,38365033776,53.69096858334799,105165.12196384688,104384.9259455922,0.011737496074678777,52.0,105929.0546875,0.0029676450572536026,0.011737496074678777,-0.002511356294726763,0.5369096858334799,0.004283768494159013,0.011790007448482243,0.007474221121364977,-0.29577580961428307,0.017058777002825133,0.52,1
2025-06-08,105793.6484375,106497.0625,105075.328125,105617.5078125,36626232328,54.13617235308429,105261.81834440891,104489.2757598076,0.0016855786016509722,62.0,106090.96875,0.002810379610602509,0.0016855786016509722,0.0034256969582722174,0.5413617235308429,0.005052450180472734,0.012483316284924717,0.007393510759680089,-0.3174855751075946,0.01583325195430686,0.62,1
2025-06-09,110294.1015625,110561.421875,105400.234375,105793.0234375,55903193732,63.65010442631504,106036.01576257676,104919.26285630334,0.04253991795791734,62.0,105472.40625,-0.04371671054202029,0.04253991795791734,0.053108104660601674,0.6365010442631504,0.04015697656405193,0.05122833081240774,0.010643926347470911,0.08628737153463466,0.019597624150181722,0.62,0
2025-06-10,110257.234375,110380.125,108367.7109375,110295.6875,54700101509,63.533835604134254,106685.43401064187,105314.66815398456,-0.0003342625487465778,71.0,105552.0234375,-0.042674849992127784,-0.0003342625487465778,0.08546590982332947,0.6353383560413426,0.03347973786188896,0.04693141333160478,0.013015906337501493,0.08759716398637783,0.01970154406894914,0.71,0
2025-06-11,108686.625,110384.21875,108086.328125,110261.796875,50842662052,58.62102082775562,106993.3095474662,105564.44273517089,-0.014244955298426398,72.0,106796.7578125,-0.01738822221685511,-0.014244955298426398,0.0411559258803571,0.5862102082775562,0.015826367645750627,0.029576078686473162,0.013535493346750416,0.033927115710077234,0.0205600387266088,0.72,0
2025-06-12,105929.0546875,108780.6953125,105785.6875,108685.9140625,54843867968,51.14348163299932,106829.57803054832,105591.45102793601,-0.025371753999169577,71.0,104601.1171875,-0.01253610261998025,-0.025371753999169577,0.002967645057253554,0.5114348163299932,-0.008429531967174997,0.0031972631901295845,0.011725636787439653,0.12269079999955673,0.022445446884166893,0.71,1
2025-06-13,106090.96875,106182.546875,102822.0234375,105924.59375,69550440846,51.534395979144634,106715.94583354089,105628.4523406815,0.0015285141831733462,61.0,104883.328125,-0.01138306718497186,0.0015285141831733462,0.002810379610602487,0.5153439597914463,-0.005856454521948828,0.004378710461711233,0.010295459876207502,0.336172529617419,0.022390690446907974,0.61,1
2025-06-14,105472.40625,106203.7578125,104379.3671875,106108.0859375,38007870453,49.892015245512646,106524.63205145768,105616.89337100138,-0.0058304915798971235,63.0,104684.2890625,-0.0074722594801898716,-0.0058304915798971235,-0.04371671054202031,0.49892015245512644,-0.009877769875322295,-0.0013680304011011168,0.008594635303915688,-0.2584716220928752,0.022361912474833646,0.63,1
2025-06-15,105552.0234375,106157.1015625,104519.8828125,105464.84375,36744307742,50.112397798530544,106374.99995700266,105612.08819074203,0.0007548627203146641,60.0,103309.6015625,-0.021244707604566142,0.0007548627203146641,-0.042674849992127784,0.5011239779853054,-0.0077365595284165645,-0.0005687299083940722,0.007223716331437036,-0.2828851725771901,0.019551139288445398,0.6,0
2025-06-16,106796.7578125,108915.375,104997.625,105555.59375,50366626945,53.55187913040736,106439.88578092532,105699.84149605743,0.011792615001237072,61.0,102257.40625,-0.042504582119146435,0.011792615001237072,-0.017388222216855098,0.5355187913040735,0.003352803593844378,0.01037765337125407,0.0070013755403359745,0.03975080086086612,0.017994242393992048,0.61,0
2025-06-17,104601.1171875,107750.1953125,103396.53125,106794.1171875,55964092176,47.3504258892256,106156.99830501372,105618.45451023837,-0.020559056941174436,68.0,100987.140625,-0.0345500761337172,-0.020559056941174436,-0.012536102619980283,0.473504258892256,-0.014656415896795782,-0.009632192853567534,0.005098955455016041,0.13812365444602098,0.01900707754691671,0.68,0
2025-06-18,104883.328125,105581.8515625,103602.265625,104602.0703125,47318089133,48.18105019034361,105961.04904655008,105564.00070392442,0.0026979724986506692,52.0,105577.7734375,0.006621122011616181,0.0026979724986506692,-0.01138306718497184,0.4818105019034361,-0.010170915928518376,-0.006447961183599915,0.003761209692490386,-0.020724943210967142,0.019024499092482224,0.52,1
2025-06-19,104684.2890625,105250.890625,103940.7734375,104886.7734375,37333806920,47.61054177719901,105764.62443361929,105498.83687863372,-0.0018977187896134229,57.0,106045.6328125,0.01300427945961626,-0.0018977187896134229,-0.0074722594801899245,0.4761054177719901,-0.010214524723220042,-0.007720917502349156,0.0025193410927490945,-0.23646117510896705,0.011505655685559365,0.57,1
2025-06-20,103309.6015625,106539.3828125,102372.2109375,104681.03125,50951862476,43.7568074729816,105386.92860729324,105336.67129966085,-0.013131746055793259,54.0,107361.2578125,0.03921858364296216,-0.013131746055793259,-0.021244707604566093,0.437568074729816,-0.01971142979727647,-0.019243723122731482,0.00047711121884064234,0.06196179036136134,0.011622066358299439,0.54,2
2025-06-21,102257.40625,104015.78125,100973.0625,103315.078125,38360555118,41.01995795648134,104905.46362924813,105108.57759227857,-0.010184874363913243,49.0,106960.0,0.04598780589547762,-0.010184874363913243,-0.04250458211914643,0.4101995795648134,-0.02524232092054579,-0.027125962576892704,-0.0019324204330718464,-0.2228952332373587,0.011387117060140093,0.49,2
2025-06-22,100987.140625,103351.6328125,98286.203125,102212.03125,65536997201,37.93513797688296,104302.64470551764,104803.28596507275,-0.012422235919953284,42.0,107088.4296875,0.06041649486003555,-0.012422235919953284,-0.03455007613371719,0.37935137976882966,-0.031787344317859345,-0.03641245887409039,-0.0047769614754441525,0.2923334072736414,0.009526171544558022,0.42,2
2025-06-23,105577.7734375,106116.859375,99705.75,100987.4765625,65237759656,51.987557541286385,104498.81835659184,104860.65540747477,0.04545759771084712,47.0,107327.703125,0.016574792501528976,0.04545759771084712,0.006621122011616132,0.5198755754128639,0.01032504575531501,0.006838771198202087,-0.0034506464743795373,0.2684841672868151,0.01856807506575211,0.47,1
2025-06-24,106045.6328125,106316.828125,104740.2421875,105571.515625,48822986421,53.151753577816194,104736.78981134694,104948.4315115507,0.004431419225533917,65.0,108385.5703125,0.022065382967135096,0.004431419225533917,0.013004279459616352,0.531517535778162,0.012496497205142232,0.010454670785894793,-0.0020166256622946577,-0.025632568317292458,0.018513937960070885,0.65,1
2025-06-25,107361.2578125,108168.3984375,105881.390625,106047.40625,51624120283,56.35649781105976,105140.55411921663,105127.1593856951,0.012406215749838134,66.0,107135.3359375,-0.002104314718392728,0.012406215749838134,0.03921858364296216,0.5635649781105976,0.02112128580533601,0.021251391551524224,0.00012741458629528246,0.03601693871595972,0.018881186092765855,0.66,1
2025-06-26,106960.0,108305.546875,106666.3515625,107375.0703125,43891990613,55.11807165079119,105420.46887010639,105262.92535712509,-0.003737454466123835,74.0,105698.28125,-0.01179617380329095,-0.003737454466123835,0.045987805895477685,0.5511807165079119,0.014603721140631132,0.016122244723080437,0.0014966666796196737,-0.12124293360449172,0.01861008856791043,0.74,1
2025-06-27,107088.4296875,107772.46875,106449.9921875,106954.921875,45353692675,55.45547320465603,105677.07822662848,105398.14790011581,0.0012007263229245613,65.0,108859.3203125,0.016536712977935363,0.0012007263229245613,0.06041649486003564,0.5545547320465603,0.013355322502812017,0.016037110908116103,0.0026464442883475936,-0.09551062188915306,0.017111137274566098,0.65,1
2025-06-28,107327.703125,107567.8828125,106883.9765625,107090.546875,30037708335,56.11735751783636,105931.02051868563,105541.0779167739,0.002234353778444831,65.0,109647.9765625,0.021618588397421274,0.002234353778444831,0.016574792501528934,0.5611735751783636,0.013184831029434019,0.016928244845433316,0.00369469982312709,-0.5009249443460645,0.017111115135637754,0.65,1
2025-06-29,108385.5703125,108526.3046875,107230.109375,107327.8203125,35534874438,59.016802788829146,106308.64356388785,105751.78105719805,0.009856422495764683,68.0,108034.3359375,-0.0032406008842995634,0.009856422495764683,0.022065382967135116,0.5901680278882915,0.019536762759690296,0.024905389100514652,0.005265750620205623,-0.31210474370303065,0.01718392871899278,0.68,1
2025-06-30,107135.3359375,108798.7890625,106759.6484375,108383.4375,42064804590,54.43880382255737,106435.82700598202,105854.26660388708,-0.011535062936840146,66.0,108231.1796875,0.010228593025920852,-0.011535062936840146,-0.0021043147183926747,0.5443880382255737,0.006572119099320428,0.012102198378141527,0.005493972238938438,-0.13031020179581565,0.017017687719034818,0.66,1
2025-07-01,105698.28125,107550.6796875,105270.2265625,107144.3828125,44110692247,49.669486430480575,106322.35842813863,105842.71213322878,-0.013413452013053329,64.0,109232.0703125,0.033432795885694686,-0.013413452013053329,-0.0117961738032909,0.49669486430480575,-0.005869670193221266,-0.0013645803316809646,0.004531689383640236,-0.07577034821686633,0.017339453984794976,0.64,2
2025-07-02,108859.3203125,109763.65625,105157.3984375,105703.1015625,56248657737,58.319583015758006,106712.66025650193,106066.16459095257,0.02990624847553991,63.0,108299.8515625,-0.0051393739038048895,0.02990624847553991,0.016536712977935464,0.58319583015758,0.020116264094983682,0.026334088088499463,0.006095211116972088,0.16583455979668218,0.018180963458622,0.63,1
2025-07-03,109647.9765625,110541.4609375,108605.796875,108845.015625,50494742270,60.15933282858762,107164.24738050163,106331.48399625238,0.007244728772290987,73.0,108950.2734375,-0.006363119018455439,0.007244728772290987,0.021618588397421368,0.6015933282858762,0.023176845288518155,0.031190127717624083,0.007831766782062433,0.07811837455372442,0.012481100090288884,0.73,1
2025-07-04,108034.3359375,109751.984375,107296.3828125,109635.65625,42616442656,54.826913844090654,107298.10715850137,106457.62117708554,-0.014716556343200904,73.0,111326.5546875,0.030473818545102307,-0.014716556343200904,-0.0032406008842995604,0.5482691384409065,0.006861526251447092,0.014810726963283338,0.007895028764711265,-0.09643275146387764,0.013784354026076874,0.73,2
2025-07-05,108231.1796875,108381.34375,107842.2734375,108015.8359375,30615537520,55.34687701937162,107441.65677834731,106588.99588156068,0.0018220480395592098,67.0,115987.203125,0.07166163632230806,0.0018220480395592098,0.01022859302592094,0.5534687701937162,0.007348387327845041,0.01540669177298648,0.007999520867370657,-0.4206142645275313,0.01328927410873343,0.67,2
2025-07-06,109232.0703125,109731.625,107847.015625,108231.1875,36746020463,57.99445708382118,107717.1050143708,106784.77917274137,0.009247710575546852,66.0,117516.9921875,0.07584697288349311,0.009247710575546852,0.03343279588569459,0.5799445708382118,0.014064296454375347,0.022917977250294763,0.008730887012663446,-0.2233774772887005,0.013421038537729222,0.66,2
2025-07-07,108299.8515625,109710.25,107527.0546875,109235.328125,45415696597,54.73901383508101,107806.7583294676,106897.00675716794,-0.008534295352390808,73.0,117435.2265625,0.08435260868966162,-0.008534295352390808,-0.005139373903804922,0.5473901383508101,0.0045738619792783375,0.013123331025711726,0.008510542997394621,-3.418866079454129e-06,0.01384666183927559,0.73,2
2025-07-08,108950.2734375,109198.96875,107499.5546875,108298.2265625,44282204127,56.57077039590616,107982.68373070336,107049.10058534068,0.006005750382996888,65.0,119116.1171875,0.09330718895195522,0.006005750382996888,-0.006363119018455432,0.5657077039590616,0.008960600657135886,0.0177598208837233,0.008721074163704934,-0.02193040383763296,0.013928742519480168,0.65,2
2025-07-09,111326.5546875,111925.375,108357.6796875,108950.2734375,57927418065,62.53621457662382,108497.12541636439,107365.94903735247,0.021810695604753683,66.0,119849.703125,0.07655988691489614,0.021810695604753683,0.030473818545102338,0.6253621457662382,0.026078380051798522,0.036888843117007575,0.010535708845812675,0.22418410687088194,0.015174468642816153,0.66,2
2025-07-10,115987.203125,116608.78125,110660.75,111329.1953125,95911605728,70.96125044687386,109649.44506384678,108004.5604512523,0.041864660687494615,71.0,117777.1875,0.01543260227657119,0.041864660687494615,0.07166163632230815,0.7096125044687386,0.057800183644001635,0.07391023712698375,0.01522976998121206,0.6810032493183467,0.01858766989425556,0.71,1
2025-07-11,117516.9921875,118856.4765625,115245.6875,115986.234375,86928361085,73.09964574612299,110859.83692902421,108709.18502430768,0.013189291760499877,71.0,118738.5078125,0.010394374483743208,0.013189291760499877,0.07584697288349318,0.7309964574612299,0.0600501989078146,0.0810217385147618,0.019783534429364424,0.5338448505967929,0.016998532902165575,0.71,1
2025-07-12,117435.2265625,118219.8984375,116977.0234375,117530.7109375,45524560304,72.79110517027557,111871.43533417434,109355.55847158119,-0.0006957770402219454,79.0,119289.84375,0.015792681989785725,-0.0006957770402219454,0.08435260868966155,0.7279110517027557,0.04973379676148704,0.07388438414878129,0.023006392155612065,-0.09316072781118226,0.015892099066467075,0.79,1
2025-07-13,119116.1171875,119449.5703125,117265.4375,117432.203125,49021091807,75.11632937497194,112986.00177314752,110078.56282090851,0.014313342548076147,74.0,118003.2265625,-0.009342905488165009,0.014313342548076147,0.09330718895195522,0.7511632937497194,0.054255530049293066,0.08210094804103751,0.026412399269504006,-0.00280238395374919,0.016025067109847316,0.74,1
2025-07-14,119849.703125,123091.609375,118959.1953125,119115.7890625,181746419401,76.07719415468733,114041.95582727867,110802.35099158196,0.006158578325259345,74.0,117939.9765625,-0.015934345373456678,0.006158578325259345,0.07655988691489624,0.7607719415468733,0.05092640910611368,0.08165307010593481,0.02923769041635982,1.18075195407398,0.013892505805370612,0.74,0
2025-07-15,117777.1875,119935.5625,115765.6875,119853.8515625,98321661181,68.07899084711873,114616.60685385119,111319.00554776107,-0.01729262210051885,73.0,117300.7890625,-0.004044912666130697,-0.01729262210051885,0.015432602276571172,0.6807899084711874,0.02757524178131443,0.05801508844298886,0.029622985669552016,0.5253954692323071,0.0163241374951613,0.73,1
2025-07-16,118738.5078125,120065.515625,117064.8203125,117777.1875,72162029070,69.67171579464798,115250.7454628741,111868.59830811211,0.00816219450392297,70.0,117439.5390625,-0.010939742918541656,0.00816219450392297,0.01039437448374314,0.6967171579464798,0.030262384296242395,0.06141052635223487,0.030233212947271992,0.19204377872919068,0.01632301072966509,0.7,1
2025-07-17,119289.84375,120999.609375,117508.21875,118738.5078125,72363841798,70.57841472946345,115872.145199355,112418.3201926964,0.004643278306736054,74.0,119995.4140625,0.005914755945013131,0.004643278306736054,0.015792681989785784,0.7057841472946345,0.029495428299570525,0.06112458846142799,0.03072297291703352,0.17241252047093064,0.015294720469966843,0.74,1
2025-07-18,118003.2265625,120851.9140625,116925.984375,119284.109375,77945799785,65.6461935533964,116200.00387060808,112832.01696082999,-0.01078563897020779,73.0,118754.9609375,0.006370456104451063,-0.01078563897020779,-0.009342905488164965,0.656461935533964,0.01551826705530801,0.04583104814536121,0.02984956752964285,0.20814223552086059,0.016623506383092422,0.73,1
2025-07-19,117939.9765625,118541.3984375,117388.4140625,117998.125,47564562765,65.40421757019652,116467.691977053,113210.38433873147,-0.0005360022928398989,74.0,118368.0,0.003629163325067962,-0.0005360022928398989,-0.015934345373456726,0.6540421757019652,0.012641141594332383,0.04177701764192698,0.028772163060373446,-0.2952408635036169,0.016074041475938407,0.74,1
2025-07-20,117300.7890625,118865.03125,116550.1328125,117944.109375,57515447231,62.88167087528104,116595.86075942946,113513.37728123284,-0.00541960002562214,72.0,117635.8828125,0.0028567049947247664,-0.00541960002562214,-0.004044912666130718,0.6288167087528104,0.0060459119086997415,0.033365334306667105,0.02715524418377302,-0.1172924029473754,0.010201694656106708,0.72,1
2025-07-21,117439.5390625,119671.5625,116584.3984375,117306.46875,69820091744,63.21334618767203,116725.65742144031,113804.20407984522,0.0011828564931994912,71.0,117947.3671875,0.004324166537555462,0.0011828564931994912,-0.010939742918541606,0.6321334618767203,0.006115893084947199,0.031943767034337434,0.02567087363086684,0.056894398161199,0.00929684213116148,0.71,1
2025-07-22,119995.4140625,120269.96875,116233.2265625,117426.5,79217583118,68.75236871601888,117228.69690468027,114262.81222670854,0.02176332622218302,72.0,119448.4921875,-0.004557856475374417,0.02176332622218302,0.005914755945013228,0.6875236871601887,0.02360102287982757,0.050170319844897726,0.025956692472150378,0.16590909076131058,0.011555703958711645,0.72,1
2025-07-23,118754.9609375,120113.3515625,117391.390625,119997.4453125,66608604537,63.7363894253211,117463.50675588331,114595.56398306346,-0.010337504434577038,74.0,117924.4765625,-0.006993260478920782,-0.010337504434577038,0.006370456104451083,0.637363894253211,0.010994514103011,0.03629631732561012,0.025026647394865265,-0.01939001115068568,0.011315836921830696,0.74,1
2025-07-24,118368.0,119535.453125,117247.96875,118770.984375,72627318560,62.211596500089755,117602.65956267048,114875.00368802172,-0.0032584822936673197,71.0,117922.1484375,-0.0037666562119829682,-0.0032584822936673197,0.003629163325068019,0.6221159650008975,0.006507849738905502,0.030406931010549254,0.0237445552738047,0.045262752483160675,0.011113653636710602,0.71,1
2025-07-25,117635.8828125,118486.9765625,114759.8203125,118368.0,104857024569,59.32009508908985,117607.77083187502,115079.51325279789,-0.006185093838706357,70.0,117831.1875,0.0016602475607829324,-0.006185093838706357,0.0028567049947247902,0.5932009508908984,0.00023903165944005877,0.022213941364928047,0.021969658261616454,0.36042242580409467,0.009803004296354641,0.7,1
2025-07-26,117947.3671875,118335.6875,117181.2265625,117644.84375,48508954046,60.16833914359246,117660.01642504809,115291.94687759064,0.002647868724685587,72.0,115758.203125,-0.01856051656515489,0.002647868724685587,0.004324166537555518,0.6016833914359246,0.0024422124965022274,0.023032140421123337,0.02053976545275704,-0.41843774393054434,0.009436272268049217,0.72,0
2025-07-27,119448.4921875,119815.59375,117859.6875,117944.7265625,54683390892,64.05797311916353,117935.16654234838,115599.8391227691,0.012727075099638885,73.0,113320.0859375,-0.05130584855253052,0.012727075099638885,-0.004557856475374433,0.6405797311916354,0.012831843881004001,0.0332928929134888,0.020201822401319403,-0.3048927372802953,0.010249303817877765,0.73,0
2025-07-28,117924.4765625,119819.7890625,117441.4375,119457.5234375,64822943193,57.878456487290876,117933.52193006402,115772.0344886751,-0.012758768211219684,75.0,112526.9140625,-0.04577135008217985,-0.012758768211219684,-0.006993260478920793,0.5787845648729087,-7.669886742955878e-05,0.018592072630765122,0.0186702034816566,-0.14854396030414385,0.010499792315176065,0.75,0
2025-07-29,117922.1484375,119273.8671875,116987.3671875,117938.5859375,68463107433,57.869272508047935,117931.77216197725,115931.30218858804,-1.9742508661990676e-05,73.0,114217.671875,-0.031414595235800105,-1.9742508661990676e-05,-0.0037666562119830216,0.5786927250804793,-8.160417079150495e-05,0.017172637685664904,0.017255649989465383,-0.10088886682114157,0.010498228348950348,0.73,0
2025-07-30,117831.1875,118780.7265625,115800.828125,117921.9921875,68896148592,57.485472152926285,117916.29759859614,116072.03443387782,-0.0007713643170961237,74.0,115071.8828125,-0.023417439355773274,-0.0007713643170961237,0.0016602475607829792,0.5748547215292629,-0.0007217840139949194,0.015155701153185985,0.015888953559859642,-0.07658609874873336,0.010331503257542184,0.74,0
2025-07-31,115758.203125,118919.984375,115505.21875,117833.6328125,69370346018,49.43824629785521,117584.28306419673,116048.78767025724,-0.017592832754910526,72.0,114141.4453125,-0.01396668027711319,-0.017592832754910526,-0.018560516565154894,0.4943824629785521,-0.01552996617923641,-0.0025039860483757614,0.013231464324319209,-0.057853761286387646,0.01179573548169497,0.72,1
2025-08-01,113320.0859375,116060.7734375,112724.4453125,115738.953125,91294530181,41.992575503217594,116928.25273701262,115846.66161597893,-0.021062154747402473,65.0,115028.0,0.01507159166329943,-0.021062154747402473,-0.05130584855253051,0.41992575503217594,-0.03085795532776725,-0.021809654617880092,0.00933640301711125,0.1861173293825193,0.010114620341541217,0.65,1
2025-08-02,112526.9140625,114021.6015625,112005.765625,113320.390625,56870866000,39.887926638577234,116251.12371016452,115600.7543897953,-0.006999393518263508,55.0,117496.8984375,0.0441670725302176,-0.006999393518263508,-0.04577135008217981,0.3988792663857723,-0.03203590235350895,-0.026590140726336364,0.0056259954686475044,-0.2923555915801543,0.009997543443036388,0.55,2
2025-08-03,114217.671875,114747.421875,111943.8046875,112525.8046875,48099615826,46.090491186510775,115938.28496629305,115498.3038331438,0.015025363723748075,53.0,116688.7265625,0.02163460913652947,0.015025363723748075,-0.03141459523580015,0.46090491186510774,-0.014840767152914935,-0.011087885411667053,0.003809416403074417,-0.36806253835395286,0.01190741355098884,0.53,1
2025-08-04,115071.8828125,115729.46875,114130.40625,114223.921875,35783028986,48.95613085174759,115804.99232724798,115466.71709087389,0.007478798363486527,64.0,116500.359375,0.012413775872839266,0.007478798363486527,-0.02341743935577323,0.48956130851747587,-0.006330551904673687,-0.003419463966080838,0.0029296341395750325,-0.6178280931879647,0.012341000418685424,0.64,1
2025-08-05,114141.4453125,115117.4375,112701.109375,115072.1875,61039182286,46.082699175440915,115549.06201728675,115368.54881099434,-0.008085706753543476,60.0,119306.7578125,0.04525361042922005,-0.008085706753543476,-0.01396668027711323,0.46082699175440917,-0.012181982962147786,-0.010636378034924232,0.0015646656576060458,-0.0753715836655267,0.012345804869748131,0.6,2
2025-08-06,115028.0,115737.8359375,113372.25,114140.9140625,56379133510,49.145549419911255,115468.89863001187,115343.3229731429,0.007767158415357134,54.0,118731.4453125,0.03219603324842647,0.007767158415357134,0.015071591663299522,0.49145549419911255,-0.0038183323409415326,-0.0027337774308472396,0.0010887119742355456,-0.14257094329586098,0.011718260162967377,0.54,2
2025-08-07,117496.8984375,117676.90625,114279.7109375,115030.0546875,64051649681,56.548207567065916,115780.89860039466,115502.8470816138,0.021463456180234486,62.0,120172.90625,0.022775135753250932,0.021463456180234486,0.04416707253021768,0.5654820756706591,0.014821096207138007,0.01726408834301041,0.0024073131165709416,-0.004237997950666982,0.013621911958621575,0.62,1
2025-08-08,116688.7265625,117689.203125,115917.4609375,117505.5,59713005166,53.788075126445534,115920.56444071856,115590.69000612388,-0.0068782400705657,74.0,123344.0625,0.05703495216339785,-0.0068782400705657,0.02163460913652937,0.5378807512644553,0.006626625098726802,0.009499351170219272,0.0028538149099828214,-0.08377684715412104,0.013779124393257314,0.74,2
2025-08-09,116500.359375,117906.609375,116363.8359375,116678.2734375,54004312429,53.13705448451645,116009.76366137725,115658.07292233693,-0.0016142706587778388,67.0,118359.578125,0.01595890999799759,-0.0016142706587778388,0.012413775872839317,0.5313705448451644,0.004228917447455238,0.007282556516644112,0.0030407798621758797,-0.1815553819823016,0.01378038300244479,0.67,1
2025-08-10,119306.7578125,119320.7109375,116485.1640625,116497.71875,64755458694,60.75770307519595,116516.99353078075,115928.34587716383,0.02408918266480664,69.0,117398.3515625,-0.015995793406767548,0.02408918266480664,0.04525361042922005,0.6075770307519595,0.023942982025040527,0.02914224221672157,0.005077685264660348,0.003916961185488677,0.014505349938779612,0.69,0
2025-08-11,118731.4453125,122321.09375,118159.03125,119306.8125,90528784177,58.65205985576093,116857.67842027602,116135.98287237392,-0.004822128356753663,70.0,117491.3515625,-0.010444526694138064,-0.004822128356753663,0.03219603324842657,0.5865205985576093,0.01603460651926536,0.022348477844100545,0.006214228614185746,0.3302369746784836,0.012227586660146946,0.7,1
2025-08-12,120172.90625,120302.46875,118228.71875,118717.6640625,72803657984,62.18793994845666,117367.71347100277,116435.01423367955,0.012140515376580119,68.0,117453.0625,-0.022632753379050446,0.012140515376580119,0.022775135753250852,0.6218793994845666,0.023900889742478393,0.03210281753235056,0.008010470419588245,0.107586158381152,0.011670727019700579,0.68,0
2025-08-13,123344.0625,123682.453125,118939.6328125,120168.9765625,90904808795,68.55811871864596,118287.15178315621,116946.79558674032,0.026388279596092357,73.0,116252.3125,-0.05749567394052713,0.026388279596092357,0.057034952163397934,0.6855811871864596,0.04275114110545242,0.054702370263020716,0.011461247738265179,0.3157512568500129,0.013047981804297415,0.73,0
2025-08-14,118359.578125,124457.1171875,117254.8828125,123339.3984375,104055627395,53.3454353460169,118298.29429728602,117051.44614512993,-0.040411222672351976,75.0,112831.1796875,-0.04670850069828263,-0.040411222672351976,0.01595890999799754,0.533454353460169,0.0005180448972490481,0.011175701137841054,0.010652137954879626,0.45146862216973194,0.020073263330036256,0.75,0
2025-08-15,117398.3515625,119332.3125,116864.5703125,118365.78125,68665353159,50.99543232563853,118159.8415688574,117077.1428427129,-0.008121240187970669,60.0,114274.7421875,-0.026606927043068974,-0.008121240187970669,-0.0159957934067676,0.5099543232563853,-0.006444575384045748,0.0027435647299542953,0.009247737857756233,0.020690232568868018,0.02007544750407344,0.6,0
2025-08-16,117491.3515625,117996.0625,117271.953125,117398.421875,48036922378,51.21933574961082,118056.99695249472,117107.82497010454,0.0007921746665282559,56.0,112419.03125,-0.043171861120363045,0.0007921746665282559,-0.01044452669413809,0.5121933574961082,-0.004791290686670058,0.0032749868977017815,0.00810511152975879,-0.331631407578057,0.020012490724158245,0.56,0
2025-08-17,117453.0625,118595.7734375,117279.5234375,117492.7890625,45852169525,51.11578442221984,117964.08395980322,117133.39812046717,-0.00032588834829794244,64.0,116874.0859375,-0.00492942925604856,-0.00032588834829794244,-0.022632753379050463,0.5111578442221983,-0.00433200888481744,0.002729062629977408,0.007091793226059462,-0.36390467914468877,0.018846730515825413,0.64,1
2025-08-18,116252.3125,117614.171875,114723.6796875,117453.90625,72787808090,47.84874182668093,117700.73450444888,117068.13251895108,-0.01022323279139703,60.0,115374.328125,-0.007552403527456712,-0.01022323279139703,-0.057495673940527126,0.4784874182668093,-0.012305972520452957,-0.006968762560716657,0.005403707839922944,0.0949492724268052,0.019013756202686912,0.6,1
2025-08-19,112831.1796875,116764.5,112730.3984375,116241.859375,71657600353,40.003599000956775,116951.57222491829,116754.28416106582,-0.029428514056440758,56.0,113458.4296875,0.005559190303046082,-0.029428514056440758,-0.046708500698282585,0.40003599000956774,-0.03523161304316669,-0.033601374902472836,0.0016897715169090777,0.07721634153398153,0.02115563790723529,0.56,1
2025-08-20,114274.7421875,114625.796875,112387.9609375,112828.0234375,67993811526,44.16364143162848,116539.75221916162,116570.61438524612,0.012794003430595335,44.0,110124.3515625,-0.03631940484442408,0.012794003430595335,-0.026606927043068995,0.44163641431628475,-0.01943551439342428,-0.01969511964789561,-0.00026475082290045027,0.025771948350640905,0.019807669093516563,0.44,0
2025-08-21,112419.03125,114802.6484375,111986.234375,114275.6875,57817883700,40.29561227283234,115905.7951469829,116263.08970856122,-0.01623902974513114,50.0,111802.65625,-0.005482835007084266,-0.01623902974513114,-0.043171861120363086,0.4029561227283234,-0.030082739974832573,-0.03306344660370886,-0.0030731555687532053,-0.11076199178193621,0.020178089691332154,0.5,1
2025-08-22,116874.0859375,117377.3984375,111678.9453125,112433.734375,82528088240,51.318931026972535,116054.76296090861,116308.34868848261,0.03962900798880531,50.0,111222.0625,-0.048359937039614546,0.03962900798880531,-0.004929429256048556,0.5131893102697254,0.007059796217647296,0.0048641155634721045,-0.0021802882633403797,0.2254116455772958,0.024269937703030216,0.5,0
2025-08-23,115374.328125,116996.25,114536.109375,116866.3671875,55377142586,48.09935874329173,115950.08067846113,116239.1619800765,-0.012832252765613172,60.0,112544.8046875,-0.02452472299066747,-0.012832252765613172,-0.007552403527456675,0.4809935874329173,-0.0049655209387714505,-0.007440124656307612,-0.00248695273340771,-0.17906884853056923,0.022157326425969723,0.6,0
2025-08-24,113458.4296875,115615.0859375,111060.546875,115387.390625,73961489632,44.277782934472576,115566.7497567748,116033.18181025602,-0.016605933647771742,53.0,108410.8359375,-0.04448848590538977,-0.016605933647771742,0.00555919030304608,0.44277782934472576,-0.018243310240290023,-0.022189791597427733,-0.004019816109532837,0.08189656854355966,0.01918041865380188,0.53,0
2025-08-25,110124.3515625,113637.84375,109324.28125,113456.8984375,85706860190,38.53932423593949,114729.45772688638,115595.49068079262,-0.029385900493979156,47.0,108808.0703125,-0.011952681049413104,-0.029385900493979156,-0.036319404844424086,0.38539324235939487,-0.04013882969227345,-0.047330039312698746,-0.0074919267940798395,0.2113475137743959,0.020792229825976928,0.47,1
2025-08-26,111802.65625,112397.015625,108762.0390625,110124.1015625,69396320317,42.57390485824914,114279.18057659616,115314.53998221538,0.015240086898922645,48.0,108236.7109375,-0.031894996345402125,0.015240086898922645,-0.005482835007084241,0.42573904858249145,-0.02167082677790344,-0.030454821506091134,-0.008978567713827768,-0.00908898732223326,0.021807898546155387,0.48,0
2025-08-27,111222.0625,112619.4140625,110398.265625,111795.7109375,62137056409,41.5575685761362,113808.85471865829,115011.39350205127,-0.005193022862549412,51.0,109250.59375,-0.017725518711721427,-0.005193022862549412,-0.0483599370396145,0.415575685761362,-0.022729270275612334,-0.03294744013325679,-0.010455823086532146,-0.11821238236427015,0.02175273584798973,0.51,0
2025-08-28,112544.8046875,113450.078125,110900.921875,111219.0546875,58860155962,44.791194847740435,113614.38548309548,114828.68321949191,0.01189280397942638,48.0,111200.5859375,-0.01194385430524718,0.01189280397942638,-0.024524722990667436,0.44791194847740434,-0.009414131767271905,-0.01988944284614269,-0.010574864244287552,-0.17178058531250456,0.022305294767755997,0.48,1
2025-08-29,108410.8359375,112619.0546875,107559.625,112550.5234375,77843379644,37.759439457201196,112813.8393991577,114353.28712452955,-0.036731759955323295,50.0,111723.2109375,0.030553910698646575,-0.036731759955323295,-0.044488485905389785,0.37759439457201194,-0.03902893018363651,-0.05196572251183551,-0.013462207900463818,0.09084334598363537,0.023360886222801476,0.5,2
2025-08-30,108808.0703125,108929.3515625,107444.4453125,108409.40625,51486264208,38.754410054159166,112197.5672319796,113942.53032363848,0.003664157476186425,39.0,110723.6015625,0.01760467991481273,0.003664157476186425,-0.01195268104941305,0.38754410054159166,-0.030210074987379043,-0.045061839477802845,-0.015314414088422823,-0.31316309690121386,0.022814794152417838,0.39,1
2025-08-31,108236.7109375,109491.0,108104.65625,108818.4609375,47986191770,37.81796536925079,111588.20472513659,113519.87703577636,-0.00525107534173741,48.0,110650.984375,0.022305495211269802,-0.00525107534173741,-0.03189499634540216,0.37817965369250794,-0.030034480757997417,-0.04653956854279662,-0.017016159293680277,-0.35289294328797455,0.02245675241877295,0.48,1
2025-09-01,109250.59375,109890.5859375,107271.1796875,108228.75,66870372995,40.56259607438632,111228.57226742327,113203.63382942256,0.009367272930950854,46.0,110224.6953125,0.008916212983968337,0.009367272930950854,-0.017725518711721455,0.4056259607438632,-0.017783007343362023,-0.03491972780113295,-0.017446980235416798,-0.016696768288996,0.017477465843483208,0.46,1
2025-09-02,111200.5859375,111748.015625,108454.03125,109243.0703125,74776999491,45.54129740374894,111224.26667820431,113055.25991150238,0.017848801737061493,49.0,111167.6171875,-0.0002964800025292133,0.017848801737061493,-0.011943854305247137,0.4554129740374894,-0.00021290983893673676,-0.016405021539503628,-0.01619555989461563,0.10698777953267492,0.018894202182301888,0.49,1
2025-09-03,111723.2109375,112600.2265625,110582.9609375,111190.6953125,61119643565,46.82685223472848,111301.02733348057,112956.58961713183,0.004699840343410866,55.0,112071.4296875,0.003116798622936105,0.004699840343410866,0.030553910698646547,0.4682685223472848,0.003793168977268113,-0.01091905026357809,-0.014656624188662315,-0.06221644016519067,0.018450097298498884,0.55,1
2025-09-04,110723.6015625,112208.328125,109347.2265625,111718.1484375,60131132901,44.65553426226276,111212.19259948356,112791.18309456651,-0.008947195185422974,51.0,111530.546875,0.007287925077513891,-0.008947195185422974,0.017604679914812627,0.44655534262262764,-0.004393322580583892,-0.018331056340928797,-0.013999236924034153,-0.07193997610069579,0.015968761826502857,0.51,1
2025-09-05,110650.984375,113357.4921875,110233.3984375,110723.015625,60241647677,44.494126308123604,111125.85287263992,112632.64985608011,-0.0006558419928113235,48.0,113955.359375,0.029863042056646864,-0.0006558419928113235,0.022305495211269788,0.44494126308123605,-0.004273249521730693,-0.017594058948379954,-0.013377976859867413,-0.07950344059669136,0.015124904264758545,0.48,1
2025-09-06,110224.6953125,111275.015625,110024.0859375,110650.5703125,21500719036,43.50011909048473,110987.21324800301,112454.28285285195,-0.0038525555367432407,48.0,115507.5390625,0.04792795058332904,-0.0038525555367432407,0.008916212983968386,0.4350011909048473,-0.006870322383887184,-0.019826612946964306,-0.013045920240926878,-1.090937764279226,0.015088827568239233,0.48,2
2025-09-07,111167.6171875,111591.078125,110211.625,110221.328125,24618007520,46.3549020875362,111014.9677002333,112358.9742850481,0.008554542812086785,44.0,116101.578125,0.044383077215536366,0.008554542812086785,-0.00029648000252924245,0.46354902087536204,0.0013750351905599256,-0.010603132550193073,-0.011961719954875383,-0.9171924223797696,0.014811269191791135,0.44,2
2025-09-08,112071.4296875,112869.234375,110630.609375,111163.015625,40212813407,49.01417165900659,111177.50031365894,112337.67468522972,0.008130177859939192,51.0,115950.5078125,0.034612551439884565,0.008130177859939192,0.0031167986229361233,0.49014171659006595,0.00804056010720755,-0.0023700419158197983,-0.010327562634900533,-0.4006304153711952,0.008106264384243578,0.51,2
2025-09-09,111530.546875,113225.4375,110776.703125,112077.578125,45984480722,47.496751834987045,111231.81516924986,112277.88744002752,-0.004826232823193166,48.0,115407.65625,0.034762757680596196,-0.004826232823193166,0.007287925077513968,0.47496751834987044,0.002685667812716952,-0.006656168744061164,-0.009316814687454933,-0.24800955326666113,0.008505199827053117,0.48,2
2025-09-10,113955.359375,114275.25,110940.078125,111531.25,56377473784,54.32381025010972,111650.8219701345,112402.14462039585,0.02174124101370767,49.0,115444.875,0.013071044952772762,0.02174124101370767,0.029863042056646805,0.5432381025010973,0.02064057715116463,0.013818372948751767,-0.006684237678904803,-0.04302091070636957,0.009932929665203401,0.49,1
2025-09-11,115507.5390625,115522.546875,113453.8359375,113961.4296875,45685065332,58.08134736096614,112244.16306126765,112632.1738383295,0.013620945043858246,54.0,116843.1875,0.011563300961483508,0.013620945043858246,0.04792795058332899,0.5808134736096614,0.02907390382029096,0.025528808742498077,-0.003444937302007456,-0.22151945678140483,0.010217922800012111,0.54,1
2025-09-12,116101.578125,116769.3828125,114794.484375,115507.7890625,54785725894,59.45601446469234,112837.61153261109,112889.16674845324,0.005142859655061782,57.0,116468.5078125,0.0031604194656591794,0.005142859655061782,0.04438307721553647,0.5945601446469234,0.028926229012261606,0.028456329947982084,-0.00045668878004057056,-0.03934242282838095,0.009276508466429087,0.57,1
2025-09-13,115950.5078125,116334.6328125,115248.2734375,116093.5625,34549454947,58.92677562358399,113316.51865259401,113115.93275319744,-0.0013011908618274504,52.0,117137.203125,0.010234498622627583,-0.0013011908618274504,0.03461255143988451,0.5892677562358399,0.02324452949336786,0.025059025641305466,0.0017732771548126802,-0.4651866224606631,0.009444717370894301,0.52,1
2025-09-14,115407.65625,116181.5,115222.3984375,115950.2890625,32798036057,56.96455745800561,113638.232129118,113285.6900492569,-0.004681752350561785,55.0,115688.859375,0.0024366071900017465,-0.004681752350561785,0.034762757680596224,0.569645574580056,0.015570676239239134,0.018731105401048165,0.003111973627982545,-0.46792797953054144,0.008886877908341712,0.55,1
2025-09-15,115444.875,116747.8828125,114461.0625,115399.6328125,52937859416,57.070107834317575,113916.17718617676,113445.62967523787,0.0003224981011604733,53.0,115721.9609375,0.002400157975830456,0.0003224981011604733,0.01307104495277267,0.5707010783431757,0.013419497138890346,0.01762293823468908,0.004147779974300825,0.02666114290428794,0.008832858496546652,0.53,1
2025-09-16,116843.1875,117005.2734375,114813.09375,115423.7578125,45781744593,60.945630521468345,114366.4864652265,113697.30062522025,0.012112382641498831,52.0,115306.09375,-0.013155185020949553,0.012112382641498831,0.011563300961483503,0.6094563052146834,0.02165582865507165,0.027668967138890332,0.0058856792230457255,-0.10257995738852549,0.008639270707346347,0.52,1
2025-09-17,116468.5078125,117328.609375,114794.9765625,116840.5078125,60528025996,59.398293048130554,114689.87436480704,113902.57523168542,-0.0032066883445814875,53.0,112748.5078125,-0.03193996445793522,-0.0032066883445814875,0.0031604194656591478,0.5939829304813056,0.015508199460010363,0.022527432550100812,0.006912039798224079,0.17499851267379432,0.009026820819685338,0.53,0
2025-09-18,117137.203125,117911.7890625,116188.796875,116461.265625,49457272032,61.28736298771893,115066.3864817598,114142.17729785686,0.005741425944741474,52.0,112014.5,-0.04373250332375989,0.005741425944741474,0.010234498622627486,0.6128736298771893,0.01799671221593857,0.02623943136573903,0.00809699977503664,0.0013318427494655976,0.008957462403694612,0.52,0
2025-09-19,115688.859375,117479.7578125,115141.8203125,117137.671875,38828473971,55.28728291547853,115162.15154225829,114256.74634060821,-0.012364506846338497,53.0,113328.6328125,-0.020401502575537,-0.012364506846338497,0.002436607190001716,0.5528728291547853,0.004573619246323712,0.012534166079984033,0.007924304083988254,-0.22772686866610367,0.010074011011847132,0.53,0
2025-09-20,115721.9609375,116191.1484375,115473.5234375,115691.125,22864449614,55.39476435564326,115248.27606460317,114365.2807551928,0.0002861257573012477,48.0,109049.2890625,-0.057661240968806496,0.0002861257573012477,0.002400157975830375,0.5539476435564326,0.0041101254532545095,0.011862692710135292,0.007720833661926552,-0.731198422876187,0.007846111010893877,0.48,0
2025-09-21,115306.09375,115901.0859375,115252.578125,115730.2265625,22495852193,53.64989803305644,115257.17109312577,114434.97060666,-0.003593675600818802,49.0,109712.828125,-0.04850797944059223,-0.003593675600818802,-0.013155185020949589,0.5364989803305644,0.0004244651886753381,0.007612385783138276,0.007184870866894899,-0.6996171687055486,0.006714503480473477,0.49,0
2025-09-22,112748.5078125,115431.3125,112037.6484375,115309.21875,70684158591,44.389424070330264,114871.22289610642,114310.04743672222,-0.02218083931492132,45.0,109681.9453125,-0.02719825352455815,-0.02218083931492132,-0.03193996445793523,0.44389424070330263,-0.018479084927356282,-0.013660563172162354,0.004909240018423189,0.44980271682643924,0.009358381310724136,0.45,0
2025-09-23,112014.5,113351.9140625,111535.5703125,112757.4765625,47211853279,42.14126511879509,114431.72706593621,114140.0068858539,-0.00651013327573835,43.0,112122.640625,0.0009654163077101626,-0.00651013327573835,-0.043732503323759886,0.4214126511879509,-0.02112374887554913,-0.018621927086262757,0.0025558100795810557,0.061772426726791674,0.009405179659608876,0.43,1
2025-09-24,113328.6328125,113986.2734375,111229.640625,112007.6640625,48044595085,47.288523238789345,114262.02025771525,114079.9051026425,0.011731809832655538,44.0,114400.3828125,0.009457009878281946,0.011731809832655538,-0.020401502575536967,0.47288523238789343,-0.008168833730665903,-0.006585491892428852,0.0015963824208031774,0.09296658893431241,0.010523791335699386,0.44,1
2025-09-25,109049.2890625,113541.0859375,108713.3984375,113330.1640625,75528654284,36.0435747744813,113460.06161229752,113707.26687744676,-0.03776048156409062,44.0,114056.0859375,0.045913154666514404,-0.03776048156409062,-0.05766124096880654,0.360435747744813,-0.038875111533691054,-0.0409646449418849,-0.0021740498381310758,0.5280405779902156,0.01543066573942453,0.44,2
2025-09-26,109712.828125,110359.1953125,108728.9765625,109041.296875,57738288949,38.48615369755219,112883.56415271328,113411.38252541366,0.0060847628462732395,28.0,118648.9296875,0.08144992445476622,0.0060847628462732395,-0.048507979440592264,0.3848615369755219,-0.02808855347111283,-0.03261184475539636,-0.004654015857553873,0.21957812738833038,0.014766436733924158,0.28,2
2025-09-27,109681.9453125,109778.5,109144.296875,109707.140625,26308042910,38.412622199820866,112391.0074080651,113135.12791704969,-0.0002814877077529365,33.0,120681.2578125,0.10028371094861001,-0.0002814877077529365,-0.02719825352455818,0.3841262219982087,-0.024103904378480534,-0.030522638442425643,-0.00657727199928726,-0.5682889493096341,0.014860495003543773,0.33,2
2025-09-28,112122.640625,112375.484375,109236.9453125,109681.9453125,33371048505,47.026675200045425,112349.72021067046,113060.12885837934,0.02225248016477188,37.0,122266.53125,0.09047138533712178,0.02225248016477188,0.0009654163077101874,0.47026675200045426,-0.002021185146208304,-0.008291943789960121,-0.006283458677096898,-0.32308145548642575,0.0170514952668342,0.37,2
2025-09-29,114400.3828125,114473.5703125,111589.953125,112117.875,60000147466,53.55537854765277,112665.20676479809,113159.40692905494,0.02031473906432546,50.0,122425.4296875,0.07014877640884205,0.02031473906432546,0.009457009878282019,0.5355537854765278,0.015401170401473596,0.01096661706810731,-0.0043672919262177645,0.24848922027155698,0.018398360603349928,0.5,2
2025-09-30,114056.0859375,114836.6171875,112740.5625,114396.5234375,58986330258,52.50206115403671,112879.188175983,113225.82759634715,-0.003009577997342028,50.0,123513.4765625,0.0829187723501438,-0.003009577997342028,0.045913154666514355,0.525020611540367,0.010426171383179694,0.007332764606611919,-0.0030614871864742543,0.22866449352339732,0.0184029630981022,0.5,2
2025-10-01,118648.9296875,118648.9296875,113981.3984375,114057.59375,71328680132,62.965903536442,113766.8407162164,113627.53886235849,0.04026829179914837,49.0,124752.53125,0.05144253368804752,0.04026829179914837,0.08144992445476618,0.62965903536442,0.04291311018701527,0.04419167109853639,0.0012259515189063652,0.3917022648925337,0.02255334081994226,0.49,2
2025-10-02,120681.2578125,121086.40625,118383.15625,118652.3828125,71415163912,66.48442305760088,114830.59719256771,114150.03656236897,0.017128920845327356,64.0,121451.3828125,0.006381479725679752,0.017128920845327356,0.1002837109486101,0.6648442305760088,0.050950363082418626,0.057216111766749345,0.005961983462238418,0.375814666467092,0.02103371289459557,0.64,1
2025-10-03,122266.53125,123944.703125,119344.3125,120656.984375,83941392228,68.96157647782795,115974.5870475573,114751.25839108237,0.013136036748664148,63.0,123354.8671875,0.00890133977281702,0.013136036748664148,0.09047138533712173,0.6896157647782795,0.05425278384360688,0.06549185572592942,0.010660699269246399,0.48829427966175204,0.020541075310032367,0.63,1
2025-10-04,122425.4296875,122857.640625,121577.5703125,122267.46875,36769171735,69.20724801127663,116967.02437677927,115319.71552415035,0.001299606980548873,71.0,121705.5859375,-0.005879854796813494,0.001299606980548873,0.07014877640884198,0.6920724801127663,0.04666618937947731,0.06161751380544778,0.014284711379503268,-0.3410119206178735,0.020650777540864924,0.71,1
2025-10-05,123513.4765625,125559.2109375,122191.9609375,122419.671875,73689317763,70.90541358547065,117974.17086689014,115926.66078625033,0.008887425412982486,74.0,113214.3671875,-0.0833844990978654,0.008887425412982486,0.08291877235014389,0.7090541358547066,0.04695354631362347,0.06544496084674178,0.017662115571629222,0.33431998589049516,0.013049230721461651,0.74,0
2025-10-06,124752.53125,126198.0703125,123196.046875,123510.453125,72568881188,72.74851508507922,119016.99554121474,116580.4289687503,0.010031736794915869,71.0,110807.8828125,-0.11177848094765612,0.010031736794915869,0.05144253368804752,0.7274851508507922,0.04819089645729702,0.07009840634091558,0.020900305428774635,0.29392403117834165,0.012888700929201422,0.71,0
2025-10-07,121451.3828125,125184.0234375,120681.96875,124752.140625,76149412513,61.559509806018305,119391.516659874,116941.24036458362,-0.026461574802715715,70.0,115169.765625,-0.05172124879959361,-0.026461574802715715,0.006381479725679817,0.6155950980601831,0.017253036147402367,0.03856759543387156,0.020953055463164727,0.3277477571269674,0.017661927944864684,0.7,0
2025-10-08,123354.8671875,124167.09375,121119.1796875,121448.3515625,65354305286,64.91078396317016,120001.26289489339,117416.32383294779,0.01567280940669602,60.0,115271.078125,-0.06553279369360109,0.01567280940669602,0.00890133977281704,0.6491078396317016,0.027946408326918748,0.050576812156043705,0.022015159200719614,0.1604912989233115,0.01728932041816641,0.6,0
2025-10-09,121705.5859375,123739.34375,119812.03125,123337.0703125,74653009425,60.0276101539644,120263.46643990978,117734.04695180351,-0.013370216251727518,70.0,113118.6640625,-0.07055487066476701,-0.013370216251727518,-0.005879854796813522,0.6002761015396441,0.011991334860705916,0.03373313912603648,0.02148418026555854,0.2618464064601221,0.018251904863000577,0.7,0
2025-10-10,113214.3671875,122509.6640625,104582.4140625,121704.7421875,153125018868,42.35932642649693,119178.98963184674,117399.25585815139,-0.06976852117831744,64.0,110783.1640625,-0.021474333915355127,-0.06976852117831744,-0.08338449909786538,0.4235932642649693,-0.05004760035952582,-0.0356466371107822,0.015159668267793247,0.8728691475843402,0.03029494736540458,0.64,0
2025-10-11,110807.8828125,113429.7265625,109760.5625,113236.4296875,110236934340,38.86768464181548,117891.12704425494,116911.00600291794,-0.02125599811033263,27.0,108186.0390625,-0.02366116636698554,-0.02125599811033263,-0.11177848094765608,0.3886768464181548,-0.060082929134233964,-0.05220315348467375,0.008383479664117566,0.4779140611326296,0.027228944865835093,0.27,0
2025-10-12,115169.765625,115805.0625,109715.5390625,110811.515625,93710414091,47.34058833158682,117472.45605667726,116782.02523418328,0.03936437283871608,24.0,106467.7890625,-0.07555782123265044,0.03936437283871608,-0.05172124879959361,0.47340588331586825,-0.019601960399689533,-0.01380571715510337,0.005912132634362521,0.29878857623417693,0.03012414512963498,0.24,0
2025-10-13,115271.078125,116020.484375,113821.1875,115161.6796875,71582026739,47.5225199234539,117133.78252872691,116670.10322609564,0.000879679657679322,38.0,107198.265625,-0.07003328702491911,0.000879679657679322,-0.0655327936936011,0.475225199234539,-0.01590236705000181,-0.011991290505541596,0.003974276955362788,0.012044311276009773,0.02958280665228856,0.38,0
2025-10-14,113118.6640625,115502.8828125,110029.484375,115264.8828125,92212917403,44.04123865171193,116516.07199546123,116407.03365842189,-0.01867262888064536,38.0,108666.7109375,-0.03935648605733374,-0.01867262888064536,-0.07055487066476707,0.4404123865171193,-0.029158277264046184,-0.02824889091814753,0.0009366988713008784,0.23455273290669912,0.02974856159514596,0.38,0
2025-10-15,110783.1640625,113622.3828125,110235.8359375,113113.96875,72574132855,40.56853509107852,115634.08615962105,115990.45072539063,-0.02064646024028005,34.0,110588.9296875,-0.0017532842345107577,-0.02064646024028005,-0.021474333915355137,0.4056853509107852,-0.04195062423397233,-0.044894098008283256,-0.003072361246472699,-0.00291138304542414,0.029408356332882524,0.34,1
2025-10-16,108186.0390625,111990.8125,107537.03125,110782.171875,87306423067,37.06821673423925,114488.23276006397,115412.3461577691,-0.023443318504017374,28.0,108476.890625,0.00268843896144467,-0.023443318504017374,-0.023661166366985564,0.3706821673423925,-0.055046650172089207,-0.0626129468453116,-0.008007058416799495,0.16179585726507248,0.028718477835306996,0.28,1
2025-10-17,106467.7890625,109235.8046875,103598.4296875,108179.1328125,99703051669,34.92143223854349,113254.31834505413,114749.78637293435,-0.01588236351834038,22.0,107688.5859375,0.01146634945413728,-0.01588236351834038,-0.07555782123265042,0.34921432238543487,-0.05992291845223485,-0.0721744028657102,-0.01303242537654914,0.24633539500215976,0.028392011175396494,0.22,1
2025-10-18,107198.265625,107490.984375,106387.453125,106483.734375,37779905278,36.602418122886384,112322.61792658427,114190.41446567996,0.006861009972426446,23.0,110069.7265625,0.026786449582541928,0.006861009972426446,-0.07003328702491907,0.3660241812288638,-0.0456217313678855,-0.06123236239571983,-0.016356859267351753,-0.726908129901506,0.02753703074366636,0.23,1
2025-10-19,108666.7109375,109488.9921875,106157.7890625,107204.3125,47657008953,39.95982667222829,111760.17069749438,113781.25124137034,0.013698405510000455,29.0,111033.921875,0.021784140856729424,0.013698405510000455,-0.03935648605733377,0.3995982667222829,-0.027679447344148844,-0.04495064211431976,-0.017762860944361858,-0.48672778560287183,0.028860039218148403,0.29,1
2025-10-20,110588.9296875,111711.03125,107485.015625,108667.4453125,63507793085,44.130766523181116,111579.97977287986,113544.78297812068,0.01768912239467313,29.0,111641.7265625,0.00951991196564586,0.01768912239467313,-0.0017532842345107102,0.44130766523181114,-0.008881970469945655,-0.026032488795106112,-0.017304213841506266,-0.20250630505147457,0.02129350708101955,0.29,1
2025-10-21,108476.890625,113996.34375,107534.75,110587.6328125,101194375480,40.77872454954094,111102.5814424368,113169.38354455619,-0.019098105646452646,34.0,114472.4453125,0.05527034055784635,-0.019098105646452646,0.0026884389614447723,0.4077872454954094,-0.02363303159429464,-0.04146433224767632,-0.01826290854810264,0.24435333495736838,0.02108821376316128,0.34,2
2025-10-22,107688.5859375,109115.1328125,106778.0,108491.53125,80807013218,39.5705844802582,110577.35136475421,112763.3985366261,-0.007267028792566799,25.0,114119.328125,0.059716098335920724,-0.007267028792566799,0.011466349454137381,0.395705844802582,-0.0261243861568472,-0.045004076366834456,-0.019386141250095856,0.013466431958584163,0.015306818984017208,0.25,2
2025-10-23,110069.7265625,111288.59375,107548.4296875,107679.4375,54944076060,44.8824734564807,110499.25524133048,112563.86727928344,0.022111355667553845,27.0,112956.1640625,0.026223718275170036,0.022111355667553845,0.026786449582541838,0.44882473456480704,-0.003887163564065599,-0.02215756065483432,-0.018341694256385432,-0.3539284881276314,0.017737292491449428,0.27,1
2025-10-24,111033.921875,111842.53125,109770.1484375,110069.3515625,48160816980,46.91725875983004,110581.51164651041,112450.53799007727,0.008759859251149305,30.0,110055.3046875,-0.008813677576855384,0.008759859251149305,0.021784140856729417,0.4691725875983004,0.004091192295650581,-0.012597681971092678,-0.016620875070706975,-0.4929488106147062,0.01741420242114668,0.3,1
2025-10-25,111641.7265625,111947.703125,110704.40625,111032.6171875,24707667305,48.21508296503783,110744.62163358572,112390.62603247895,0.005474045023684315,37.0,108305.546875,-0.02988291018262171,0.005474045023684315,0.009519911965645944,0.4821508296503783,0.00810066363206774,-0.006663362385422866,-0.01464538865027376,-1.1288266636247137,0.01617507296012559,0.37,0
2025-10-26,114472.4453125,115260.90625,111268.484375,111639.0546875,41708524143,53.871590476144426,111318.1329688033,112544.83486803607,0.025355383127430242,40.0,109556.1640625,-0.04294728951215266,0.025355383127430242,0.0552703405578463,0.5387159047614443,0.02833601552211351,0.017127489206627322,-0.010899673011836808,-0.5848305702767839,0.015358606071624188,0.4,0
2025-10-27,114119.328125,116273.3125,113882.2890625,114479.8515625,61761358733,53.09250498176642,111749.08606975662,112661.46399818154,-0.0030847352525406047,51.0,110064.015625,-0.03553572008028329,-0.0030847352525406047,0.05971609833592062,0.5309250498176642,0.021210393199670552,0.012940219974791,-0.008098402914768155,-0.18260092884277823,0.013808935424629559,0.51,0
2025-10-28,112956.1640625,116078.984375,112291.6796875,114129.0859375,64528066504,50.50168072267544,111934.79037633253,112683.2936325755,-0.01019252462848308,50.0,110639.625,-0.02050830144354257,-0.01019252462848308,0.026223718275170116,0.5050168072267543,0.009124720587169843,0.0024215695257741032,-0.00664253974225848,-0.13822115264046997,0.014848735685210028,0.5,0
2025-10-29,110055.3046875,113642.7265625,109368.71875,112921.328125,62192043469,44.649809832401274,111645.63873189676,112488.62778479213,-0.025681284408657135,51.0,106547.5234375,-0.03187289572238503,-0.025681284408657135,-0.008813677576855361,0.44649809832401277,-0.014244479788554476,-0.021631725314913197,-0.00749399356624858,-0.166649792739884,0.017391269339076858,0.51,0
2025-10-30,108305.546875,111612.3515625,106376.6875,110059.1953125,69673964814,41.52425781388862,111131.77844622034,112178.76993962235,-0.015898895718551742,34.0,101590.5234375,-0.062000734322962166,-0.015898895718551742,-0.02988291018262168,0.41524257813888615,-0.02543135375618988,-0.03452723778935196,-0.009333240986378444,0.0054189574517082345,0.017138815517641837,0.34,0
2025-10-31,109556.1640625,111031.8203125,108288.2734375,108304.4140625,60090359560,44.513921163323374,110889.37623334028,111984.50283761328,0.011547120379193476,29.0,103891.8359375,-0.051702505043610264,0.011547120379193476,-0.04294728951215265,0.4451392116332337,-0.012022902609126973,-0.02168459665025768,-0.009779269242825683,-0.10570539858596957,0.016458659112339596,0.29,0
2025-11-01,110064.015625,110574.8984375,109372.953125,109558.625,25871668762,45.72737827009246,110762.39767821101,111842.24452556785,0.004635536182247879,33.0,101301.2890625,-0.07961481791065625,0.004635536182247879,-0.03553572008028327,0.45727378270092456,-0.006305226934866126,-0.0158994386075767,-0.009655089201200506,-0.8962863344689482,0.016213915057600947,0.33,0
2025-11-02,110639.625,111167.3125,109523.453125,110064.4296875,34284209459,47.13847198252274,110743.50957387085,111753.16159774801,0.005229768982454308,37.0,103372.40625,-0.06568368927497721,0.005229768982454308,-0.020508301443542543,0.4713847198252274,-0.0009380646709733487,-0.009964251407545421,-0.009034661833652424,-0.5848931027493636,0.0147335656835111,0.37,0
2025-11-03,106547.5234375,110764.9140625,105336.359375,110646.90625,72852006359,39.31294094971936,110097.97324519842,111367.55877106296,-0.03698585893164408,42.0,102282.1171875,-0.040032899051868215,-0.03698585893164408,-0.03187289572238505,0.3931294094971936,-0.03224809415693086,-0.04328042552743261,-0.011399958299116664,0.18470921801688353,0.018534856079559688,0.42,0
2025-11-04,101590.5234375,107264.8828125,98962.0625,106541.421875,110967184773,32.314610552657854,108789.13481324482,110643.33393153978,-0.046523840630681046,21.0,104719.640625,0.030801270449453678,-0.046523840630681046,-0.06200073432296216,0.3231461055265785,-0.06617031552004227,-0.0818197551751394,-0.01675834460521808,0.5743099833328518,0.02247011420518652,0.21,2
2025-11-05,103891.8359375,104534.703125,98989.9140625,101579.234375,77584934804,37.84641071243076,108035.70421697639,110143.22296901832,0.02265282648549194,23.0,105996.59375,0.02025912617201409,0.02265282648549194,-0.05170250504361029,0.3784641071243076,-0.03835647029387568,-0.05675689219006008,-0.019134347944718688,0.22425821548236022,0.022020617935940814,0.23,1
2025-11-06,101301.2890625,104147.3046875,100336.8671875,103893.6640625,63932752861,34.43472718186345,106999.64034705695,109488.26490186881,-0.02493503798083263,27.0,102997.46875,0.016743910202894906,-0.02493503798083263,-0.07961481791065628,0.3443472718186345,-0.053255798487491735,-0.07477491625889365,-0.022729600811944084,0.059988584093079715,0.02240178694508499,0.27,1
2025-11-07,103372.40625,104052.9140625,99257.0546875,101286.2421875,92168030081,39.15701501359504,106441.6043321251,109035.23833506371,0.020445121741957006,24.0,101663.1875,-0.01653457447692914,0.020445121741957006,-0.06568368927497725,0.3915701501359504,-0.028834571795333108,-0.05193579774331225,-0.023787117289260196,0.381595209669012,0.024604731655046407,0.24,0
2025-11-08,102282.1171875,103373.5625,101458.0390625,103371.703125,51446691095,37.620880646819806,105801.68323295201,108535.00713894788,-0.010547196317199026,20.0,99697.4921875,-0.025269568826600995,-0.010547196317199026,-0.04003289905186824,0.37620880646819804,-0.033265690468295306,-0.05761173391220087,-0.02518379993743991,-0.204478488661818,0.023889056596145333,0.2,0
2025-11-09,104719.640625,105418.3671875,101468.875,102278.984375,59679243013,43.00424718119393,105635.21513942092,108252.38739717397,0.02383137448193029,22.0,94397.7890625,-0.09856652964903163,0.02383137448193029,0.030801270449453577,0.43004247181193933,-0.008667322854528314,-0.032634354374213026,-0.02417657772433912,-0.053002961217243,0.025501067991374433,0.22,0
2025-11-10,105996.59375,106564.6953125,104350.6484375,104723.7734375,69585887229,45.65044055493197,105690.81184874078,108085.29157145738,0.012194017448672767,29.0,95549.1484375,-0.0985639721323592,0.012194017448672767,0.020259126172014197,0.4565044055493197,0.0028931739278987845,-0.019324533348522244,-0.022153613020820306,0.12601020979131314,0.02554303981357535,0.29,0
2025-11-11,102997.46875,107428.2578125,102457.328125,105996.859375,71130078574,40.853022437238806,105276.45137201142,107708.41580690499,-0.028294541304540788,26.0,94177.078125,-0.08563696498609341,-0.028294541304540788,0.016743910202895007,0.40853022437238806,-0.0216476010761254,-0.04373796626394144,-0.022579149611238303,0.15587699924966503,0.026551990288634274,0.26,0
2025-11-12,101663.1875,105297.234375,100836.6171875,103011.4375,64347179408,38.894672852388766,104720.56462247121,107260.62111750462,-0.012954505253314763,24.0,92093.875,-0.09412760641603923,-0.012954505253314763,-0.016534574476929187,0.3889467285238877,-0.029195575229119308,-0.05218535525141699,-0.02368116526428432,0.0479647397780847,0.026296590647450442,0.24,0
2025-11-13,99697.4921875,104005.4921875,97988.71875,101674.1484375,101546815416,36.14566636004172,103947.78424786025,106700.38934491169,-0.01933536967351135,15.0,92948.875,-0.06769094226370256,-0.01933536967351135,-0.02526956882660103,0.3614566636004172,-0.04088872207439809,-0.06563141147287332,-0.025797516897089978,0.46159101236632266,0.024686249224849244,0.15,0
2025-11-14,94397.7890625,99804.4296875,94000.734375,99694.703125,114346441890,29.991092916681794,102478.55421934329,105789.08562028859,-0.053157837862490065,16.0,91465.9921875,-0.031057897691426663,-0.053157837862490065,-0.09856652964903168,0.29991092916681794,-0.07885323147267831,-0.10767931768193606,-0.03129369520054148,0.5126199291708883,0.025943050693499337,0.16,0
2025-11-15,95549.1484375,96728.46875,94420.46875,94420.46875,38500716654,32.67318589912438,101412.49179136741,105030.57175489684,0.012196889211437911,10.0,86631.8984375,-0.09332631578430962,0.012196889211437911,-0.09856397213235923,0.3267318589912438,-0.05781677631913318,-0.09027298584571197,-0.03444787458619869,-0.5735912900754726,0.024800231110126657,0.1,0
2025-11-16,94177.078125,96564.1875,92971.1640625,95556.8671875,71086235862,31.142036088462703,100299.3512273109,104226.60926379336,-0.01435983820826503,10.0,85090.6875,-0.09648197635670702,-0.01435983820826503,-0.08563696498609341,0.31142036088462705,-0.06104000701296497,-0.09642001413821688,-0.03767999423777413,0.032824797129677626,0.024219161311629565,0.1,0
2025-11-17,92093.875,95928.3671875,91214.7578125,94180.875,94186165724,28.925631765559046,99036.97026926307,103327.88820721608,-0.02212006537551514,14.0,84648.359375,-0.0808470229426224,-0.02212006537551514,-0.09412760641603923,0.28925631765559046,-0.07010609523278111,-0.10872198592394666,-0.04152720056900716,0.2928766813792268,0.022542469383751033,0.14,0
2025-11-18,92948.875,93745.078125,89300.4609375,92094.53125,101333569062,31.09325065671611,98100.34022783798,102559.07241408897,0.009284005043766586,11.0,86805.0078125,-0.06609942495269577,0.009284005043766586,-0.06769094226370254,0.3109325065671611,-0.052512205522159294,-0.09370402040384262,-0.04347477099099106,0.3385524819978749,0.023465049212438895,0.11,0
2025-11-19,91465.9921875,92946.1640625,88526.828125,92946.1640625,80350354656,29.417530360854258,97079.67129855521,101737.36276767496,-0.015953746750565823,15.0,88270.5625,-0.03493571338459385,-0.015953746750565823,-0.03105789769142664,0.2941753036085426,-0.057825485356157724,-0.10095967008335394,-0.045781523546624014,0.09916794623771231,0.020401624150810944,0.15,0
2025-11-20,86631.8984375,93025.0703125,86040.796875,91459.3515625,97970645638,24.737178668192783,95472.32162762365,100618.4394839583,-0.05285126891851111,11.0,87341.890625,0.00819550535432649,-0.05285126891851111,-0.09332631578430961,0.24737178668192783,-0.0925967132610902,-0.13900574405835608,-0.05114487844104454,0.27174297393611585,0.02171481073082492,0.11,1
2025-11-21,85090.6875,87380.8046875,80659.8125,86528.7734375,129157506112,23.45586508544541,93875.14714645078,99468.23563329472,-0.017790340109098413,14.0,90518.3671875,0.06378700004627416,-0.017790340109098413,-0.09648197635670697,0.2345586508544541,-0.09357598803809597,-0.14454411543298917,-0.056229895415695785,0.4812230529355069,0.0215088909966842,0.14,2
2025-11-22,84648.359375,85503.0078125,83490.8984375,85098.5625,40793099246,23.086269998023624,92455.64133545835,98370.4670215692,-0.0051983141515926645,11.0,91285.375,0.07840690208297377,-0.0051983141515926645,-0.08084702294262236,0.23086269998023623,-0.08444354338672588,-0.13949418013396664,-0.06012806348488653,-0.6753654496916025,0.021875978100875975,0.11,2
2025-11-23,86805.0078125,88038.46875,84641.7734375,84648.609375,58083435576,28.963538590931847,91586.31310115707,97513.76633941593,0.025477734635657168,13.0,90919.265625,0.047396549072224646,0.025477734635657168,-0.06609942495269572,0.2896353859093185,-0.052205456544321405,-0.10981791524328965,-0.060785809642786126,-0.3127418743741315,0.025794775956935707,0.13,2
2025-11-24,88270.5625,89206.3359375,85272.1953125,86798.7734375,74433896110,32.72562440686659,91076.19762405599,96829.08457353327,0.01688329653360121,19.0,90851.7578125,0.029241858660411277,0.01688329653360121,-0.03493571338459389,0.3272562440686659,-0.030805360755584932,-0.08838792715254695,-0.05941279910695085,-0.041439271073337204,0.02319188883838075,0.19,1
2025-11-25,87341.890625,88457.3359375,86131.4296875,88269.9609375,64837343545,31.584161818354602,90501.68885497045,96126.32946623451,-0.010520742688141405,20.0,90394.3125,0.034947971164323535,-0.010520742688141405,0.00819550535432656,0.315841618183546,-0.03491424602069071,-0.09138431572298977,-0.058513007232215086,-0.17121960827853913,0.022256932299831604,0.2,2
2025-11-26,90518.3671875,90581.15625,86316.8984375,87345.5859375,66496301869,39.37355917663016,90504.25475228268,95710.92485299493,0.03636830551491177,15.0,86321.5703125,-0.04636403644253484,0.03636830551491177,0.06378700004627413,0.3937355917663016,0.0001559311797654228,-0.05425250746944843,-0.054399955999895666,-0.14761942854576435,0.026250159353631314,0.15,0
2025-11-27,91285.375,91897.578125,90089.515625,90517.765625,57040622845,41.11687812292252,90624.42709808535,95383.10634536568,0.008473504729832548,22.0,91350.203125,0.0007101698930414647,0.008473504729832548,0.07840690208297385,0.41116878122922523,0.0072932643336800496,-0.042960766349216084,-0.049890168496400045,-0.27795029611637695,0.025632866595145222,0.22,1
2025-11-28,90919.265625,92969.0859375,90257.1171875,91285.3828125,60895830289,40.51797272051753,90669.78687145683,95052.45147719045,-0.004010602738938163,25.0,93527.8046875,0.02869071856848272,-0.004010602738938163,0.04739654907222457,0.40517972720517526,0.002751509208870795,-0.043483211510670805,-0.04610785453319233,-0.21880255658005965,0.025408041449602663,0.25,1
2025-11-29,90851.7578125,91187.6171875,90260.1875,90918.7421875,37921773455,40.40111448824899,90697.7824008481,94741.28898350967,-0.0007425028351905061,28.0,92141.625,0.014197492911056602,-0.0007425028351905061,0.02924185866041129,0.4040111448824899,0.0016976755944417832,-0.04105423530480645,-0.04267945503005954,-0.6779840307270364,0.024924736985313927,0.28,1
2025-11-30,90394.3125,91965.046875,90394.3125,90838.2109375,38497902869,39.56833652040507,90651.09472379455,94419.29072547192,-0.005035073877646679,28.0,89387.7578125,-0.011135155074054022,-0.005035073877646679,0.034947971164323466,0.3956833652040507,-0.0028326433848034904,-0.04262876997429177,-0.039909175050187096,-0.641878224712564,0.01710113795602371,0.28,1
2025-12-01,86321.5703125,90398.15625,83862.25,90389.109375,87962894424,33.03867180028212,89985.01404513385,93819.45958377028,-0.045055292472078956,24.0,89272.375,0.03418386246702351,-0.045055292472078956,-0.04636403644253484,0.33038671800282116,-0.040711709294131704,-0.0799182739330907,-0.04087047138885613,0.17299273783064886,0.022387001888856707,0.24,2
2025-12-02,91350.203125,92316.6328125,86202.1953125,86322.5390625,78546798211,45.0878909355579,90195.04313434403,93636.55169793544,0.05825464938016567,23.0,90405.640625,-0.01034001532221552,0.05825464938016567,0.0007101698930414013,0.450878909355579,0.012807355598637216,-0.02441726581635595,-0.036753901133538824,0.05022230882823881,0.028408486795485414,0.23,1
2025-12-03,93527.8046875,94060.7734375,91056.390625,91345.09375,77650204986,49.33917639449438,90707.77568098341,93628.49636382911,0.023837949867722363,28.0,90640.203125,-0.030874257897405007,0.023837949867722363,0.02869071856848282,0.49339176394494383,0.031089165017501363,-0.0010754383573333692,-0.031194783599814868,0.054866377692265086,0.028300982015285248,0.28,0
2025-12-04,92141.625,94038.2421875,90976.1015625,93454.2578125,64538402681,46.85254656928369,90928.36788390903,93518.35774428622,-0.014821043775501641,26.0,92691.7109375,0.005970004734559435,-0.014821043775501641,0.014197492911056653,0.4685254656928369,0.013342998937800887,-0.01472152396057591,-0.027694988693654943,-0.09561920865735567,0.02894453431924705,0.26,1
2025-12-05,89387.7578125,92702.640625,88152.140625,92133.6484375,63256398633,42.29229653235195,90691.35094984609,93212.3873789687,-0.029887330373216225,28.0,92020.9453125,0.029458032782558225,-0.029887330373216225,-0.011135155074054048,0.4229229653235195,-0.01437395213207271,-0.04103134437399514,-0.02704615234102914,-0.13296329380816457,0.030670668086246036,0.28,1
2025-12-06,89272.375,90267.4609375,88951.6640625,89389.359375,37994042405,42.10737120496177,90473.04695756207,92920.5346101562,-0.0012908122468182626,23.0,92511.3359375,0.03628178299837996,-0.0012908122468182626,0.03418386246702343,0.42107371204961774,-0.013271045885359212,-0.039261069961143535,-0.026339577821656524,-0.6195633731518815,0.028303202015500826,0.23,2
2025-12-07,90405.640625,91740.84375,87799.5625,89277.8125,47394898960,44.66653606715114,90462.67675255252,92734.2461668113,0.012694471554050235,20.0,90270.4140625,-0.0014957757233413774,0.012694471554050235,-0.010340015322215512,0.4466653606715114,-0.000630493476426075,-0.02511052429997196,-0.024495475060773653,-0.3647770497671119,0.028491488529223605,0.2,1
2025-12-08,90640.203125,92267.1171875,89644.890625,90424.5859375,57394099056,45.20643947073876,90489.98850215983,92579.13186741786,0.0025945560296725123,20.0,90298.7109375,-0.003767557614903569,0.0025945560296725123,-0.030874257897405055,0.4520643947073876,0.0016600137244640045,-0.02094347509322725,-0.02256602890001047,-0.14063437773430698,0.02848033993500623,0.2,1
2025-12-09,92691.7109375,94601.5703125,89586.9765625,90639.703125,66861721440,49.81826779457337,90828.7150306737,92587.47105779432,0.022633530616329445,22.0,88175.1796875,-0.04872637697933312,0.022633530616329445,0.005970004734559442,0.49818267794573373,0.020511089540319327,0.0011258529746493995,-0.01899561578934128,0.022312480731444803,0.029353553655465783,0.22,0
2025-12-10,92020.9453125,94477.15625,91640.1328125,92695.234375,65420694513,48.38432892195147,91012.1350740316,92545.50618777251,-0.007236522211271801,26.0,86419.78125,-0.06086836038772083,-0.007236522211271801,0.029458032782558208,0.4838432892195147,0.011084348671172473,-0.005668139890101065,-0.01656883383002672,0.025729960257487285,0.029423620242632398,0.26,0
2025-12-11,92511.3359375,93554.265625,89335.296875,92011.3046875,64532834621,49.52812215540347,91242.78136071905,92542.9750581227,0.005329119618741718,29.0,87843.984375,-0.05045167184325637,0.005329119618741718,0.03628178299837992,0.49528122155403476,0.013903067813834546,-0.000341885708805334,-0.014049620693381115,0.06407371104824479,0.024306821909980507,0.29,0
2025-12-12,90270.4140625,92747.9296875,89532.6015625,92513.6640625,80275884583,44.6580546001637,91093.18639176227,92374.63720659509,-0.024223213861206738,29.0,86143.7578125,-0.04571438264526904,-0.024223213861206738,-0.0014957757233413638,0.446580546001637,-0.009032204952451606,-0.02277923040053742,-0.013872323113614637,0.2502739181382686,0.01831746760377457,0.29,0
2025-12-13,90298.7109375,90647.5703125,89800.9921875,90257.796875,64237748110,44.731956169412626,90970.95939879885,92220.86489036582,0.00031346787642294593,23.0,85462.5078125,-0.05355783127787244,0.00031346787642294593,-0.0037675576149035495,0.4473195616941263,-0.007389703986212193,-0.02084293999140996,-0.013553391556811789,0.022484445051245597,0.016150302370700958,0.23,0
2025-12-14,88175.1796875,90498.109375,87634.9375,90296.4375,50465972205,40.37469712675575,90540.83944321441,91921.18450496836,-0.023516739363752315,21.0,88103.3828125,-0.0008142526644624253,-0.023516739363752315,-0.04872637697933313,0.4037469712675575,-0.026128096119520827,-0.04075235581049208,-0.015016615257817278,-0.1995430576972449,0.01704359308259629,0.21,1
2025-12-15,86419.78125,89983.921875,85304.078125,88171.078125,45559514323,37.15295630240303,89906.8304904122,91513.67315274848,-0.019908078936967,16.0,88344.0,0.022265952565113673,-0.019908078936967,-0.06086836038772081,0.3715295630240303,-0.03878514259029597,-0.05566263190251475,-0.017558498167309255,-0.28605443502713057,0.015607972824922529,0.16,1
2025-12-16,87843.984375,88170.09375,85381.6875,86424.40625,41262178223,41.249113871271426,89589.46954957956,91241.84435439674,0.01648005936140917,11.0,88621.75,0.008853942936829588,0.01648005936140917,-0.050451671843256385,0.41249113871271426,-0.019483151126523768,-0.03724015010261028,-0.01810983564075186,-0.3641041409221648,0.016821703981903892,0.11,1
2025-12-17,86143.7578125,90264.5703125,85316.265625,87847.6171875,44243392914,38.0599315377999,89059.36005156732,90864.20831425625,-0.01935507109105894,16.0,88490.015625,0.02723653892144862,-0.01935507109105894,-0.04571438264526906,0.38059931537799896,-0.0327377407313405,-0.05195060397632523,-0.019863137490251592,-0.2835112191785135,0.01687325465038639,0.16,1
2025-12-18,85462.5078125,89412.6640625,84436.3125,86144.3671875,52667115348,36.831178119513794,88505.99816863389,90464.08235116319,-0.007908292107279613,17.0,87414.0,0.02283448306690772,-0.007908292107279613,-0.05355783127787239,0.36831178119513797,-0.0343873909012925,-0.05528795969264455,-0.021644879731697486,-0.10219768323055495,0.016695460132484918,0.17,1
2025-12-19,88103.3828125,89339.1171875,85107.6640625,85476.1328125,46733310561,44.33381927320146,88444.05734461329,90289.21571866963,0.03090097713717843,16.0,87611.9609375,-0.0055777866787003515,0.03090097713717843,-0.0008142526644624448,0.44333819273201464,-0.003851864583573894,-0.02420923571847633,-0.02043608817918663,-0.22925600067570895,0.018376617819615575,0.16,1
2025-12-20,88344.0,88497.203125,87924.875,88101.671875,14688196659,44.97507950199881,88428.66390698047,90145.12566543484,0.002731077738661547,20.0,87234.7421875,-0.01255611940256271,0.002731077738661547,0.022265952565113656,0.44975079501998816,-0.0009574260566632686,-0.019980289029930987,-0.01904109341224791,-1.3662060011894357,0.01850641699717332,0.2,1
2025-12-21,88621.75,89027.953125,87613.203125,88344.703125,19845522660,45.75193322460213,88458.3694597527,90032.28302355077,0.0031439599746445612,20.0,87301.4296875,-0.014898377796646985,0.0031439599746445612,0.008853942936829506,0.4575193322460213,0.0018469766201334448,-0.015666969404539044,-0.017481657811413753,-1.0043047413107722,0.018397711154323607,0.2,1
2025-12-22,88490.015625,90501.9296875,87908.0703125,88621.3984375,38047472118,45.42436750375547,88463.23810055999,89918.04099402849,-0.0014864790528285043,25.0,87802.15625,-0.007773299282881667,-0.0014864790528285043,0.027236538921448616,0.4542436750375547,0.00030269663438686756,-0.015881411041009263,-0.016179210282896594,-0.31535626829209856,0.016990282685378423,0.25,1
2025-12-23,87414.0,88898.3828125,86606.9765625,88490.03125,43683011533,42.73309606367997,88301.81685431999,89732.5564759523,-0.01215974047919599,24.0,87835.8359375,0.004825725141281717,-0.01215974047919599,0.02283448306690783,0.4273309606367997,-0.010054344134104332,-0.02583852023176958,-0.01594448746164656,-0.14412496529987515,0.017268523650110383,0.24,1
2025-12-24,87611.9609375,87956.8828125,86411.796875,87404.3203125,25550297986,43.39752667061525,88195.68517480922,89575.47532495583,0.0022646365284737513,24.0,87138.140625,-0.005408169243443947,0.0022646365284737513,-0.005577786678700347,0.4339752667061525,-0.006618512415343614,-0.021920222921873678,-0.015403659820292348,-0.6410326536761884,0.01573986164230097,0.24,1
2025-12-25,87234.7421875,88501.7890625,86949.2578125,87608.3203125,19953216347,42.38829623377838,88047.84779214625,89402.08768514429,-0.004305562231041726,23.0,88430.1328125,0.013703148482179952,-0.004305562231041726,-0.012556119402562738,0.4238829623377838,-0.009234815217354808,-0.024242672109372143,-0.015147743504238864,-0.8426271713891095,0.014314253813530966,0.23,1
2025-12-26,87301.4296875,89459.4296875,86628.140625,87235.5078125,42455674908,42.642249218882355,87933.01423758529,89246.48338902248,0.0007644603322913834,20.0,87508.828125,0.002375659118555028,0.0007644603322913834,-0.014898377796646933,0.42642249218882355,-0.007182564541445391,-0.021794177514469215,-0.014717321081569423,-0.09235934461585173,0.013252951142265235,0.2,1
2025-12-27,87802.15625,87874.78125,87182.9765625,87301.4296875,13741199310,44.61633127601254,87912.88223949523,89139.49619353934,0.005735605525503784,23.0,88731.984375,0.010590037474165107,0.005735605525503784,-0.007773299282881618,0.4461633127601254,-0.001259496750357747,-0.015002776554129404,-0.013760611248922583,-1.1836149235041469,0.01156257801541427,0.23,1
2025-12-28,87835.8359375,87986.890625,87394.953125,87799.34375,15156557929,44.75406032841641,87901.02896226519,89042.92876716606,0.00038358610925337544,24.0,89944.6953125,0.02400910007278315,0.00038358610925337544,0.004825725141281767,0.44754060328416406,-0.0007416639547322967,-0.013556301958827288,-0.012824149213316649,-1.037382008845067,0.011062105101415108,0.24,1
2025-12-29,87138.140625,90299.15625,86717.9140625,87835.7890625,48411625849,42.40167076740466,87783.66152576284,88901.83334922783,-0.007943173820266769,24.0,90603.1875,0.03976498523088609,-0.007943173820266769,-0.005408169243443894,0.4240167076740466,-0.0073535426700490625,-0.019838654140006518,-0.01257760139852837,0.14573012943897473,0.005537569760026975,0.24,2
2025-12-30,88430.1328125,89297.9375,86735.546875,87134.3515625,35586356225,47.86645277123363,87883.11864679932,88866.89256872947,0.014826942349620564,23.0,91413.4921875,0.033736909355611515,0.014826942349620564,0.013703148482179905,0.4786645277123363,0.00622433721200899,-0.0049147634580749555,-0.011070196036947033,-0.1257493755756788,0.007453790242279326,0.23,2
2025-12-31,87508.828125,89080.2890625,87130.5625,88429.5859375,33830210616,44.6157362606135,87825.53548959944,88766.2952025273,-0.01041844740246467,21.0,93882.5546875,0.07283524073017633,-0.01041844740246467,0.0023756591185550846,0.44615736260613503,-0.003606096596324715,-0.0141660421295976,-0.01059816353472276,-0.13757423167639113,0.008052724099148189,0.21,2
2026-01-01,88731.984375,88803.2265625,87399.40625,87508.046875,18849043990,49.51749663633062,87964.98916427644,88763.7536597475,0.013977518339667538,20.0,93729.03125,0.05631618531015187,0.013977518339667538,0.010590037474165204,0.4951749663633062,0.008719323653768374,-0.00035790830646120764,-0.00899876878272754,-0.6400427824467659,0.009375053531941974,0.2,2
2026-01-02,89944.6953125,90884.4609375,88298.6171875,88733.0625,46398906171,53.87614035892733,88269.55934092622,88851.23081921064,0.013667122921255048,28.0,91308.0546875,0.015157751885902805,0.013667122921255048,0.02400910007278312,0.5387614035892733,0.01897750463558845,0.012306689318848818,-0.006546577609802262,0.28603800755954245,0.009111085307318662,0.28,1
2026-01-03,90603.1875,90679.5703125,89328.0703125,89945.0546875,20774828592,56.092922600873884,88628.5790577068,88981.005388158,0.007321078638514056,29.0,91027.125,0.00467905723515522,0.007321078638514056,0.03976498523088612,0.5609292260087388,0.02227959043558081,0.018230656135718393,-0.003960691710706343,-0.47397158752007207,0.009211950050638117,0.29,1
2026-01-04,91413.4921875,91712.5859375,90595.1015625,90603.0,26770491368,58.72197196927615,89057.02723152113,89161.18959551667,0.008943445698309516,25.0,90513.1015625,-0.009849646955322429,0.008943445698309516,0.033736909355611466,0.5872197196927614,0.026460179833454056,0.025261019981911437,-0.0011682478045444977,-0.19185864994264815,0.008928832813562802,0.25,1
2026-01-05,93882.5546875,94762.0703125,91414.625,91414.625,53376407252,65.50063086362476,89799.4160709025,89510.92034307099,0.027009825802690735,26.0,90386.6484375,-0.037237016628239056,0.027009825802690735,0.07283524073017622,0.6550063086362476,0.045469545296080716,0.04883911736884983,0.0032230226962899344,0.479706126891869,0.011202774675423324,0.26,0
2026-01-06,93729.03125,94395.296875,91286.546875,93876.9453125,52430605257,64.78819137837127,90403.97225230212,89823.37300284351,-0.0016352711961346023,44.0,90827.4609375,-0.030957007383984884,-0.0016352711961346023,0.05631618531015192,0.6478819137837126,0.03678000993604802,0.04348153622590911,0.006463788099342782,0.4495133694900401,0.01155768362119304,0.44,0
2026-01-07,91308.0546875,93738.7890625,90601.8046875,93727.46875,43461295053,54.68671373446643,90543.06185771718,89933.34942392918,-0.025829527204251357,42.0,91192.9921875,-0.0012601571722648031,-0.025829527204251357,0.015157751885902737,0.5468671373446643,0.00844893925704615,0.015285823027570311,0.00677960331393801,0.27575081648255817,0.015446083552095608,0.42,1
2026-01-08,91027.125,91485.8515625,89233.875,91309.640625,42386697030,53.6415552603662,90617.53311037608,90014.36983697145,-0.003076724046541912,28.0,95321.78125,0.0471799614675296,-0.003076724046541912,0.00467905723515516,0.5364155526036619,0.0045200070622648525,0.011251038749288345,0.006700744275575543,0.2573247371835436,0.015101082370944272,0.28,2
2026-01-09,90513.1015625,91910.671875,89625.3828125,91026.2734375,38305906684,51.69477498202015,90601.46671839514,90051.31292775135,-0.005646925984974294,27.0,96929.328125,0.07088726882339288,-0.005646925984974294,-0.009849646955322422,0.5169477498202015,-0.0009753170571707992,0.005128061099110681,0.006109336696569656,0.12069267933845078,0.014929107325315114,0.27,2
2026-01-10,90386.6484375,90713.03125,90283.3984375,90510.1015625,12385895282,51.202465973585525,90568.41775210357,90076.15259514014,-0.001397069847536736,25.0,95551.1875,0.05713829588527274,-0.001397069847536736,-0.037237016628239084,0.5120246597358552,-0.0020069834398686037,0.0034470371281889456,0.005464988709897423,-0.9973063389125268,0.014326772621403265,0.25,2
2026-01-11,90827.4609375,91155.2265625,90212.0234375,90385.359375,17165568977,52.88685441735247,90608.27054985687,90131.80506494456,0.004876964768804504,29.0,95525.1171875,0.05172066026631022,0.004876964768804504,-0.03095700738398488,0.5288685441735247,0.002419099121007129,0.007718206376252867,0.005286319125296313,-0.6393705883401032,0.013856847862528833,0.29,2
2026-01-12,91192.9921875,92395.5234375,90055.0234375,90825.859375,41346275358,54.29567903648123,90698.22772487889,90210.41151846718,0.004024457429802286,27.0,95099.921875,0.042842433324997646,0.004024457429802286,-0.0012601571722647975,0.5429567903648124,0.00545506207819102,0.010892098289914998,0.005407537757566416,0.2433038992574171,0.013312283343963314,0.27,2
2026-01-13,95321.78125,96011.625,90941.9296875,91185.3359375,54980674354,66.48618160016471,91409.5436518206,90589.03149858072,0.04527528885126264,26.0,93634.4296875,-0.017701636922568525,0.04527528885126264,0.047179961467529674,0.6648618160016472,0.04279900590119046,0.0522441809248555,0.009057522082601466,0.4839098064952935,0.019253862692965584,0.26,0
2026-01-14,96929.328125,97860.6015625,94583.046875,95322.90625,60592490863,69.85728692849071,92258.74126307896,91058.6831005377,0.016864423365986925,48.0,92553.59375,-0.045143554171313924,0.016864423365986925,0.0708872688233928,0.6985728692849071,0.05062487085752343,0.06447100731712241,0.013178953633848245,0.5228673871681367,0.019582616206934324,0.48,0
2026-01-15,95551.1875,97150.171875,95103.2421875,96931.2890625,53086363027,63.92110431887571,92765.2714533745,91391.46120420158,-0.01421799419905967,61.0,88310.90625,-0.07577384896446211,-0.01421799419905967,0.05713829588527264,0.6392110431887571,0.03003188588765937,0.04551548077893286,0.015032151046401765,0.37592731926893835,0.019010315164358874,0.61,0
2026-01-16,95525.1171875,95801.890625,94259.2734375,95554.1015625,33248170537,63.810638983263075,93189.86310477843,91697.65794370516,-0.00027284132392391136,49.0,89376.9609375,-0.06436167189339519,-0.00027284132392391136,0.05172066026631028,0.6381063898326308,0.025059099830374354,0.041739989107950626,0.016273100039145616,-0.1183984635144564,0.018986841849209943,0.49,0
2026-01-17,95099.921875,95598.4765625,95005.6171875,95525.15625,16021715122,61.930822265177966,93483.71830019714,91949.67749417144,-0.004451136256293897,50.0,89462.453125,-0.05927942566987519,-0.004451136256293897,0.04284243332499771,0.6193082226517796,0.017288610296959606,0.034260526699816385,0.01668348218103266,-0.8496083291637573,0.016544105552734296,0.5,0
2026-01-18,93634.4296875,95491.5078125,93588.8671875,95101.1796875,20809781232,55.826435575236324,93506.9046674745,92074.4739529365,-0.01541002514624834,49.0,89503.875,-0.04411363107871228,-0.01541002514624834,-0.017701636922568542,0.5582643557523632,0.0013638032451079862,0.016942325789022217,0.015557305440269786,-0.5506033350948399,0.017574302654896224,0.49,0
2026-01-19,92553.59375,93660.828125,92089.25,93655.671875,39195241508,51.773206009967225,93360.2414494015,92109.96430827453,-0.011543146480490485,44.0,89110.734375,-0.0371985488137785,-0.011543146480490485,-0.04514355417131388,0.5177320600996722,-0.00864016295243486,0.004816302395262317,0.01357374471390016,0.07754155610316206,0.017989329548982958,0.44,0
2026-01-20,88310.90625,92798.4296875,87814.9296875,92553.6015625,53072968031,39.614626929209635,92583.42064949356,91828.55260025419,-0.04584033237499219,32.0,86572.21875,-0.019688253397354305,-0.04584033237499219,-0.07577384896446215,0.39614626929209634,-0.04614772676923051,-0.03830667314954994,0.008220406702101224,0.35447316271034673,0.023630262179087345,0.32,0
2026-01-21,89376.9609375,90430.40625,87231.5703125,88326.5078125,56330422434,43.222702340028626,92090.11915534071,91646.95321782795,0.012071608510981546,24.0,88267.140625,-0.012417297487616313,0.012071608510981546,-0.06436167189339514,0.43222702340028624,-0.029461990523261927,-0.02476887884022283,0.0048355774191362055,0.36493237278698615,0.02397230799489848,0.24,1
2026-01-22,89462.453125,90258.9609375,88438.4453125,89378.5234375,35549685694,43.51418643975197,91685.8628429806,91485.138396137,0.000956534957143873,20.0,89102.5703125,-0.004022724617188391,0.000956534957143873,-0.05927942566987521,0.4351418643975197,-0.024250300417506754,-0.02210944101520218,0.0021940661659651806,-0.08140277280579233,0.023915448835354805,0.2,1
2026-01-23,89503.875,91100.25,88486.359375,89462.046875,38997586037,43.665092175325405,91350.17240559896,91338.3781445713,0.00046300848627667257,24.0,89184.5703125,-0.0035674956810529154,0.00046300848627667257,-0.044113631078712245,0.43665092175325404,-0.020211208769276512,-0.020084691471832672,0.00012912711247170527,-0.012185850377616221,0.017475698106447172,0.24,1
2026-01-24,89110.734375,89811.609375,89044.2890625,89506.1484375,14558687712,42.50443630405906,91005.6434778145,91173.36749497343,-0.00439244250598092,25.0,84561.5859375,-0.05105051001326124,-0.00439244250598092,-0.03719854881377849,0.4250443630405906,-0.020821885658953154,-0.022623197723689925,-0.001839616345948536,-0.9819093294238169,0.015554030194186998,0.25,0
2026-01-25,86572.21875,89193.1484375,86003.7109375,89104.765625,36124986722,35.873698621907835,90323.57813507381,90832.54166201243,-0.028487203509257375,25.0,84128.65625,-0.028225711842461008,-0.028487203509257375,-0.01968825339735425,0.35873698621907835,-0.04153244880825979,-0.046903046353861555,-0.005603317023016641,-0.0506685061164204,0.016768113939296742,0.25,0
2026-01-26,88267.140625,88743.0703125,86429.2890625,86566.5234375,45329286974,42.34134974478109,90007.20313352399,90642.51195556707,0.019578126787931138,20.0,78621.1171875,-0.10928215606848315,0.019578126787931138,-0.01241729748761633,0.4234134974478109,-0.019332480600942947,-0.026205930079822526,-0.00700894986620082,0.18568718443000118,0.019029464886609223,0.2,0
2026-01-27,89102.5703125,89427.125,87228.921875,88257.4765625,38744942267,45.27136519865472,89868.02885336644,90528.44220422878,0.009464787027023913,29.0,76974.4453125,-0.13611419914671724,0.009464787027023913,-0.0040227246171884445,0.4527136519865472,-0.008517584625288732,-0.015750540460113815,-0.007295092401705783,0.03501760968165462,0.019787615113520788,0.29,0
2026-01-28,89184.5703125,90439.2890625,88721.4609375,89104.046875,39807419296,45.56376840061682,89762.88138554084,90428.8961381748,0.0009202877056453396,29.0,78688.765625,-0.11768632904462085,0.0009202877056453396,-0.003567495681052968,0.4556376840061682,-0.006442652732558063,-0.013760267777386925,-0.0073650656048736,0.06552380595822627,0.019626721437269946,0.29,0
2026-01-29,84561.5859375,89200.78125,83250.6015625,89169.8515625,64653083162,34.403718213209245,88962.68208584226,89994.28056775445,-0.05183614563372574,26.0,75633.546875,-0.10558031715605204,-0.05183614563372574,-0.05105051001326122,0.34403718213209245,-0.04947126193987195,-0.0603671099538855,-0.011462933815394316,0.515781905503467,0.02467803741872044,0.26,0
2026-01-30,84128.65625,84602.1640625,81071.4765625,84562.7265625,72083816087,33.574375410932134,88218.98580340498,89559.78987755043,-0.005119696877728619,16.0,73019.703125,-0.13204719557136632,-0.005119696877728619,-0.028225711842461032,0.33574375410932134,-0.04636563791971304,-0.06064254544339687,-0.014971049797890879,0.5500910324560478,0.020948285201196213,0.16,0
2026-01-31,78621.1171875,84136.921875,75815.8828125,84126.5,70479259159,25.23899165114088,86742.39063172729,88749.51782643558,-0.06546567255435032,20.0,62702.09765625,-0.20247765614021282,-0.06546567255435032,-0.10928215606848313,0.2523899165114088,-0.0936251973813691,-0.1141234441266864,-0.022615640556307604,0.4654485727847406,0.027424745537885827,0.2,0
2026-02-01,76974.4453125,79322.609375,75698.8984375,78626.125,53372509744,23.37078416883702,85239.62981338463,87877.29023281072,-0.02094439679701987,14.0,70555.390625,-0.08339202265686999,-0.02094439679701987,-0.13611419914671719,0.2337078416883702,-0.09696410600303662,-0.1240689703952651,-0.030015268022468677,0.17392864850201173,0.02711303903693291,0.14,0
2026-02-02,78688.765625,79258.609375,74551.3359375,76968.875,75140589684,29.242876339451357,84231.80455363315,87196.6587803803,0.022271291537603544,14.0,69281.96875,-0.11954434410407616,0.022271291537603544,-0.11768632904462084,0.29242876339451357,-0.06580695923597024,-0.09757132067191798,-0.0340019247092328,0.49376869499497295,0.02925045455267141,0.14,0
2026-02-03,75633.546875,79118.8515625,72897.140625,78693.5078125,68249110822,25.493470384516996,82908.99567999729,86340.13197257435,-0.03882661934945053,17.0,70264.7265625,-0.07098464285131412,-0.03882661934945053,-0.10558031715605198,0.25493470384517,-0.08775222453638487,-0.12400473398598999,-0.03973976196453988,0.3892590347642891,0.030213866577341066,0.17,0
2026-02-04,73019.703125,76864.65625,71779.9296875,75640.09375,67215363944,22.800072023488553,81387.56605615155,85353.4335394207,-0.03455931736640505,14.0,70120.78125,-0.0397005431539133,-0.03455931736640505,-0.13204719557136635,0.22800072023488555,-0.10281500401889809,-0.1445018659820444,-0.046464064992036924,0.358835018554069,0.030555266301616577,0.14,0
2026-02-05,62702.09765625,73161.5546875,62353.53515625,73016.375,125509410908,15.733812540690565,78512.87861001285,83675.55680733398,-0.14129892381358544,12.0,68793.9609375,0.0971556536217856,-0.14129892381358544,-0.20247765614021285,0.15733812540690564,-0.2013781844924799,-0.2506521611726604,-0.061698761195081,0.8895900871929107,0.04726185399148747,0.12,2
2026-02-06,70555.390625,71681.3046875,60074.203125,62704.453125,114674259489,32.804503344695235,77288.64968924165,82703.6926456796,0.1252476912623226,9.0,66991.96875,-0.05050530999026696,0.1252476912623226,-0.08339202265686996,0.32804503344695235,-0.08711834261970419,-0.1468894753312351,-0.0654752258721647,0.7079448507290278,0.0682275615037388,0.09,0
2026-02-07,69281.96875,71611.1484375,67364.4453125,70553.796875,62347107663,31.683676531348596,76056.85262166601,81709.49087562926,-0.018048541205989532,6.0,66221.84375,-0.044169140329171144,-0.018048541205989532,-0.11954434410407622,0.316836765313486,-0.08907657414338066,-0.15209398556338205,-0.06917970230125625,0.06246415446188299,0.06781404775679963,0.06,0
2026-02-08,70264.7265625,72206.90625,68852.8984375,69283.7265625,39721722619,33.57005073213206,75165.75630487123,80861.7305561382,0.014184900201757111,7.0,68857.84375,-0.02002260424721908,0.014184900201757111,-0.07098464285131412,0.3357005073213206,-0.0652029592104778,-0.13105091766841714,-0.07044091453512158,-0.3888042519492666,0.0678931151050848,0.07,0
2026-02-09,70120.78125,71369.96875,68291.03125,70243.328125,52081598792,33.4244701009231,74389.6062964295,80066.10468160943,-0.00204861414171964,14.0,69767.625,-0.005036399248617898,-0.00204861414171964,-0.03970054315391325,0.33424470100923104,-0.05738469739198482,-0.12421390388801812,-0.07089764648540198,-0.11704449960450937,0.06795600266155939,0.14,1
2026-02-10,68793.9609375,70464.265625,67913.09375,70137.390625,40593063077,32.04500349410769,73528.73777967112,79231.13107093466,-0.018921927121284043,9.0,68788.1875,-8.392360930118889e-05,-0.018921927121284043,0.09715565362178569,0.3204500349410769,-0.06439355529750668,-0.1317306719260437,-0.0719716254733036,-0.35272829285019586,0.06574568287942853,0.09,1
2026-02-11,66991.96875,69242.6796875,65757.3046875,68791.859375,49671946030,30.220780946046844,72523.08100587556,78324.52645456913,-0.02619404614799148,11.0,68843.15625,0.02763297652750353,-0.02619404614799148,-0.05050530999026692,0.30220780946046844,-0.07626692329063423,-0.14468721634905002,-0.07406933321274023,-0.16303565418011684,0.06585216946671964,0.11,1
2026-02-12,66221.84375,68339.4921875,65092.109375,66992.1953125,44651071271,29.449195663599923,71553.65988958701,77428.03143941586,-0.011495780977477277,5.0,67494.21875,0.019213826253516236,-0.011495780977477277,-0.044169140329171186,0.29449195663599925,-0.07451493253894248,-0.1447303706563201,-0.07586879635995003,-0.2744207132607278,0.0647666591658586,0.05,1
2026-02-13,68857.84375,69382.8359375,65835.78125,66213.375,40820775886,35.51777628220724,71138.91894503517,76793.20272168136,0.039805596623848194,9.0,66425.3203125,-0.03532674427523008,0.039805596623848194,-0.020022604247219133,0.35517776282207236,-0.032065080955160696,-0.1033341323247211,-0.07363000338895609,-0.38621227304810585,0.06633330545487852,0.09,0
2026-02-14,69767.625,70481.1640625,68706.6171875,68856.984375,36012397645,37.51549237341781,70927.95064579899,76272.78955711237,0.013212456278809848,9.0,66957.5234375,-0.040278016666039584,0.013212456278809848,-0.005036399248617873,0.3751549237341781,-0.01635921572855592,-0.08528814266379181,-0.07007530394979467,-0.5114464502187606,0.06587326719873071,0.09,0
2026-02-15,68788.1875,70939.2890625,68052.546875,69764.953125,40191152750,36.21471416474592,70598.75631567607,75718.37458991885,-0.014038567315427408,8.0,68005.421875,-0.01137936110033427,-0.014038567315427408,-8.392360930120635e-05,0.3621471416474592,-0.02564590242327036,-0.09152583012316184,-0.06761394842361557,-0.39737599457731104,0.04511250756399609,0.08,1
2026-02-16,68843.15625,70067.234375,67301.5859375,68782.3984375,33618145426,36.348105540763456,70328.66399787976,75209.09915733228,0.000799101589935125,12.0,68003.765625,-0.012192796941961823,0.000799101589935125,0.027632976527503628,0.36348105540763453,-0.021122365525449882,-0.08464325432239472,-0.06489155187516582,-0.5716611623209428,0.020034740519387445,0.12,1
2026-02-17,67494.21875,69201.8671875,66615.28125,68843.09375,34866936040,34.444455050554524,69892.59549820595,74637.62653456692,-0.019594358734823403,10.0,67659.390625,0.0024472003389179164,-0.019594358734823403,0.019213826253516197,0.34444455050554523,-0.034315176466261144,-0.09570786366389339,-0.06357424876263196,-0.531030957459996,0.020175440223812735,0.1,1
2026-02-18,66425.3203125,68434.4296875,65845.8984375,67488.0234375,33094301643,32.97090269903731,69359.16854655888,74029.30755515456,-0.015836888807606253,8.0,64616.73828125,-0.02722729860754106,-0.015836888807606253,-0.03532674427523008,0.3297090269903731,-0.042299357035825325,-0.10271590392749941,-0.06308500191111821,-0.5562378912585301,0.01965549702863436,0.08,0
2026-02-19,66957.5234375,67277.125,65637.4296875,66425.625,31492987019,34.473994842680725,68989.68468362675,73505.47169458756,0.008012052068341324,9.0,64080.04296875,-0.04297471472994248,0.008012052068341324,-0.040278016666039584,0.3447399484268072,-0.0294560158586874,-0.0890810997621243,-0.06143470556482822,-0.570039041458475,0.020100322218530548,0.09,0
2026-02-20,68005.421875,68269.03125,66452.484375,66958.578125,47507867304,37.44831492625269,68838.25963614571,73098.06059684033,0.015650197075734784,7.0,67960.125,-0.0006660774060524127,0.015650197075734784,-0.011379361100334218,0.3744831492625269,-0.012098472064049681,-0.06966858874584769,-0.05827515704129016,-0.1380686797724637,0.02030203158895354,0.07,1
2026-02-21,68003.765625,68657.703125,67533.0703125,68000.25,18357635642,37.445421821750955,68709.8759421233,72720.70541374105,-2.435467576455963e-05,8.0,67453.7734375,-0.008087672534678111,-2.435467576455963e-05,-0.012192796941961848,0.37445421821750957,-0.0102766932328342,-0.06486377933085541,-0.055153885661563984,-1.0562927012089591,0.018274467355982097,0.08,1
2026-02-22,67659.390625,68235.2265625,67185.6015625,67998.828125,17893536012,36.80866686057692,68548.26281641203,72345.79320716763,-0.005064057803784272,9.0,65881.796875,-0.02627268341585067,-0.005064057803784272,0.0024472003389179875,0.3680866686057692,-0.012967100184473335,-0.06477781740187394,-0.0524913781770433,-1.026152841562414,0.017869120756848437,0.09,0
2026-02-23,64616.73828125,67668.4296875,63924.4375,67668.4296875,50953457309,31.68244194302035,67943.41288792556,71773.27062006261,-0.04497014110892317,5.0,66995.859375,0.03681895987065561,-0.04497014110892317,-0.02722729860754103,0.3168244194302035,-0.04896243013525092,-0.0997102720411931,-0.053360501744593836,0.03779240990021494,0.01820108883697306,0.05,2
2026-02-24,64080.04296875,64992.15625,62553.1875,64616.015625,40849331086,30.86588503660664,67349.04828497548,71203.40190515056,-0.008305824880296298,8.0,65738.1015625,0.025874804649531645,-0.008305824880296298,-0.04297471472994252,0.30865885036606644,-0.04853825554287372,-0.10004239609070265,-0.05413159367454712,-0.15599301775561927,0.016876775720567526,0.08,1
2026-02-25,67960.125,69953.53125,63942.484375,64077.76953125,53629234355,42.420012704670654,67443.06008728694,70963.1591714357,0.060550552894326426,11.0,68775.8515625,0.012003017394391196,0.060550552894326426,-0.0006660774060524011,0.42420012704670657,0.007666688196589222,-0.042318214218463046,-0.04960459941819617,0.19446910295976017,0.027325417191787722,0.11,1
2026-02-26,67453.7734375,68843.3515625,66523.734375,67954.8671875,42988597523,41.44652863959757,67444.70829501202,70703.20467262565,-0.007450715585058165,11.0,68293.6484375,0.012451119591970566,-0.007450715585058165,-0.008087672534678125,0.4144652863959757,0.00013440850612500554,-0.045958754630308074,-0.04608696865582429,0.05797644712408398,0.027393595465259647,0.11,1
2026-02-27,65881.796875,68220.40625,64946.03515625,67456.515625,40283655942,38.49314386874072,67204.26038424094,70346.063354283,-0.023304501473983996,13.0,72710.578125,0.10365201882633078,-0.023304501473983996,-0.02627268341585065,0.38493143868740715,-0.019678268932352583,-0.06346149686869718,-0.04466210076630783,0.020557706253759966,0.02768639188163979,0.13,2
2026-02-28,66995.859375,67714.5234375,63062.21875,65878.9296875,42041497112,41.665663403770466,67172.19869051158,70097.90009655834,0.016910019957618205,11.0,70841.125,0.057395571321455265,0.016910019957618205,0.03681895987065564,0.41665663403770464,-0.002625183021387145,-0.04425297644131054,-0.04173736163303998,0.06033424275116626,0.027814046566508956,0.11,2
2026-03-01,65738.1015625,68162.8203125,65076.73046875,67005.8828125,40733141929,39.206906970384836,66951.56836312519,69774.95205699846,-0.018773664883674046,14.0,68136.4921875,0.03648402627994586,-0.018773664883674046,0.025874804649531624,0.39206906970384836,-0.018124546299553623,-0.05785529585460403,-0.04046414380287755,0.04315901462067884,0.028369396136855293,0.14,2
2026-03-02,68775.8515625,70044.0,65303.13671875,65734.078125,56698092052,47.29633336859537,67232.22731687516,69700.94461296154,0.04620988327616793,10.0,67272.59375,-0.021857349321715278,0.04620988327616793,0.012003017394391247,0.4729633336859537,0.022959588090835092,-0.01327231726339484,-0.035418706443575254,0.35342681320292435,0.03185171997874318,0.1,0
2026-03-03,68293.6484375,69232.890625,66237.6171875,68785.078125,47947999049,46.24440691603218,67395.52287389437,69596.70045181624,-0.007011227255569463,14.0,65969.78125,-0.034027574169312735,-0.007011227255569463,0.012451119591970539,0.4624440691603218,0.01332619030623361,-0.018722899302078044,-0.0316276140051468,0.1879704649957398,0.031967188590283066,0.14,0
2026-03-04,72710.578125,74051.8046875,67437.40625,68290.5625,75073101274,55.916292743453006,68213.22368175678,69827.35805723726,0.06467555605177866,10.0,68402.3828125,-0.059251286726033026,0.06467555605177866,0.1036520188263308,0.5591629274345301,0.06593082983770504,0.04129069390537987,-0.023116073991477415,0.5987459476028866,0.03763187931077906,0.1,0
2026-03-05,70841.125,73555.7890625,70654.8828125,72712.65625,51172841727,51.67817111125852,68617.51619225573,69902.45190484931,-0.025710882421896564,22.0,69926.921875,-0.012904977511297287,-0.025710882421896564,0.05739557132145534,0.5167817111125852,0.03240584811484659,0.013428328614687235,-0.018381840372961755,0.20302350474584083,0.035031070921153,0.22,1
2026-03-06,68136.4921875,71378.5703125,67757.8203125,70842.15625,43776962871,46.22004207031632,68543.51249921639,69771.64007393454,-0.03817885179689062,18.0,70204.8828125,0.03035657631608246,-0.03817885179689062,0.03648402627994596,0.4622004207031632,-0.005938130347799775,-0.02343570947596807,-0.01760210270844642,0.03767083007294713,0.03790079660223096,0.18,2
2026-03-07,67272.59375,68515.1640625,66969.2578125,68136.6875,23258701211,44.59969657230784,68347.98653779848,69586.52553142088,-0.01267893913767526,12.0,70493.4609375,0.04787785051769317,-0.01267893913767526,-0.021857349321715236,0.4459969657230784,-0.015734081459791938,-0.033252583941355884,-0.017798546258257275,-0.5744713136651062,0.03313450190281201,0.12,2
2026-03-08,65969.78125,68177.7890625,65639.1953125,67272.5,33195080116,42.197189220292216,67982.1088012141,69318.61854761191,-0.01936617019467901,12.0,70968.265625,0.07576930346422818,-0.01936617019467901,-0.03402757416931268,0.42197189220292214,-0.029600840378434357,-0.04831079106563185,-0.01928067486630347,-0.21823677646500592,0.03362164050810048,0.12,2
2026-03-09,68402.3828125,69474.9453125,65858.0078125,65969.5859375,49499875378,47.846436170180205,68046.76634141193,69250.74923389991,0.03687448277691541,8.0,71214.625,0.04111321962582398,0.03687448277691541,-0.05925128672603308,0.47846436170180207,0.005226059814566808,-0.012250646105423146,-0.017385846446533515,0.16376746559464928,0.034698016499821155,0.08,2
2026-03-10,69926.921875,71770.8984375,68402.71875,68402.71875,54003996096,51.07371229968289,68336.02103888702,69300.83609620362,0.022287806357257578,13.0,72789.9140625,0.04094263140336463,0.022287806357257578,-0.012904977511297266,0.5107371229968289,0.02328055997301437,0.009034317824495597,-0.01392212723057551,0.22628058038640847,0.03495597423530599,0.13,2
2026-03-11,70204.8828125,71337.6640625,68998.8671875,69931.25,45236859848,51.661038460905424,68623.53823482749,69367.80251963298,0.003975020350486469,15.0,74861.0859375,0.06632306669374514,0.003975020350486469,0.030356576316082462,0.5166103846090543,0.02304376338423708,0.012067274188628074,-0.010729246967205675,0.03330467312446747,0.033975483937647,0.15,2
2026-03-12,70493.4609375,70775.828125,69230.15625,70209.765625,40871848129,52.30122804235486,68911.21865062325,69451.18462466016,0.004110513591636167,18.0,73922.4765625,0.04864303127406653,0.004110513591636167,0.04787785051769311,0.5230122804235485,0.022960590711632145,0.015007322315273353,-0.007774755419293178,-0.06055400770583487,0.03107654629145764,0.18,2
2026-03-13,70968.265625,73927.328125,70410.7265625,70497.046875,61167226505,53.3948850578051,69227.68741591199,69563.56099505571,0.006735442992662266,15.0,71245.578125,0.003907556392392815,0.006735442992662266,0.07576930346422817,0.533948850578051,0.02514280447692574,0.020193109867451042,-0.0048282976653192256,0.2944990482373882,0.03089302160430727,0.15,1
2026-03-14,71214.625,71291.203125,70339.5859375,70965.3828125,22283546496,53.984430821050275,69533.3701211563,69685.86203245899,0.0034714019404360474,16.0,69912.7890625,-0.01828045766582356,0.0034714019404360474,0.04111321962582393,0.5398443082105028,0.024179108188115306,0.021937921451397502,-0.0021882761704469234,-0.7200697731019585,0.0225263161684758,0.16,0
2026-03-15,72789.9140625,73173.0078125,70882.421875,71213.6796875,27991268669,57.671588866105054,70034.37688136303,69915.79181246203,0.022120302711697182,15.0,70522.5859375,-0.031148932571251446,0.022120302711697182,0.04094263140336474,0.5767158886610505,0.03934549436778445,0.04110834155675924,0.0016961127926446995,-0.46662887714660023,0.02196759257189515,0.15,0
2026-03-16,74861.0859375,74901.859375,72300.6328125,72798.171875,55572438409,61.984658030196194,70776.9475053841,70282.10989579817,0.028454105238008953,23.0,68711.5234375,-0.08214631704827452,0.028454105238008953,0.0663230666937451,0.6198465803019619,0.05770435962649012,0.06515137420448425,0.007040733556798129,0.20280765863300407,0.017826458121677928,0.23,0
2026-03-17,73922.4765625,75988.3984375,73444.2265625,74855.296875,49500721728,59.04825956688608,71260.8750526327,70551.76668592423,-0.01253801442025071,28.0,67845.2109375,-0.08221133689780795,-0.01253801442025071,0.04864303127406644,0.5904825956688609,0.037350109830976086,0.04777640638796732,0.01005089454194974,0.0916676199316027,0.01780693529614092,0.28,0
2026-03-18,71245.578125,74658.9765625,70503.859375,73936.8515625,46229011155,51.54803023252366,71258.52167915076,70603.16012585576,-0.0362122396594321,26.0,70914.859375,-0.004641954752893656,-0.0362122396594321,0.003907556392392708,0.5154803023252366,-0.00018164219304228624,0.009098997806883835,0.009282326061988755,0.019707021006984606,0.021306093464978085,0.26,1
2026-03-19,69912.7890625,71598.84375,68805.5234375,71250.3515625,44631433398,48.26118232752607,71051.48589197372,70552.02152857016,-0.01870697238447039,23.0,70517.859375,0.008654644173315483,-0.01870697238447039,-0.018280457665823535,0.4826118232752607,-0.016026361942732437,-0.009060441532653951,0.007079377069320492,-0.0202466914140609,0.020133241018816226,0.23,1
2026-03-20,70522.5859375,71346.796875,69398.8828125,69911.53125,38299078407,49.83718831286234,70970.11666820853,70549.84111441682,0.008722250723753211,11.0,71309.8828125,0.011163755051434653,0.008722250723753211,-0.031148932571251398,0.4983718831286234,-0.006305903832746651,-0.00038632513534109236,0.005957143873791537,-0.16914224076287931,0.019071063158958138,0.11,1
2026-03-21,68711.5234375,71051.2734375,68602.9140625,70522.46875,21109354718,45.412806192450496,70622.64078656107,70413.6694346452,-0.025680602546325204,12.0,68791.625,0.0011657660679414332,-0.025680602546325204,-0.08214631704827446,0.45412806192450494,-0.027060972625435165,-0.024173516460820887,0.0029677668213248243,-0.742981854872004,0.020787787673667606,0.12,1
2026-03-22,67845.2109375,69561.7734375,67372.875,68737.4453125,30108051508,43.42679058743025,70195.34388670552,70223.41324967149,-0.012607965253281006,10.0,66338.375,-0.02220990865351011,-0.012607965253281006,-0.08221133689780791,0.4342679058743025,-0.03347989794021966,-0.03386623067887706,-0.0003997151614685279,-0.3574875980469005,0.020917884619760033,0.1,0
2026-03-23,70914.859375,71782.2578125,67458.84375,67843.0,51508669357,51.51752334310968,70306.03857721237,70274.6314811773,0.04524488014825101,8.0,66319.6953125,-0.06479832439913091,0.04524488014825101,-0.00464195475289364,0.5151752334310968,0.008659580458640237,0.00911036999168302,0.0004469193985525699,0.17534258890692642,0.02597133126245195,0.08,0
2026-03-24,70517.859375,71371.3046875,68920.6953125,70912.671875,40181522399,50.51139597786352,70338.62639225661,70292.6483622012,-0.005598262529164066,11.0,65954.921875,-0.064706126085524,-0.005598262529164066,0.008654644173315518,0.5051139597786353,0.0025481444824335675,0.0032039056437074276,0.0006540944341504318,-0.03180231280387464,0.026003775174768488,0.11,0
2026-03-25,71309.8828125,71985.7421875,70383.59375,70520.046875,35409791747,52.50429164953495,70488.05045690943,70367.99906222333,0.011231529778693128,14.0,66691.4453125,-0.06476574238866128,0.011231529778693128,0.011163755051434743,0.5250429164953495,0.011659172728758715,0.013385114865122283,0.0017060509931503542,-0.13903752265476785,0.025157140861351235,0.14,0
2026-03-26,68791.625,71410.390625,68118.3515625,71310.1171875,38962070215,46.14188358886855,70227.06192507721,70251.23061316976,-0.03531428903229905,10.0,68233.3125,-0.008115995224709403,-0.03531428903229905,0.0011657660679413873,0.46141883588868554,-0.020439939899644877,-0.02077694013941056,-0.0003440322380346972,-0.03750342503859975,0.02472319800945926,0.1,1
2026-03-27,66338.375,69117.53125,65532.5703125,68790.8359375,46483453594,40.93744646237849,69628.80239814226,69961.38945663866,-0.035662044616623034,13.0,68078.5546875,0.026231870881672937,-0.035662044616623034,-0.022209908653510135,0.4093744646237849,-0.04725669959577028,-0.05178591341277128,-0.004753865826271686,0.11070145959352705,0.02621598532228668,0.13,1
2026-03-28,66319.6953125,67232.859375,65906.7421875,66338.5,20924883455,40.89961874034776,69119.70900035114,69691.6343348506,-0.0002815819275042708,12.0,66888.5703125,0.008577768599802024,-0.0002815819275042708,-0.06479832439913091,0.4089961874034776,-0.04050962783765355,-0.04838369848164692,-0.008206513449684816,-0.6726026551599678,0.024713255742965658,0.12,1
2026-03-29,65954.921875,67052.953125,64971.70703125,66319.6953125,21645889785,40.11998877105165,68632.81867337404,69414.84081930612,-0.005500227885263609,9.0,66931.1015625,0.01480071023888238,-0.005500227885263609,-0.06470612608552395,0.4011998877105165,-0.039017730149161545,-0.04984408094102877,-0.011265921475895335,-0.6041664421717526,0.024360490881731298,0.09,1
2026-03-30,66691.4453125,68087.2890625,65759.8046875,65958.3515625,37694994180,42.503191847030564,68334.14584862419,69213.10781880196,0.011167073154841889,8.0,67290.515625,0.00898271599442629,0.011167073154841889,-0.06476574238866128,0.42503191847030564,-0.02403923420310472,-0.036433308455149915,-0.012699357070901529,-0.028650790528521267,0.02453125233812959,0.08,1
2026-03-31,68233.3125,68495.2734375,65950.4375,66694.5859375,42997691338,47.237430961972784,68318.63302575893,69140.5303877796,0.02311941479563351,11.0,68981.8984375,0.010970974588108997,0.02311941479563351,-0.008115995224709405,0.4723743096197278,-0.001248861723078698,-0.01312136141697784,-0.011887345344488875,0.10585872707071946,0.024877936741735576,0.11,1
2026-04-01,68078.5546875,69230.359375,67555.359375,68232.890625,36465393617,46.82072008052918,68281.69789679602,69061.86552109222,-0.002268068291422898,8.0,68859.828125,0.0114760579316977,-0.002268068291422898,0.026231870881672892,0.46820720080529177,-0.0029750755407847995,-0.014238115726716072,-0.011296648568781098,-0.05321148459703854,0.0245275042624501,0.08,1
2026-04-02,66888.5703125,68633.1484375,65725.2578125,68077.8984375,39323384518,43.63329530314252,68067.37057613509,68900.88069082613,-0.017479577533077273,12.0,71940.703125,0.07553058450639163,-0.017479577533077273,0.008577768599802083,0.43633295303142516,-0.01731814015522415,-0.0292058731056839,-0.012097234553955727,0.05105462353396563,0.019311461013458302,0.12,2
2026-04-03,66931.1015625,67296.234375,66281.5390625,66889.015625,22815543346,43.78060779403825,67892.55995865277,68754.97112576495,0.0006358522809097877,9.0,71123.359375,0.06263542231686245,0.0006358522809097877,0.014800710238882298,0.43780607794038245,-0.014161469191002696,-0.026527093727212403,-0.012543255461989422,-0.49403433200398994,0.019413977928080764,0.09,2
2026-04-04,67290.515625,67515.015625,66769.640625,66938.6484375,15878814963,45.08667718883117,67799.93775347542,68646.4929405231,0.005369911059425414,11.0,71767.828125,0.06653705144646824,0.005369911059425414,0.008982715994426238,0.4508667718883117,-0.007513607613147122,-0.01975304574842507,-0.012332096670709003,-0.8401616724431398,0.018951244247124552,0.11,2
2026-04-05,68981.8984375,69087.65625,66610.6328125,67291.1953125,22972648674,50.87096472860808,67981.77785870997,68671.33779215101,0.02513553056906015,12.0,72979.046875,0.057944888848217996,0.02513553056906015,0.010970974588109028,0.5087096472860808,0.01471159787654619,0.00452242020228244,-0.010041451872222718,-0.42552284099173504,0.018046989256352803,0.12,2
2026-04-06,68859.828125,70305.421875,68347.078125,68982.9140625,39542143229,50.45786600235188,68116.86251506228,68685.30003902872,-0.0017695992030517527,13.0,73054.2734375,0.06091280542968971,-0.0017695992030517527,0.011476057931697703,0.5045786600235188,0.010907220070117463,0.002540981634674422,-0.00827597060278451,0.13180407215962026,0.012991488973952742,0.13,2
2026-04-07,71940.703125,72732.4296875,67740.5078125,68859.375,44650511480,59.41549110452052,68705.14568582193,68926.44100835992,0.04474125312086663,11.0,70753.40625,-0.01650382639348161,0.04474125312086663,0.07553058450639161,0.5941549110452052,0.04709337862368823,0.04373157923930071,-0.003210601320778328,0.2555825843632544,0.018180182340077452,0.11,0
2026-04-08,71123.359375,72825.1875,70707.46875,71950.1484375,42444631703,56.49699656650321,69077.1785610801,69089.17570218511,-0.011361353371537541,17.0,74484.640625,0.04725987747959916,-0.011361353371537541,0.06263542231686237,0.5649699656650321,0.02962166169121394,0.029442870784613495,-0.00017364718833412507,0.208084195764845,0.018760289566720045,0.17,2
2026-04-09,71767.828125,73107.265625,70486.359375,71120.5703125,38799581473,58.238857065461296,69491.12464783702,69287.5944001714,0.009061281070850802,14.0,74181.609375,0.033633193494386524,0.009061281070850802,0.06653705144646826,0.5823885706546129,0.032762507279896935,0.035796216426623007,0.002937470256076935,0.11756749728111043,0.0187292034454761,0.14,2
2026-04-10,72979.046875,73440.1171875,71434.828125,71774.3671875,37722595732,61.36947550431005,70027.72806740056,69561.03532423277,0.016876904061948084,16.0,74805.078125,0.025021308556244418,0.016876904061948084,0.05794488884821791,0.6136947550431006,0.04214500297309143,0.049136870014016454,0.00670911151613085,0.06562267302220944,0.018249326933015966,0.16,1
2026-04-11,73054.2734375,73784.234375,72556.3359375,72976.125,23287073965,61.56220560017331,70493.35043203123,69819.79370299331,0.0010307967248304184,15.0,75152.1328125,0.02871644978845458,0.0010307967248304184,0.06091280542968969,0.615622056001733,0.03632857552909163,0.046326114171374666,0.009647074179324644,-0.4070370906147313,0.018094460171256748,0.15,1
2026-04-12,70753.40625,73154.03125,70540.5703125,73056.046875,29882740487,52.87338096914286,70533.35901941104,69888.95018795677,-0.031495312720733026,16.0,77126.875,0.09008002706583473,-0.031495312720733026,-0.01650382639348158,0.5287338096914286,0.0031197611123043867,0.012368994808455325,0.009220468038527274,-0.12625983352792455,0.020591159243926637,0.16,2
2026-04-13,74484.640625,74896.3125,70588.5234375,70757.6171875,52278211554,62.19242468977815,71141.24849719396,70229.37170181182,0.05273575609654846,12.0,75726.2109375,0.016668809865792382,0.05273575609654846,0.047259877479599144,0.6219242468977815,0.04699653433743034,0.060591015127626546,0.012984265319272659,0.4153565507328114,0.02520685993425803,0.12,1
2026-04-14,74181.609375,76061.7578125,73877.203125,74478.3984375,53540826530,61.13508351130148,71608.99632454873,70522.1300479739,-0.004068372317531099,21.0,73856.3515625,-0.004384615206388544,-0.004068372317531099,0.03363319349438654,0.6113508351130148,0.03592583589346221,0.05189121945886588,0.01541170517446755,0.41329054438482077,0.025615827827616944,0.21,1
2026-04-15,74805.078125,75409.2734375,73549.203125,74182.0234375,38090174312,62.54595776898205,72100.70121692585,70839.38546108695,0.008404626904874313,23.0,75872.5234375,0.014269690497699751,0.008404626904874313,0.025021308556244515,0.6254595776898205,0.037508330188601446,0.05598146621544964,0.017805289354631215,0.0740341308847299,0.025064299551062076,0.23,1
2026-04-16,75152.1328125,75506.5703125,73346.265625,74810.875,41312783855,63.343672173389685,72570.15223162957,71158.84822785828,0.004639453579876829,23.0,76352.7734375,0.015976135075175115,0.004639453579876829,0.028716449788454668,0.6334367217338969,0.03557909831343964,0.056117892350573184,0.019833148496897435,0.162585578713381,0.024855997345279702,0.23,1
2026-04-17,77126.875,78320.6796875,74558.6015625,75164.0390625,54137194839,67.57542423197064,73271.18650368656,71600.92428505397,0.02627659540184779,21.0,78203.1015625,0.013953975997342043,0.02627659540184779,0.09008002706583462,0.6757542423197065,0.05262216541449671,0.07717708633126574,0.023327383484367026,0.3867265487676698,0.022483132641953587,0.21,1
2026-04-18,75726.2109375,77416.703125,75504.9453125,77136.046875,26014416776,62.09938185419453,73648.8825704271,71906.50107412404,-0.01816051878803593,26.0,78268.953125,0.03357809873253306,-0.01816051878803593,0.016668809865792333,0.6209938185419454,0.028205836865025757,0.05312050796962642,0.024231209560689804,-0.35206614723604196,0.023198579898040805,0.26,2
2026-04-19,73856.3515625,76243.09375,73802.3828125,75723.6953125,30931515195,55.619531324721244,73680.80087689986,72050.93444363336,-0.024692366775663332,27.0,77455.3125,0.04872920014813384,-0.024692366775663332,-0.0043846152063885535,0.5561953132472124,0.0023825838415281186,0.025057511506378027,0.02262103116152603,-0.16975773533992702,0.02516186064700194,0.27,2
2026-04-20,75872.5234375,76575.359375,73775.5703125,73854.25,39674447916,60.415793788178476,74017.98896314602,72334.0151098457,0.027298557704868998,29.0,77612.015625,0.022926510266037307,0.027298557704868998,0.014269690497699772,0.6041579378817847,0.025055185912675304,0.04891900888234613,0.023280525085508597,0.08371756150812017,0.025995379511064103,0.29,1
2026-04-21,76352.7734375,76881.4765625,74852.671875,75872.828125,36453522626,61.4835732212492,74377.1865745851,72631.70091189416,0.0063296958930805225,33.0,78657.5390625,0.030185748614444362,0.0063296958930805225,0.015976135075175035,0.614835732212492,0.02656173154565078,0.05123207193123114,0.024032008624006895,-0.000935426164614434,0.025977670646023014,0.33,1
2026-04-22,78203.1015625,79468.0,76159.578125,76354.21875,48336654537,65.36057777083832,74965.78888041816,73044.39725638348,0.024233934691509473,32.0,77366.625,-0.01069620700186024,0.024233934691509473,0.013953975997341939,0.6536057777083832,0.04318386734041901,0.07062422991882089,0.02630443533253679,0.26894116788316197,0.023169580201454765,0.32,1
2026-04-23,78268.953125,78676.9375,77014.453125,78203.875,40354900916,65.49370004587315,75473.9679949692,73431.40139479951,0.0008420581944230676,46.0,76350.671875,-0.024508840011395003,0.0008420581944230676,0.033578098732533146,0.6549370004587316,0.037032439187735466,0.06587851570735626,0.02781598282712805,0.06499987037252943,0.017797631942567862,0.46,0
2026-04-24,77455.3125,78554.09375,77318.4453125,78263.8203125,32784213526,62.30750975745974,75778.79022651241,73729.46888407363,-0.010395445352393673,39.0,75776.1328125,-0.021679335261864704,-0.010395445352393673,0.04872920014813387,0.6230750975745974,0.022123898632800065,0.050533981490963775,0.027795145868485305,-0.16487232321058384,0.018266481427966573,0.39,0
2026-04-25,77612.015625,77882.640625,77184.6640625,77457.2109375,16702933134,62.684037127934765,76060.82490320281,74017.06493895706,0.0020231423764509593,31.0,76304.3203125,-0.01684913478885055,0.0020231423764509593,0.022926510266037203,0.6268403712793477,0.020394082285740023,0.048569214261707794,0.02761201036451899,-0.8310933572176394,0.018225471602284705,0.31,0
2026-04-26,78657.5390625,78923.5625,77334.890625,77613.1171875,21482934750,65.18307550132172,76460.31938924853,74360.8037629232,0.013471154293320797,33.0,78179.0,-0.00608382957569726,0.013471154293320797,0.03018574861444434,0.6518307550132172,0.028736731559617645,0.057782260036828514,0.028234170693192118,-0.5555900868976446,0.018480737996959772,0.33,1
2026-04-27,77366.625,79488.171875,76481.34375,78661.015625,38135631927,59.85323578080851,76599.75102167184,74583.45718789185,-0.01641182876919478,47.0,78657.25,0.01668193487825015,-0.01641182876919478,-0.010696207001860247,0.5985323578080851,0.010011442179638452,0.0373161545072489,0.02703406237525985,0.027037628959198937,0.017868983660017636,0.47,1
2026-04-28,76350.671875,77483.8671875,75673.6015625,77368.1171875,32056900880,55.974162970603395,76561.4311529531,74714.3619795295,-0.013131671764148978,33.0,78538.2265625,0.028651413717503713,-0.013131671764148978,-0.024508840011394972,0.5597416297060339,-0.0027528126731597435,0.021900874907006873,0.024721741904584205,-0.13250742348802103,0.017350145873770186,0.33,1
2026-04-29,75776.1328125,77884.96875,74958.5703125,76350.6875,41460907886,53.84873506922439,76440.61602365262,74793.01167086064,-0.007525003361340765,26.0,79827.90625,0.05347031165506537,-0.007525003361340765,-0.02167933526186472,0.5384873506922438,-0.008692802932762977,0.013144558825438857,0.022028854247005736,0.12110190356394052,0.015252832501861147,0.26,2
2026-04-30,76304.3203125,76611.484375,75318.984375,75778.6328125,29497862305,55.52085877567686,76419.64745270606,74904.96045913022,0.00697036758667724,29.0,80927.0546875,0.0605828655057519,0.00697036758667724,-0.01684913478885053,0.5552085877567685,-0.001509129445767643,0.01868180484700077,0.020221451080029373,-0.2080725740772556,0.012756630152725353,0.29,2
2026-05-01,78179.0,78894.9765625,76294.6953125,76305.0546875,39164328894,60.93135154319167,76690.31707536668,75147.48190660206,0.024568460603834108,26.0,81427.53125,0.04155247892656596,0.024568460603834108,-0.006083829575697308,0.6093135154319167,0.019411615200004118,0.04034091384679672,0.020530763368520555,0.05375444639603773,0.014800504833503168,0.26,2
2026-05-02,78657.25,79119.7890625,78031.9609375,78177.75,16761531851,62.194763477838926,76992.92214069488,75407.46472833524,0.006117371672699878,39.0,80009.9921875,0.017197933915818312,0.006117371672699878,0.016681934878250093,0.6219476347783892,0.021616634529908696,0.04309633380955735,0.021025205104977962,-0.7770907350832583,0.012815395687184105,0.39,1
2026-05-03,78538.2265625,79402.359375,78073.078125,78656.7265625,20544392639,61.66034101578431,77230.66128251105,75639.37301234744,-0.00151319093281288,47.0,80186.765625,0.020990276132452617,-0.00151319093281288,0.028651413717503793,0.6166034101578431,0.016930649799900666,0.03832466392442657,0.021037829992375023,-0.5290934158339934,0.012833162609232432,0.47,1
2026-05-04,79827.90625,80742.359375,78217.9609375,78540.2890625,54325085296,65.15427315002523,77630.2374313555,75949.63473365504,0.016421044171065935,40.0,80664.3671875,0.01047830234805889,0.016421044171065935,0.05347031165506544,0.6515427315002523,0.028309443476683738,0.051063728350314364,0.022127857541304863,0.4421807875867689,0.01312123218370496,0.4,1
2026-05-05,80927.0546875,81751.453125,79787.578125,79823.53125,39700107376,67.84388130517279,78137.44008614696,76318.33250801393,0.013768974900303155,50.0,82138.9296875,0.014974905545242664,0.013768974900303155,0.06058286550575187,0.6784388130517278,0.03570138205548412,0.06038814041176965,0.023835787789808105,0.12624547799257207,0.013533478672491366,0.5,1
2026-05-06,81427.53125,82792.2109375,80751.0234375,80930.734375,41751540000,69.01656563316806,78643.60795750897,76696.79167408697,0.006184292316489204,46.0,81728.296875,0.003693660121864495,0.006184292316489204,0.041552478926565994,0.6901656563316806,0.03539923160691183,0.06168106217552993,0.025383281893912146,0.1760011741894689,0.0131746424810079,0.46,1
2026-05-07,80009.9921875,81684.953125,79522.65625,81428.8515625,36931193154,62.107812049892,78853.82091596912,76942.21393433979,-0.017408596831308243,47.0,80477.4921875,0.005843020193083305,-0.017408596831308243,0.017197933915818364,0.62107812049892,0.014662209872657428,0.0398711980887132,0.02484470986577847,0.0781987554100703,0.013345075894044427,0.47,1
2026-05-08,80186.765625,80447.265625,79205.515625,80009.625,33789351540,62.61045910922615,79058.8893327431,77182.55109661091,0.0022093920105095144,38.0,79277.1171875,-0.011344121818730608,0.0022093920105095144,0.020990276132452523,0.6261045910922615,0.0142662805128706,0.038923493531959785,0.024310394117234235,-0.022030202077706625,0.012046295084220527,0.38,1
2026-05-09,80664.3671875,81030.0625,80119.9296875,80187.7421875,18102086996,63.999932374629516,79305.88592578261,77440.46339963973,0.0059561145630133705,38.0,81051.25,0.004796204643875921,0.0059561145630133705,0.010478302348058799,0.6399993237462952,0.01712963982255622,0.04163073987849186,0.024088473186377524,-0.6274033072379711,0.011217254739661071,0.38,1
2026-05-10,82138.9296875,82430.171875,80274.1328125,80665.609375,26965971077,67.95896214182514,79741.73881220067,77788.49793948124,0.01828022150812214,47.0,79065.6796875,-0.03741526717833153,0.01828022150812214,0.014974905545242612,0.6795896214182514,0.030061933825457965,0.05592641410049293,0.025109636057493168,-0.20993313583639517,0.011842043600733414,0.47,0
2026-05-11,81728.296875,82326.234375,80451.421875,82139.046875,32409774919,65.78918511979649,80047.36312955442,78080.33489766782,-0.004999247178679611,48.0,78131.4375,-0.04400996365434172,-0.004999247178679611,0.0036936601218644505,0.6578918511979649,0.020999239446839013,0.04672062411250155,0.025192364178055593,-0.01995219464496928,0.010734784226036041,0.48,0
2026-05-12,80477.4921875,81753.03125,79832.1015625,81725.3515625,32186688600,59.55204395170502,80113.53683077681,78257.90210432207,-0.015304426194186482,49.0,77429.3515625,-0.037875690980756556,-0.015304426194186482,0.005843020193083248,0.5955204395170502,0.004542994494076247,0.028362504277447798,0.02371178726438483,-0.0021330249482960036,0.012386823448554834,0.49,0
2026-05-13,79277.1171875,81276.671875,78725.5078125,80476.7890625,34075428359,54.23775798391304,79984.8568856573,78333.39951789081,-0.014915661104390687,42.0,76954.171875,-0.029301586572654408,-0.014915661104390687,-0.011344121818730568,0.5423775798391304,-0.008848421135128737,0.012047449433030932,0.021082416669396586,0.06467222034400164,0.01352516281062571,0.42,0
2026-05-14,81051.25,82005.9609375,78909.6796875,79276.9453125,43731663431,59.92928968743485,80148.91736478695,78534.72177582482,0.022378876470797504,34.0,76750.90625,-0.05305709350565229,0.022378876470797504,0.004796204643875868,0.5992928968743485,0.011258201169533022,0.03204351103908598,0.020553909818001426,0.2971765040090577,0.014383012862789904,0.34,0
2026-05-15,79065.6796875,81634.84375,78635.3671875,81046.8671875,38183347368,52.11689422902298,79982.26541443511,78574.05199150446,-0.024497713637975926,43.0,77457.7734375,-0.02033633627580393,-0.024497713637975926,-0.037415267178331546,0.5211689422902298,-0.011459862035486768,0.0062568708566626,0.017922117890559086,0.12898009062204516,0.015809841653290906,0.43,0
2026-05-16,78131.4375,79173.5,77630.734375,79066.0,25895799905,48.887634338758986,79697.52265836817,78541.2657328745,-0.0118160267665125,31.0,77539.171875,-0.007580375377068929,-0.0118160267665125,-0.04400996365434173,0.48887634338758984,-0.01965036184476343,-0.005217998832210746,0.014721648737189952,-0.2658911276029832,0.015772373885324827,0.31,1
2026-05-17,77429.3515625,78539.3984375,76783.4140625,78133.5859375,20900166465,46.55315991951853,79348.57325900384,78458.90172025416,-0.008985959556932488,27.0,75488.2421875,-0.025069425687146055,-0.008985959556932488,-0.037875690980756604,0.4655315991951853,-0.024187223760649745,-0.013122158673913531,0.011339332048284412,-0.4543750868739722,0.015191673327866995,0.27,0
2026-05-18,76954.171875,77749.3203125,76029.2265625,77426.34375,41520471808,44.98737179256139,78980.20381531093,78347.44025023533,-0.006136945201154598,28.0,76673.3671875,-0.0036489858919685762,-0.006136945201154598,-0.02930158657265436,0.4498737179256139,-0.02565240202530561,-0.017783202243562113,0.008076378284403551,0.21778385783796075,0.01509227365042578,0.28,1
2026-05-19,76750.90625,77346.8671875,76082.3671875,76954.75,26031898332,44.3009553506347,78637.23495910925,78229.17847244012,-0.002641385386229267,25.0,76981.125,0.002999557415649408,-0.002641385386229267,-0.05305709350565224,0.443009553506347,-0.02398772935098903,-0.018896686010334562,0.005216167351327572,-0.22570823533187495,0.014701664049309313,0.25,1
2026-05-20,77457.7734375,77775.5703125,76463.6484375,76749.453125,26668360936,47.3116730132799,78455.77934040014,78172.03735874085,0.009209887179670861,27.0,77279.9296875,-0.0022960090654232474,0.009209887179670861,-0.02033633627580389,0.473116730132799,-0.012720616776618066,-0.009137076957109524,0.003629711994804108,-0.19720696219728562,0.013331023511207223,0.27,1
2026-05-21,77539.171875,78100.5625,76655.4375,77462.5078125,27141485404,47.66250416801708,78314.76280726165,78125.15843401931,0.0010508749979196708,29.0,75825.734375,-0.022097701826919336,0.0010508749979196708,-0.007580375377068904,0.4766250416801708,-0.009903508667585936,-0.007500612744538615,0.002426931055793835,-0.16094110542235174,0.013506072611863552,0.29,0
2026-05-22,75488.2421875,77819.453125,75323.875,77538.1171875,27859040109,40.368788246741175,77879.91348114447,77929.8313046475,-0.02645023976792371,28.0,74344.703125,-0.015148571875069534,-0.02645023976792371,-0.025069425687146096,0.4036878824674118,-0.030709732288332847,-0.031330609553133826,-0.0006405483326132888,-0.15210192888915497,0.014830665031416512,0.28,0
2026-05-23,76673.3671875,77288.1171875,74255.234375,75488.3125,29973220002,45.553667973818015,77694.29097442992,77836.7598885625,0.015699464786268935,28.0,73536.5546875,-0.04091137007624979,0.015699464786268935,-0.0036489858919686036,0.45553667973818013,-0.013140267761320157,-0.014946571552157506,-0.0018303551475749025,-0.09338515840930806,0.015966484162050536,0.28,0
2026-05-24,76981.125,77372.5390625,76019.890625,76670.65625,20572738918,46.84616416768005,77584.57313220993,77773.37952644678,0.004013881531345742,25.0,73372.5234375,-0.04687644617430572,0.004013881531345742,0.00299955741564939,0.4684616416768005,-0.007777939709504023,-0.010186705673210117,-0.002427648063983656,-0.41707658973084005,0.01357160679930334,0.25,0
2026-05-25,77279.9296875,77804.921875,76833.0390625,76981.125,19808387601,48.13355418567918,77537.70490994687,77736.82768652479,0.0038815318365379436,30.0,73754.8359375,-0.04561460866041889,0.0038815318365379436,-0.0022960090654232657,0.4813355418567918,-0.003324514476489293,-0.0058774973538570086,-0.002561498616600155,-0.4225616410102027,0.011921150914757647,0.3,0
2026-05-26,75825.734375,77990.8671875,75569.46875,77280.125,35999475458,42.71176017398335,77274.32482764735,77595.26521900443,-0.01881724424932052,34.0,73579.6875,-0.029621168769590304,-0.01881724424932052,-0.02209770182691939,0.4271176017398335,-0.018746077120418536,-0.022804623954955527,-0.004136082149487685,0.18439825395048878,0.012725926108005025,0.34,0
2026-05-27,74344.703125,76014.296875,74136.5,75825.3046875,33802172927,38.01521312598709,76823.61379647083,77354.48284167076,-0.019532039646005694,25.0,71319.7734375,-0.04068789786427707,-0.019532039646005694,-0.015148571875069572,0.3801521312598709,-0.03226756135214126,-0.038908924293776015,-0.006862809053827079,0.12665862861566105,0.013685495614764636,0.25,0
2026-05-28,73536.5546875,74460.125,72493.4140625,74339.5703125,40148145327,35.707897106760214,76317.91239509071,77071.67334876923,-0.010870289388891785,22.0,66703.65625,-0.09291839230892714,-0.010870289388891785,-0.04091137007624979,0.3570789710676021,-0.03644436306370491,-0.045867937047012086,-0.009779999848550713,0.28809040374538525,0.013849556632280057,0.22,0
2026-05-29,73372.5234375,74218.5625,72435.625,73537.03125,34457929250,35.24036632870717,75864.77563238444,76797.66224423076,-0.00223060831034394,23.0,64014.3671875,-0.12754306123833184,-0.00223060831034394,-0.04687644617430575,0.3524036632870717,-0.03285124320357924,-0.04459951913429583,-0.012147330850769467,0.10844561261987702,0.013856109995733345,0.23,0
2026-05-30,73754.8359375,74020.7578125,73125.234375,73370.8515625,19563589191,37.30091887725995,75540.16952547914,76572.26770299145,0.0052105676905831455,23.0,63801.57421875,-0.1349506319447909,0.0052105676905831455,-0.04561460866041889,0.37300918877259953,-0.023634227976903843,-0.03679441460999566,-0.013478746398312369,-0.445579615471995,0.013471883337155233,0.23,0
2026-05-31,73579.6875,74153.5,73315.015625,73753.75,17445435650,36.72440922609833,75238.55690617466,76350.59509536246,-0.002374738351372918,28.0,60922.66796875,-0.17201784842114204,-0.002374738351372918,-0.02962116876959031,0.3672440922609833,-0.022048128969875624,-0.03629189257662724,-0.014564892229049997,-0.5353723666129443,0.013349449529743557,0.28,0
2026-06-01,71319.7734375,73969.5703125,70599.5078125,73580.2109375,43378836121,30.23177374288747,74635.66714176317,75977.9416392245,-0.030713830668280595,29.0,60867.4140625,-0.1465562616258136,-0.030713830668280595,-0.04068789786427707,0.3023177374288747,-0.04442773584330606,-0.06130948142611525,-0.017666634137510795,0.35691556606957314,0.014149548299770569,0.29,0
2026-06-02,66703.65625,71334.953125,66127.265625,71321.03125,54990073882,21.766733219124276,73415.35777379961,75290.95753631898,-0.06472422674681189,23.0,63239.51953125,-0.051933235949865944,-0.06472422674681189,-0.09291839230892718,0.21766733219124276,-0.09142094688796676,-0.11405488211750558,-0.02491135488102425,0.5602297789755206,0.02160603606254643,0.23,0
2026-06-03,64014.3671875,67402.9296875,64009.67578125,66694.0078125,47411556213,18.514238435227497,71969.05152975352,74455.65454751758,-0.04031696632071802,11.0,63090.58984375,-0.014430781468857273,-0.04031696632071802,-0.1275430612383318,0.18514238435227498,-0.11052923684793714,-0.14023498179515637,-0.033397101037868304,0.406101155280323,0.022128463954418278,0.11,1
2026-06-04,63801.57421875,64664.4453125,61335.75,64020.0703125,63800151780,18.2814621393277,70712.5165588299,73666.46341205332,-0.0033241439086123536,12.0,61643.78125,-0.033820371913579964,-0.0033241439086123536,-0.13495063194479096,0.182814621393277,-0.09773294285645007,-0.13391289246673976,-0.040098936699329735,0.6632424366960137,0.02144166334677185,0.12,0
2026-06-05,60922.66796875,63901.515625,59108.91796875,63807.69140625,71465606706,15.451071192071879,69206.38600650991,72722.47856440122,-0.04512280904119048,12.0,61449.2890625,0.008644091129103667,-0.04512280904119048,-0.1720178484211421,0.1545107119207188,-0.11969586212724215,-0.1622580917013382,-0.04834945985480321,0.7096788322857077,0.023004850876539532,0.12,1
2026-06-06,60867.4140625,61491.703125,59496.625,60924.4765625,30898464957,15.401784837343229,67923.467245893,71844.32563833446,-0.0009069515189049637,12.0,63561.0546875,0.04425423137303173,-0.0009069515189049637,-0.1465562616258136,0.1540178483734323,-0.10388240573539986,-0.15278745368273638,-0.05457436419097483,-0.1429543359156553,0.023909067165493764,0.12,2
2026-06-07,63239.51953125,64128.04296875,60724.06640625,60866.94140625,36006496194,26.27457663155363,67202.85990517869,71206.93259336524,0.03897168140434348,12.0,63543.19921875,0.004802055577761557,0.03897168140434348,-0.051933235949865986,0.2627457663155363,-0.0589757694764903,-0.11189097426249217,-0.05623150081540851,0.017802764068614488,0.03026652532171544,0.12,1
2026-06-08,63090.58984375,64185.765625,62384.66796875,63244.0859375,34133252457,26.048221722322126,66570.2029726512,70605.72201931967,-0.0023550097882448773,8.0,64421.32421875,0.021092438322350346,-0.0023550097882448773,-0.014430781468857234,0.26048221722322124,-0.05226982904544719,-0.10643800474858567,-0.05715569406066334,-0.04701139904689582,0.03026092277679543,0.08,1
2026-06-09,61643.78125,63486.08984375,60756.6875,63092.890625,40144449754,23.894604468352654,65812.29193839716,69941.87455492563,-0.022932240724538477,10.0,65710.3984375,0.06596962588987838,-0.022932240724538477,-0.033820371913580005,0.23894604468352654,-0.06333939398887745,-0.11864270664363019,-0.05904306458480024,0.09654203791503001,0.02951687036042736,0.1,2
2026-06-10,61449.2890625,62788.27734375,60788.0234375,61643.20703125,27493506779,23.611987166965307,65141.06072672067,69312.79414807928,-0.0031550982687325035,9.0,66289.5,0.0787675660913998,-0.0031550982687325035,0.008644091129103693,0.23611987166965306,-0.05667349630225349,-0.11344954682940289,-0.06018706174860233,-0.28247506115645804,0.029473792309855088,0.09,2
2026-06-11,63561.0546875,63851.94921875,61447.96875,61448.87890625,29316677897,32.89299228157935,64897.98287453288,68886.73937322156,0.0343659895373587,12.0,65600.640625,0.03208861066776961,0.0343659895373587,0.04425423137303164,0.32892992281579353,-0.020600458254882215,-0.07731073838271718,-0.057903110743534936,-0.22026489750641862,0.03317429590526105,0.12,2
2026-06-12,63543.19921875,64334.015625,62778.79296875,63547.44140625,26881868307,32.856642382988156,64689.554619797054,68490.92158400144,-0.000280918383714468,12.0,64418.4453125,0.013774032540239758,-0.000280918383714468,0.004802055577761477,0.32856642382988155,-0.01772087329684957,-0.07223909754496805,-0.05550176397527595,-0.302730438698494,0.027308261113169887,0.12,1
2026-06-13,64421.32421875,64700.87890625,63431.3203125,63541.515625,16956245530,36.56917234750776,64648.28840425135,68189.46992731615,0.013819338824553329,13.0,62896.47265625,-0.023669981655797565,0.013819338824553329,0.021092438322350304,0.3656917234750776,-0.0035107532017262244,-0.055259935479519906,-0.05193150096106314,-0.7585642037433431,0.024657544829987357,0.13,0
2026-06-14,65710.3984375,65749.78125,63634.0234375,64420.16796875,21572226975,41.66810485522385,64811.68994782807,68005.83500214458,0.020010054657876974,18.0,63540.8359375,-0.03301703461840312,0.020010054657876974,0.06596962588987831,0.41668104855223853,0.013866456659213267,-0.03375352371707796,-0.046968691057403866,-0.5202266743646546,0.02530805839299968,0.18,0
2026-06-15,66289.5,67248.1328125,65315.8359375,65711.109375,32927321950,43.85172359075272,65039.04534046991,67878.6990760598,0.00881293640382963,20.0,64239.67578125,-0.03092230622873909,0.00881293640382963,0.07876756609139979,0.43851723590752717,0.019226214852695822,-0.023412338446248904,-0.041834239227360404,-0.09308922739249399,0.018754314522216712,0.2,0
2026-06-16,65600.640625,66928.609375,65315.0703125,66289.4609375,25063963967,41.845056166371684,65125.444615012995,67709.95400561093,-0.010391681563445165,23.0,63237.5390625,-0.03602253788965952,-0.010391681563445165,0.03208861066776958,0.41845056166371686,0.0072966259623425955,-0.03115219042145756,-0.03817030196747373,-0.3537977194245304,0.01951491784834387,0.23,0
2026-06-17,64418.4453125,66354.625,63870.9296875,65600.4296875,31288885189,38.582053597838524,65016.67549154945,67466.13854686197,-0.01802109402037566,22.0,63952.10546875,-0.007239228476995077,-0.01802109402037566,0.013774032540239789,0.3858205359783852,-0.009201180689824895,-0.04517367230444114,-0.036306554785421996,-0.11948134007581368,0.017590366464686195,0.22,1
2026-06-18,62896.47265625,64736.921875,62201.14453125,64419.64453125,30432454936,34.817815542148765,64690.490439964924,67127.644777187,-0.0236263487711752,15.0,62668.01953125,-0.003632208856108224,-0.0236263487711752,-0.02366998165579759,0.34817815542148767,-0.02773232621230215,-0.06303173804147744,-0.036306269128189794,-0.14150997734636808,0.01936991429138636,0.15,1
2026-06-19,63540.8359375,63568.22265625,62275.58203125,62897.515625,22361931660,37.593867728372764,64513.62051650879,66861.95523350648,0.010244823819797633,14.0,60995.1328125,-0.04006404837833741,0.010244823819797633,-0.03301703461840311,0.37593867728372765,-0.015078747266398684,-0.049671285926472075,-0.03512213647950391,-0.4536425919143023,0.017810803719698735,0.14,0
2026-06-20,64239.67578125,64307.13671875,63149.66015625,63535.80859375,17486384117,40.55102643159971,64471.47517262281,66667.71231111711,0.01099827903487749,23.0,59721.67578125,-0.0703303674100842,0.01099827903487749,-0.030922306228739038,0.40551026431599707,-0.003595379053328185,-0.03641997671280861,-0.03294304037680418,-0.6996382641957011,0.0178139927487991,0.23,0
2026-06-21,63237.5390625,64506.578125,63221.0,64242.32421875,15739619591,37.785922881194615,64281.638847988535,66413.62540381214,-0.015599965388407244,23.0,60016.4296875,-0.05093666551154779,-0.015599965388407244,-0.03602253788965948,0.37785922881194617,-0.016242581928528566,-0.047822812291916095,-0.03210164394520809,-0.7648285993858348,0.015375753296495778,0.23,0
2026-06-22,63952.10546875,65544.0,63233.53125,63240.7890625,26561496819,40.881443307733385,64230.94140502876,66231.29059380754,0.01129971875635083,20.0,59940.09765625,-0.06273456961413812,0.01129971875635083,-0.0072392284769950965,0.40881443307733384,-0.0043411466526773745,-0.03441251264505241,-0.030202479384658254,-0.19860710048077954,0.01581582297996381,0.2,0
2026-06-23,62668.01953125,64196.5625,61893.20703125,63952.79296875,29608942370,37.2907198703872,63990.49188598587,65967.34458917365,-0.02007886883610832,23.0,59532.33984375,-0.050036361623592776,-0.02007886883610832,-0.0036322088561082655,0.372907198703872,-0.02066670087631406,-0.05001451973655957,-0.029967140795177816,-0.06213323794215953,0.01632891063387581,0.23,0
2026-06-24,60995.1328125,63097.7578125,59029.85546875,62663.03125,42644106535,33.19957056453859,63529.66741314189,65599.03260571635,-0.026694424544815853,17.0,60138.37890625,-0.014046266755147087,-0.026694424544815853,-0.040064048378337436,0.3319957056453859,-0.03989529150466786,-0.07018243425765336,-0.03154566630597122,0.3368295208843284,0.0158029759114478,0.17,1
2026-06-25,59721.67578125,61868.90625,58075.921875,60992.0703125,40625024718,30.460032319735532,62943.82254669699,65163.67284094106,-0.02087801063020267,12.0,58558.859375,-0.0194705923944464,-0.02087801063020267,-0.07033036741008425,0.3046003231973553,-0.051190833906798905,-0.08351274295073119,-0.034065763905950064,0.34029472501928903,0.01521640415194236,0.12,0
2026-06-26,60016.4296875,60647.1875,58269.125,59712.0546875,41502864671,31.861545345077815,62493.45441451284,64782.3955703158,0.004935459402204856,13.0,60003.7578125,-0.0002111401005688156,0.004935459402204856,-0.05093666551154774,0.31861545345077813,-0.03963654674268735,-0.07356884290644594,-0.03533276495338167,0.343496953206925,0.01595721881587094,0.13,1
2026-06-27,59940.09765625,60835.046875,59794.62109375,60016.3125,15099836554,31.6834604045451,62100.63029785702,64423.70683594055,-0.0012718522519159503,15.0,61485.30078125,0.02577912258104038,-0.0012718522519159503,-0.06273456961413815,0.316834604045451,-0.03479083273783734,-0.06959564110628369,-0.036059342937211136,-0.6314253639081676,0.01575275900693835,0.15,1
2026-06-28,59532.33984375,60432.70703125,58879.6328125,59940.3515625,16282230874,30.69643472711597,61705.508689532864,64061.38335503755,-0.006802755224698642,18.0,62544.19921875,0.05059198719393523,-0.006802755224698642,-0.05003636162359282,0.30696434727115973,-0.035218392845880575,-0.07069849688051422,-0.03677526993833524,-0.5240935111914382,0.014647347930591718,0.18,2
2026-06-29,60138.37890625,60682.33984375,58856.1875,59522.7890625,30829983083,33.98799474663427,61464.41179979703,63770.79043290514,0.010179997360940662,12.0,63088.3046875,0.049052299627973896,0.010179997360940662,-0.014046266755147085,0.3398799474663427,-0.02157399468600152,-0.056960428152084575,-0.036166693519891435,0.13140054887262959,0.01463967430470221,0.12,2
2026-06-30,58558.859375,60173.21875,58111.671875,60136.453125,32747419391,29.990085173879407,61017.403734443644,63384.7214656529,-0.026264750729518727,15.0,63547.8828125,0.08519673181390412,-0.026264750729518727,-0.019470592394446373,0.29990085173879405,-0.04029251015240798,-0.07613604633835858,-0.03734839684500413,0.18206661601087062,0.014746427758134537,0.15,2
